item_id,venda_id,produto_id,quantidade,preco_unitario,desconto_pct,preco_final_unitario
1,1,77,4,1305.38,15,1109.57
2,1,12,1,719.76,5,683.77
3,2,49,1,1207.0,20,965.6
4,2,111,2,242.17,10,217.95
5,2,78,2,1222.29,0,1222.29
6,3,34,2,1101.51,20,881.21
7,4,106,4,136.09,0,136.09
8,4,36,2,1158.32,10,1042.49
9,4,9,1,1107.42,20,885.94
10,4,80,2,75.46,0,75.46
11,4,50,4,1462.98,5,1389.83
12,5,65,1,1604.38,0,1604.38
13,6,72,4,1538.12,20,1230.5
14,6,114,4,711.52,5,675.94
15,6,48,1,1326.91,5,1260.56
16,6,108,2,34.47,15,29.3
17,7,120,4,619.03,0,619.03
18,7,20,3,1103.14,0,1103.14
19,7,11,3,1507.26,10,1356.53
20,7,74,3,316.46,20,253.17
21,8,39,4,696.94,5,662.09
22,8,84,4,411.12,0,411.12
23,8,5,3,911.59,10,820.43
24,9,92,4,991.45,0,991.45
25,9,29,1,1039.47,0,1039.47
26,10,49,2,1207.0,5,1146.65
27,10,22,2,72.59,5,68.96
28,10,59,1,1073.3,0,1073.3
29,10,25,3,294.34,0,294.34
30,10,17,3,961.4,0,961.4
31,11,86,3,1446.82,15,1229.8
32,11,18,3,1488.64,0,1488.64
33,11,118,2,666.62,0,666.62
34,11,107,1,1079.93,10,971.94
35,12,77,4,1305.38,0,1305.38
36,12,88,2,1564.93,15,1330.19
37,12,80,3,75.46,20,60.37
38,12,13,1,1655.28,15,1406.99
39,13,74,2,316.46,10,284.81
40,13,88,3,1564.93,20,1251.94
41,13,49,2,1207.0,0,1207.0
42,13,34,3,1101.51,5,1046.43
43,13,29,2,1039.47,0,1039.47
44,14,47,2,1826.55,0,1826.55
45,15,34,1,1101.51,20,881.21
46,15,26,2,318.31,0,318.31
47,16,91,3,686.63,20,549.3
48,17,64,3,975.06,0,975.06
49,17,52,4,452.83,20,362.26
50,17,4,4,718.58,15,610.79
51,17,48,3,1326.91,5,1260.56
52,17,93,3,142.55,20,114.04
53,18,52,3,452.83,15,384.91
54,18,76,3,1456.37,0,1456.37
55,18,92,3,991.45,0,991.45
56,18,115,4,773.15,0,773.15
57,19,61,4,817.65,20,654.12
58,19,110,1,732.42,5,695.8
59,19,35,2,573.05,0,573.05
60,19,51,2,612.81,0,612.81
61,19,50,2,1462.98,0,1462.98
62,20,48,1,1326.91,10,1194.22
63,20,3,3,157.77,20,126.22
64,20,69,3,754.87,10,679.38
65,21,105,3,145.52,0,145.52
66,22,77,3,1305.38,10,1174.84
67,22,19,4,1076.96,5,1023.11
68,22,42,3,991.9,20,793.52
69,22,101,4,694.55,0,694.55
70,23,110,2,732.42,0,732.42
71,24,112,3,588.08,20,470.46
72,24,36,1,1158.32,0,1158.32
73,24,18,2,1488.64,5,1414.21
74,24,31,1,571.41,20,457.13
75,25,7,2,1212.38,0,1212.38
76,25,86,2,1446.82,5,1374.48
77,25,34,1,1101.51,0,1101.51
78,26,114,1,711.52,5,675.94
79,26,40,4,370.53,0,370.53
80,26,28,4,1431.57,0,1431.57
81,27,117,1,562.18,0,562.18
82,28,83,3,1712.06,0,1712.06
83,28,88,2,1564.93,0,1564.93
84,28,94,1,620.17,0,620.17
85,28,16,4,1450.72,0,1450.72
86,28,64,3,975.06,0,975.06
87,29,27,3,295.55,15,251.22
88,29,47,2,1826.55,5,1735.22
89,30,103,4,196.23,0,196.23
90,30,59,1,1073.3,5,1019.63
91,30,34,2,1101.51,15,936.28
92,30,35,2,573.05,20,458.44
93,30,109,1,1167.12,15,992.05
94,31,53,2,854.86,0,854.86
95,31,102,4,1036.41,5,984.59
96,31,44,4,1125.17,0,1125.17
97,31,113,4,392.3,5,372.69
98,31,95,3,1360.9,5,1292.86
99,32,25,1,294.34,0,294.34
100,32,60,3,485.33,0,485.33
101,33,119,3,505.7,20,404.56
102,34,105,1,145.52,0,145.52
103,34,57,3,391.73,0,391.73
104,35,85,2,534.69,5,507.96
105,35,6,2,1063.05,15,903.59
106,35,5,2,911.59,0,911.59
107,35,4,3,718.58,0,718.58
108,35,118,3,666.62,5,633.29
109,36,16,1,1450.72,10,1305.65
110,36,55,3,558.58,0,558.58
111,37,89,2,1283.76,20,1027.01
112,37,102,4,1036.41,10,932.77
113,37,16,1,1450.72,5,1378.18
114,37,99,2,158.54,0,158.54
115,37,118,2,666.62,0,666.62
116,38,49,3,1207.0,0,1207.0
117,38,80,2,75.46,10,67.91
118,39,23,2,294.57,10,265.11
119,39,117,4,562.18,20,449.74
120,39,93,2,142.55,0,142.55
121,39,4,2,718.58,15,610.79
122,40,79,2,150.11,0,150.11
123,40,46,2,591.45,0,591.45
124,40,106,2,136.09,15,115.68
125,41,30,2,459.89,0,459.89
126,41,90,3,1058.02,0,1058.02
127,41,79,4,150.11,15,127.59
128,41,25,2,294.34,20,235.47
129,42,29,4,1039.47,5,987.5
130,42,17,1,961.4,10,865.26
131,42,30,3,459.89,0,459.89
132,43,51,4,612.81,0,612.81
133,43,12,2,719.76,5,683.77
134,43,117,4,562.18,20,449.74
135,43,7,1,1212.38,20,969.9
136,44,104,4,497.57,0,497.57
137,44,21,1,211.59,0,211.59
138,44,107,4,1079.93,0,1079.93
139,44,110,2,732.42,5,695.8
140,44,26,1,318.31,0,318.31
141,45,29,2,1039.47,15,883.55
142,45,115,1,773.15,20,618.52
143,45,72,4,1538.12,15,1307.4
144,45,87,4,349.08,15,296.72
145,45,81,3,171.62,10,154.46
146,46,100,2,856.08,0,856.08
147,46,52,4,452.83,20,362.26
148,46,62,3,310.74,0,310.74
149,47,27,2,295.55,0,295.55
150,47,28,2,1431.57,15,1216.83
151,48,3,3,157.77,0,157.77
152,48,82,2,1060.64,0,1060.64
153,48,14,2,176.35,15,149.9
154,48,97,2,700.41,0,700.41
155,48,78,3,1222.29,5,1161.18
156,49,49,2,1207.0,20,965.6
157,50,44,4,1125.17,0,1125.17
158,50,28,4,1431.57,20,1145.26
159,50,48,2,1326.91,0,1326.91
160,50,84,1,411.12,10,370.01
161,50,7,1,1212.38,0,1212.38
162,51,88,1,1564.93,20,1251.94
163,51,102,2,1036.41,0,1036.41
164,51,63,4,364.09,15,309.48
165,51,36,3,1158.32,0,1158.32
166,52,40,3,370.53,0,370.53
167,52,99,1,158.54,15,134.76
168,52,16,1,1450.72,0,1450.72
169,52,84,4,411.12,0,411.12
170,52,72,4,1538.12,15,1307.4
171,53,66,3,773.07,15,657.11
172,54,30,4,459.89,15,390.91
173,54,74,3,316.46,5,300.64
174,54,107,1,1079.93,0,1079.93
175,54,93,3,142.55,20,114.04
176,55,6,1,1063.05,20,850.44
177,55,47,2,1826.55,15,1552.57
178,55,41,1,1707.07,0,1707.07
179,55,33,1,81.59,5,77.51
180,56,10,3,62.65,0,62.65
181,56,73,4,1445.84,0,1445.84
182,56,99,1,158.54,10,142.69
183,57,74,4,316.46,10,284.81
184,58,76,4,1456.37,10,1310.73
185,58,42,4,991.9,0,991.9
186,59,8,1,741.42,20,593.14
187,59,62,2,310.74,0,310.74
188,60,22,1,72.59,0,72.59
189,60,56,4,847.46,0,847.46
190,60,21,2,211.59,15,179.85
191,61,20,3,1103.14,0,1103.14
192,62,74,4,316.46,10,284.81
193,62,32,4,939.08,5,892.13
194,63,73,4,1445.84,0,1445.84
195,63,83,1,1712.06,0,1712.06
196,63,59,4,1073.3,5,1019.63
197,63,52,4,452.83,0,452.83
198,63,5,1,911.59,20,729.27
199,64,99,4,158.54,15,134.76
200,64,24,1,769.21,5,730.75
201,64,17,3,961.4,15,817.19
202,64,57,4,391.73,15,332.97
203,64,84,4,411.12,0,411.12
204,65,108,2,34.47,15,29.3
205,65,82,3,1060.64,0,1060.64
206,66,78,1,1222.29,15,1038.95
207,67,43,3,470.47,0,470.47
208,67,40,2,370.53,0,370.53
209,67,25,2,294.34,0,294.34
210,67,4,2,718.58,0,718.58
211,68,9,3,1107.42,5,1052.05
212,68,46,4,591.45,0,591.45
213,68,108,3,34.47,10,31.02
214,68,4,4,718.58,20,574.86
215,68,100,3,856.08,5,813.28
216,69,92,1,991.45,0,991.45
217,70,54,4,1069.07,5,1015.62
218,70,72,3,1538.12,0,1538.12
219,71,86,3,1446.82,10,1302.14
220,71,98,4,316.71,10,285.04
221,71,56,4,847.46,0,847.46
222,71,64,1,975.06,5,926.31
223,71,52,2,452.83,5,430.19
224,72,55,3,558.58,20,446.86
225,72,89,3,1283.76,0,1283.76
226,72,5,1,911.59,5,866.01
227,73,46,2,591.45,5,561.88
228,73,41,2,1707.07,0,1707.07
229,74,95,2,1360.9,5,1292.86
230,74,50,4,1462.98,0,1462.98
231,74,35,1,573.05,15,487.09
232,74,73,3,1445.84,0,1445.84
233,74,55,4,558.58,0,558.58
234,75,27,3,295.55,10,266.0
235,75,7,4,1212.38,15,1030.52
236,75,89,1,1283.76,0,1283.76
237,76,45,2,906.51,5,861.18
238,76,15,4,935.03,15,794.78
239,76,21,2,211.59,5,201.01
240,77,31,3,571.41,10,514.27
241,77,11,3,1507.26,10,1356.53
242,77,110,3,732.42,10,659.18
243,78,45,4,906.51,0,906.51
244,78,119,3,505.7,0,505.7
245,78,37,3,533.72,20,426.98
246,78,53,3,854.86,15,726.63
247,79,40,3,370.53,20,296.42
248,79,91,1,686.63,20,549.3
249,80,79,2,150.11,20,120.09
250,80,16,2,1450.72,20,1160.58
251,80,51,3,612.81,0,612.81
252,81,58,3,710.63,5,675.1
253,81,37,3,533.72,0,533.72
254,81,29,2,1039.47,0,1039.47
255,81,74,2,316.46,0,316.46
256,81,113,3,392.3,10,353.07
257,82,17,2,961.4,10,865.26
258,82,78,3,1222.29,0,1222.29
259,82,93,2,142.55,0,142.55
260,82,62,1,310.74,0,310.74
261,83,58,1,710.63,20,568.5
262,83,17,4,961.4,20,769.12
263,83,8,1,741.42,5,704.35
264,83,89,3,1283.76,0,1283.76
265,83,23,3,294.57,0,294.57
266,84,81,4,171.62,0,171.62
267,84,91,3,686.63,5,652.3
268,84,101,2,694.55,20,555.64
269,85,5,1,911.59,0,911.59
270,85,32,3,939.08,0,939.08
271,86,56,1,847.46,0,847.46
272,86,109,2,1167.12,10,1050.41
273,86,39,1,696.94,20,557.55
274,86,49,1,1207.0,0,1207.0
275,86,119,3,505.7,0,505.7
276,87,100,2,856.08,15,727.67
277,87,15,4,935.03,0,935.03
278,88,111,4,242.17,0,242.17
279,88,46,3,591.45,10,532.31
280,88,68,3,738.25,15,627.51
281,88,91,4,686.63,0,686.63
282,89,56,2,847.46,0,847.46
283,89,104,3,497.57,15,422.93
284,89,11,3,1507.26,10,1356.53
285,89,119,3,505.7,0,505.7
286,89,74,3,316.46,15,268.99
287,90,51,1,612.81,0,612.81
288,90,50,2,1462.98,10,1316.68
289,90,29,3,1039.47,0,1039.47
290,91,38,2,1470.45,0,1470.45
291,91,114,4,711.52,0,711.52
292,92,5,2,911.59,0,911.59
293,92,110,3,732.42,5,695.8
294,93,24,2,769.21,15,653.83
295,93,34,1,1101.51,0,1101.51
296,93,53,3,854.86,0,854.86
297,94,92,4,991.45,20,793.16
298,94,75,1,403.38,0,403.38
299,94,54,3,1069.07,15,908.71
300,94,65,2,1604.38,10,1443.94
301,95,49,1,1207.0,0,1207.0
302,95,97,1,700.41,15,595.35
303,95,75,4,403.38,5,383.21
304,96,9,2,1107.42,0,1107.42
305,96,60,3,485.33,0,485.33
306,96,34,3,1101.51,0,1101.51
307,97,30,3,459.89,0,459.89
308,97,69,2,754.87,0,754.87
309,98,79,2,150.11,5,142.6
310,98,36,3,1158.32,15,984.57
311,98,55,2,558.58,0,558.58
312,98,51,2,612.81,0,612.81
313,98,44,2,1125.17,10,1012.65
314,99,2,1,163.95,0,163.95
315,99,18,3,1488.64,5,1414.21
316,100,14,2,176.35,0,176.35
317,100,28,2,1431.57,0,1431.57
318,100,27,3,295.55,5,280.77
319,100,113,4,392.3,5,372.69
320,100,2,1,163.95,15,139.36
321,101,86,4,1446.82,20,1157.46
322,102,47,4,1826.55,20,1461.24
323,102,120,4,619.03,0,619.03
324,102,105,4,145.52,10,130.97
325,102,2,3,163.95,20,131.16
326,103,32,1,939.08,0,939.08
327,103,116,3,164.08,15,139.47
328,103,96,3,1186.97,0,1186.97
329,104,11,2,1507.26,0,1507.26
330,105,72,2,1538.12,0,1538.12
331,105,99,1,158.54,0,158.54
332,105,34,3,1101.51,15,936.28
333,105,105,2,145.52,0,145.52
334,105,63,2,364.09,10,327.68
335,106,59,1,1073.3,0,1073.3
336,106,9,4,1107.42,15,941.31
337,106,103,2,196.23,0,196.23
338,107,38,3,1470.45,0,1470.45
339,107,7,4,1212.38,20,969.9
340,108,118,4,666.62,15,566.63
341,108,107,1,1079.93,20,863.94
342,108,34,4,1101.51,15,936.28
343,108,85,4,534.69,0,534.69
344,109,53,2,854.86,0,854.86
345,109,14,1,176.35,5,167.53
346,109,80,3,75.46,15,64.14
347,110,30,2,459.89,20,367.91
348,110,69,4,754.87,15,641.64
349,110,112,2,588.08,0,588.08
350,110,118,1,666.62,0,666.62
351,110,57,2,391.73,0,391.73
352,111,6,3,1063.05,5,1009.9
353,111,103,4,196.23,20,156.98
354,111,75,3,403.38,15,342.87
355,111,101,3,694.55,10,625.1
356,111,89,2,1283.76,0,1283.76
357,112,32,1,939.08,20,751.26
358,112,81,2,171.62,0,171.62
359,112,25,2,294.34,0,294.34
360,112,58,1,710.63,0,710.63
361,113,68,4,738.25,10,664.43
362,114,31,3,571.41,15,485.7
363,115,54,1,1069.07,15,908.71
364,115,104,1,497.57,5,472.69
365,115,118,1,666.62,20,533.3
366,115,96,4,1186.97,0,1186.97
367,115,79,1,150.11,20,120.09
368,116,77,3,1305.38,0,1305.38
369,116,20,3,1103.14,15,937.67
370,117,23,1,294.57,5,279.84
371,117,77,1,1305.38,0,1305.38
372,117,41,2,1707.07,0,1707.07
373,118,50,2,1462.98,10,1316.68
374,118,96,4,1186.97,0,1186.97
375,118,33,2,81.59,0,81.59
376,118,32,3,939.08,20,751.26
377,119,20,4,1103.14,0,1103.14
378,119,19,4,1076.96,15,915.42
379,119,15,3,935.03,15,794.78
380,120,76,4,1456.37,20,1165.1
381,120,113,2,392.3,0,392.3
382,120,83,1,1712.06,15,1455.25
383,121,105,1,145.52,0,145.52
384,121,26,4,318.31,10,286.48
385,121,38,3,1470.45,0,1470.45
386,121,39,3,696.94,5,662.09
387,121,57,1,391.73,20,313.38
388,122,2,3,163.95,10,147.56
389,122,111,4,242.17,20,193.74
390,123,88,3,1564.93,0,1564.93
391,123,45,4,906.51,5,861.18
392,123,10,3,62.65,10,56.38
393,123,79,2,150.11,5,142.6
394,123,99,4,158.54,15,134.76
395,124,21,3,211.59,5,201.01
396,124,113,2,392.3,0,392.3
397,125,58,4,710.63,5,675.1
398,125,118,3,666.62,20,533.3
399,126,21,3,211.59,10,190.43
400,126,117,2,562.18,0,562.18
401,127,11,1,1507.26,0,1507.26
402,127,114,2,711.52,0,711.52
403,127,52,3,452.83,10,407.55
404,127,45,2,906.51,0,906.51
405,128,37,4,533.72,0,533.72
406,128,15,1,935.03,0,935.03
407,128,10,3,62.65,0,62.65
408,128,42,4,991.9,0,991.9
409,128,119,4,505.7,0,505.7
410,129,86,4,1446.82,0,1446.82
411,129,93,3,142.55,15,121.17
412,129,104,2,497.57,0,497.57
413,129,20,4,1103.14,5,1047.98
414,130,43,3,470.47,10,423.42
415,131,4,1,718.58,0,718.58
416,131,83,2,1712.06,15,1455.25
417,131,86,1,1446.82,0,1446.82
418,131,71,1,741.1,0,741.1
419,131,44,3,1125.17,10,1012.65
420,132,110,1,732.42,20,585.94
421,132,109,1,1167.12,0,1167.12
422,132,29,2,1039.47,0,1039.47
423,132,91,2,686.63,20,549.3
424,132,21,1,211.59,0,211.59
425,133,66,1,773.07,15,657.11
426,133,85,3,534.69,10,481.22
427,133,117,2,562.18,20,449.74
428,134,70,4,36.02,0,36.02
429,134,54,1,1069.07,0,1069.07
430,134,69,1,754.87,10,679.38
431,134,64,3,975.06,0,975.06
432,135,69,2,754.87,20,603.9
433,135,8,1,741.42,0,741.42
434,135,50,4,1462.98,0,1462.98
435,135,40,4,370.53,5,352.0
436,135,97,4,700.41,0,700.41
437,136,67,4,98.23,15,83.5
438,136,42,4,991.9,0,991.9
439,136,100,4,856.08,15,727.67
440,137,100,4,856.08,15,727.67
441,137,96,2,1186.97,0,1186.97
442,137,16,3,1450.72,15,1233.11
443,138,15,2,935.03,15,794.78
444,138,79,4,150.11,20,120.09
445,139,23,2,294.57,0,294.57
446,139,10,1,62.65,0,62.65
447,140,6,3,1063.05,0,1063.05
448,141,33,3,81.59,15,69.35
449,141,69,4,754.87,10,679.38
450,141,28,1,1431.57,0,1431.57
451,141,102,4,1036.41,20,829.13
452,141,15,4,935.03,0,935.03
453,142,76,1,1456.37,15,1237.91
454,142,79,2,150.11,10,135.1
455,142,77,2,1305.38,0,1305.38
456,142,36,1,1158.32,0,1158.32
457,143,113,4,392.3,5,372.69
458,143,56,1,847.46,15,720.34
459,144,91,1,686.63,0,686.63
460,144,1,3,322.54,0,322.54
461,145,70,2,36.02,10,32.42
462,145,44,4,1125.17,0,1125.17
463,146,1,3,322.54,15,274.16
464,147,42,2,991.9,0,991.9
465,148,114,2,711.52,10,640.37
466,148,68,1,738.25,0,738.25
467,149,89,2,1283.76,15,1091.2
468,149,21,1,211.59,0,211.59
469,149,119,4,505.7,5,480.41
470,149,54,4,1069.07,0,1069.07
471,149,108,4,34.47,20,27.58
472,150,120,2,619.03,20,495.22
473,150,32,2,939.08,20,751.26
474,150,110,4,732.42,15,622.56
475,150,30,2,459.89,0,459.89
476,151,53,3,854.86,15,726.63
477,151,116,1,164.08,15,139.47
478,151,96,4,1186.97,0,1186.97
479,151,11,4,1507.26,5,1431.9
480,152,32,4,939.08,10,845.17
481,153,100,1,856.08,0,856.08
482,153,14,2,176.35,15,149.9
483,153,1,2,322.54,0,322.54
484,154,92,2,991.45,0,991.45
485,154,78,2,1222.29,0,1222.29
486,155,60,1,485.33,10,436.8
487,155,95,4,1360.9,0,1360.9
488,156,52,4,452.83,5,430.19
489,157,13,3,1655.28,20,1324.22
490,157,84,2,411.12,0,411.12
491,157,6,1,1063.05,20,850.44
492,157,55,3,558.58,0,558.58
493,158,80,2,75.46,5,71.69
494,159,57,1,391.73,0,391.73
495,159,53,4,854.86,10,769.37
496,159,15,2,935.03,10,841.53
497,159,59,3,1073.3,0,1073.3
498,159,118,4,666.62,0,666.62
499,160,92,2,991.45,15,842.73
500,161,49,4,1207.0,10,1086.3
501,161,48,4,1326.91,20,1061.53
502,161,90,2,1058.02,10,952.22
503,161,106,3,136.09,10,122.48
504,162,18,3,1488.64,5,1414.21
505,163,40,2,370.53,0,370.53
506,163,79,3,150.11,0,150.11
507,164,35,1,573.05,20,458.44
508,164,86,4,1446.82,15,1229.8
509,164,56,3,847.46,0,847.46
510,164,81,1,171.62,5,163.04
511,164,82,3,1060.64,15,901.54
512,165,19,4,1076.96,10,969.26
513,165,98,3,316.71,0,316.71
514,165,80,4,75.46,10,67.91
515,165,53,4,854.86,5,812.12
516,166,72,1,1538.12,10,1384.31
517,167,59,3,1073.3,15,912.3
518,167,40,3,370.53,5,352.0
519,167,88,3,1564.93,0,1564.93
520,167,64,2,975.06,20,780.05
521,167,33,3,81.59,0,81.59
522,168,60,4,485.33,10,436.8
523,168,32,3,939.08,0,939.08
524,168,37,4,533.72,15,453.66
525,168,108,1,34.47,5,32.75
526,169,100,1,856.08,0,856.08
527,169,75,3,403.38,0,403.38
528,169,69,1,754.87,20,603.9
529,170,22,4,72.59,0,72.59
530,170,85,3,534.69,0,534.69
531,170,82,1,1060.64,20,848.51
532,170,66,1,773.07,0,773.07
533,170,104,4,497.57,0,497.57
534,171,6,1,1063.05,0,1063.05
535,171,51,2,612.81,0,612.81
536,171,52,3,452.83,0,452.83
537,171,38,1,1470.45,20,1176.36
538,172,1,2,322.54,20,258.03
539,172,72,1,1538.12,0,1538.12
540,173,40,2,370.53,10,333.48
541,173,86,4,1446.82,0,1446.82
542,173,105,1,145.52,10,130.97
543,173,70,3,36.02,5,34.22
544,174,2,4,163.95,20,131.16
545,174,20,3,1103.14,0,1103.14
546,175,1,2,322.54,0,322.54
547,176,93,4,142.55,0,142.55
548,176,50,3,1462.98,15,1243.53
549,176,98,2,316.71,0,316.71
550,177,50,3,1462.98,20,1170.38
551,177,38,2,1470.45,20,1176.36
552,177,13,4,1655.28,10,1489.75
553,178,56,1,847.46,10,762.71
554,178,58,4,710.63,15,604.04
555,178,73,1,1445.84,15,1228.96
556,179,68,4,738.25,0,738.25
557,180,113,1,392.3,0,392.3
558,180,83,2,1712.06,5,1626.46
559,180,103,3,196.23,15,166.8
560,180,5,1,911.59,0,911.59
561,181,35,3,573.05,0,573.05
562,181,118,3,666.62,0,666.62
563,182,77,3,1305.38,5,1240.11
564,182,6,4,1063.05,20,850.44
565,182,51,3,612.81,0,612.81
566,182,62,3,310.74,0,310.74
567,182,36,4,1158.32,0,1158.32
568,183,15,3,935.03,10,841.53
569,183,42,4,991.9,20,793.52
570,184,18,2,1488.64,0,1488.64
571,184,41,2,1707.07,0,1707.07
572,184,120,1,619.03,0,619.03
573,184,55,2,558.58,0,558.58
574,185,57,3,391.73,5,372.14
575,185,102,3,1036.41,5,984.59
576,185,4,4,718.58,0,718.58
577,186,37,2,533.72,10,480.35
578,186,88,4,1564.93,0,1564.93
579,186,101,2,694.55,0,694.55
580,186,42,2,991.9,10,892.71
581,186,48,2,1326.91,0,1326.91
582,187,63,1,364.09,0,364.09
583,188,43,2,470.47,0,470.47
584,188,94,2,620.17,15,527.14
585,188,45,1,906.51,0,906.51
586,189,51,2,612.81,0,612.81
587,189,17,1,961.4,15,817.19
588,190,31,2,571.41,15,485.7
589,190,119,4,505.7,5,480.41
590,190,100,2,856.08,5,813.28
591,190,82,3,1060.64,10,954.58
592,191,94,3,620.17,15,527.14
593,191,32,3,939.08,10,845.17
594,191,80,3,75.46,0,75.46
595,191,45,2,906.51,10,815.86
596,191,72,3,1538.12,0,1538.12
597,192,18,3,1488.64,0,1488.64
598,192,92,4,991.45,0,991.45
599,192,110,3,732.42,5,695.8
600,193,79,1,150.11,0,150.11
601,193,11,3,1507.26,0,1507.26
602,193,58,1,710.63,0,710.63
603,194,77,4,1305.38,5,1240.11
604,194,12,3,719.76,0,719.76
605,194,34,4,1101.51,0,1101.51
606,195,82,2,1060.64,0,1060.64
607,195,28,4,1431.57,20,1145.26
608,195,46,3,591.45,0,591.45
609,196,16,4,1450.72,0,1450.72
610,196,46,3,591.45,0,591.45
611,196,75,2,403.38,0,403.38
612,196,39,3,696.94,0,696.94
613,197,66,2,773.07,0,773.07
614,197,69,2,754.87,5,717.13
615,197,4,1,718.58,20,574.86
616,197,29,1,1039.47,15,883.55
617,198,31,2,571.41,5,542.84
618,198,106,1,136.09,10,122.48
619,199,65,1,1604.38,0,1604.38
620,199,69,2,754.87,5,717.13
621,199,114,4,711.52,0,711.52
622,199,23,1,294.57,0,294.57
623,200,56,3,847.46,0,847.46
624,200,24,1,769.21,5,730.75
625,200,41,3,1707.07,5,1621.72
626,200,88,3,1564.93,20,1251.94
627,200,9,2,1107.42,0,1107.42
628,201,62,1,310.74,0,310.74
629,201,104,1,497.57,0,497.57
630,202,88,3,1564.93,20,1251.94
631,202,62,4,310.74,5,295.2
632,202,25,1,294.34,15,250.19
633,202,38,4,1470.45,5,1396.93
634,203,120,4,619.03,10,557.13
635,203,21,1,211.59,0,211.59
636,203,76,2,1456.37,0,1456.37
637,203,104,4,497.57,0,497.57
638,204,78,4,1222.29,0,1222.29
639,204,74,3,316.46,0,316.46
640,204,33,1,81.59,15,69.35
641,204,114,1,711.52,0,711.52
642,204,49,1,1207.0,10,1086.3
643,205,71,1,741.1,10,666.99
644,205,44,2,1125.17,20,900.14
645,205,62,3,310.74,0,310.74
646,205,30,1,459.89,15,390.91
647,205,74,1,316.46,10,284.81
648,206,53,3,854.86,0,854.86
649,206,85,3,534.69,5,507.96
650,206,67,3,98.23,15,83.5
651,206,38,3,1470.45,10,1323.4
652,206,116,4,164.08,10,147.67
653,207,57,3,391.73,20,313.38
654,207,22,4,72.59,0,72.59
655,207,72,3,1538.12,20,1230.5
656,208,17,1,961.4,0,961.4
657,208,67,2,98.23,0,98.23
658,208,95,4,1360.9,15,1156.77
659,208,15,4,935.03,15,794.78
660,208,108,1,34.47,20,27.58
661,209,39,2,696.94,15,592.4
662,209,68,4,738.25,0,738.25
663,210,2,3,163.95,0,163.95
664,210,119,3,505.7,20,404.56
665,210,43,1,470.47,20,376.38
666,210,97,3,700.41,20,560.33
667,211,55,2,558.58,10,502.72
668,211,64,4,975.06,10,877.55
669,212,11,2,1507.26,15,1281.17
670,213,82,2,1060.64,10,954.58
671,213,4,3,718.58,20,574.86
672,214,109,1,1167.12,10,1050.41
673,214,69,2,754.87,10,679.38
674,214,15,4,935.03,20,748.02
675,214,100,1,856.08,0,856.08
676,215,74,1,316.46,15,268.99
677,215,2,2,163.95,20,131.16
678,215,114,1,711.52,5,675.94
679,216,74,2,316.46,10,284.81
680,216,7,4,1212.38,5,1151.76
681,216,48,2,1326.91,0,1326.91
682,216,41,3,1707.07,0,1707.07
683,217,96,1,1186.97,20,949.58
684,217,65,4,1604.38,15,1363.72
685,217,69,1,754.87,20,603.9
686,218,25,4,294.34,0,294.34
687,218,17,1,961.4,0,961.4
688,218,87,2,349.08,20,279.26
689,219,11,2,1507.26,20,1205.81
690,219,2,4,163.95,0,163.95
691,219,32,2,939.08,15,798.22
692,219,110,3,732.42,0,732.42
693,219,69,1,754.87,0,754.87
694,220,6,3,1063.05,20,850.44
695,220,74,1,316.46,20,253.17
696,220,8,1,741.42,0,741.42
697,220,89,3,1283.76,0,1283.76
698,221,113,2,392.3,0,392.3
699,222,92,2,991.45,5,941.88
700,222,60,1,485.33,0,485.33
701,223,64,2,975.06,5,926.31
702,223,27,1,295.55,0,295.55
703,223,49,3,1207.0,10,1086.3
704,223,97,4,700.41,10,630.37
705,223,52,2,452.83,0,452.83
706,224,31,1,571.41,15,485.7
707,224,103,1,196.23,15,166.8
708,224,80,3,75.46,10,67.91
709,225,112,4,588.08,0,588.08
710,225,97,3,700.41,15,595.35
711,225,108,3,34.47,5,32.75
712,226,12,3,719.76,20,575.81
713,226,84,4,411.12,20,328.9
714,227,31,2,571.41,0,571.41
715,227,75,3,403.38,20,322.7
716,227,63,1,364.09,0,364.09
717,227,73,4,1445.84,0,1445.84
718,228,51,1,612.81,15,520.89
719,228,87,2,349.08,20,279.26
720,229,117,4,562.18,0,562.18
721,229,31,2,571.41,10,514.27
722,229,61,4,817.65,20,654.12
723,229,63,4,364.09,5,345.89
724,229,24,1,769.21,0,769.21
725,230,38,1,1470.45,5,1396.93
726,230,23,3,294.57,0,294.57
727,231,105,4,145.52,0,145.52
728,232,115,1,773.15,10,695.84
729,233,42,3,991.9,10,892.71
730,233,82,3,1060.64,5,1007.61
731,233,115,3,773.15,0,773.15
732,233,27,3,295.55,0,295.55
733,234,25,1,294.34,0,294.34
734,235,28,4,1431.57,5,1359.99
735,235,2,2,163.95,5,155.75
736,235,34,2,1101.51,20,881.21
737,235,19,1,1076.96,0,1076.96
738,236,87,1,349.08,10,314.17
739,236,35,2,573.05,10,515.75
740,236,59,3,1073.3,20,858.64
741,237,119,4,505.7,10,455.13
742,237,3,1,157.77,5,149.88
743,238,52,1,452.83,10,407.55
744,238,34,2,1101.51,0,1101.51
745,238,89,3,1283.76,10,1155.38
746,238,97,4,700.41,20,560.33
747,239,112,3,588.08,0,588.08
748,239,41,2,1707.07,20,1365.66
749,239,97,3,700.41,10,630.37
750,240,18,4,1488.64,0,1488.64
751,240,109,2,1167.12,0,1167.12
752,240,63,4,364.09,20,291.27
753,240,16,1,1450.72,20,1160.58
754,241,97,4,700.41,20,560.33
755,242,100,1,856.08,0,856.08
756,242,93,3,142.55,0,142.55
757,242,99,1,158.54,10,142.69
758,243,27,3,295.55,10,266.0
759,243,71,2,741.1,15,629.94
760,243,61,2,817.65,0,817.65
761,243,57,4,391.73,0,391.73
762,244,58,1,710.63,0,710.63
763,244,2,1,163.95,10,147.56
764,244,107,1,1079.93,10,971.94
765,244,33,1,81.59,0,81.59
766,245,66,4,773.07,0,773.07
767,245,106,2,136.09,10,122.48
768,246,51,3,612.81,0,612.81
769,246,18,2,1488.64,0,1488.64
770,247,9,2,1107.42,20,885.94
771,247,84,2,411.12,0,411.12
772,247,109,1,1167.12,15,992.05
773,248,58,1,710.63,0,710.63
774,248,60,3,485.33,0,485.33
775,248,18,1,1488.64,0,1488.64
776,249,89,3,1283.76,0,1283.76
777,249,76,2,1456.37,0,1456.37
778,249,108,3,34.47,0,34.47
779,249,91,2,686.63,20,549.3
780,250,83,3,1712.06,0,1712.06
781,250,10,2,62.65,0,62.65
782,250,8,3,741.42,10,667.28
783,250,80,4,75.46,0,75.46
784,250,62,4,310.74,0,310.74
785,251,33,4,81.59,0,81.59
786,251,111,2,242.17,0,242.17
787,251,120,3,619.03,0,619.03
788,251,74,4,316.46,20,253.17
789,252,102,3,1036.41,0,1036.41
790,252,19,3,1076.96,20,861.57
791,252,24,2,769.21,0,769.21
792,253,13,1,1655.28,0,1655.28
793,253,14,2,176.35,0,176.35
794,253,69,4,754.87,10,679.38
795,253,107,4,1079.93,0,1079.93
796,254,28,2,1431.57,10,1288.41
797,254,7,4,1212.38,5,1151.76
798,254,61,2,817.65,0,817.65
799,254,2,2,163.95,20,131.16
800,255,5,3,911.59,20,729.27
801,256,51,4,612.81,15,520.89
802,256,115,2,773.15,0,773.15
803,257,47,1,1826.55,0,1826.55
804,257,26,3,318.31,5,302.39
805,257,53,4,854.86,10,769.37
806,257,70,3,36.02,0,36.02
807,257,75,1,403.38,0,403.38
808,258,32,1,939.08,0,939.08
809,258,18,4,1488.64,0,1488.64
810,258,43,4,470.47,0,470.47
811,258,103,2,196.23,20,156.98
812,259,84,4,411.12,0,411.12
813,260,12,2,719.76,10,647.78
814,260,14,4,176.35,10,158.72
815,261,96,4,1186.97,0,1186.97
816,262,64,1,975.06,20,780.05
817,262,19,3,1076.96,0,1076.96
818,262,24,3,769.21,15,653.83
819,262,16,4,1450.72,20,1160.58
820,263,64,1,975.06,10,877.55
821,264,71,1,741.1,5,704.04
822,264,104,1,497.57,5,472.69
823,265,40,1,370.53,0,370.53
824,265,32,2,939.08,20,751.26
825,265,53,3,854.86,0,854.86
826,266,24,2,769.21,0,769.21
827,266,47,4,1826.55,0,1826.55
828,267,44,2,1125.17,10,1012.65
829,267,24,3,769.21,20,615.37
830,268,19,1,1076.96,10,969.26
831,269,40,4,370.53,20,296.42
832,269,95,4,1360.9,0,1360.9
833,269,106,4,136.09,10,122.48
834,270,27,2,295.55,5,280.77
835,271,41,2,1707.07,5,1621.72
836,271,13,4,1655.28,0,1655.28
837,271,29,4,1039.47,10,935.52
838,272,93,2,142.55,0,142.55
839,272,72,3,1538.12,20,1230.5
840,272,4,3,718.58,10,646.72
841,273,45,1,906.51,0,906.51
842,273,15,1,935.03,0,935.03
843,273,49,1,1207.0,0,1207.0
844,273,5,4,911.59,10,820.43
845,273,17,4,961.4,20,769.12
846,274,94,4,620.17,0,620.17
847,274,78,4,1222.29,10,1100.06
848,274,103,4,196.23,20,156.98
849,275,87,4,349.08,0,349.08
850,275,54,1,1069.07,10,962.16
851,275,17,3,961.4,0,961.4
852,275,28,4,1431.57,0,1431.57
853,275,60,1,485.33,10,436.8
854,276,57,1,391.73,10,352.56
855,276,106,1,136.09,10,122.48
856,277,63,3,364.09,10,327.68
857,278,17,1,961.4,5,913.33
858,278,11,2,1507.26,5,1431.9
859,278,56,2,847.46,20,677.97
860,278,39,2,696.94,20,557.55
861,278,6,3,1063.05,0,1063.05
862,279,70,4,36.02,0,36.02
863,279,35,4,573.05,0,573.05
864,279,66,2,773.07,0,773.07
865,280,74,4,316.46,0,316.46
866,280,68,3,738.25,5,701.34
867,281,19,1,1076.96,0,1076.96
868,281,92,1,991.45,0,991.45
869,282,96,4,1186.97,15,1008.92
870,282,94,2,620.17,20,496.14
871,283,46,3,591.45,0,591.45
872,284,98,1,316.71,0,316.71
873,284,28,1,1431.57,0,1431.57
874,285,67,4,98.23,5,93.32
875,285,49,2,1207.0,10,1086.3
876,285,32,1,939.08,10,845.17
877,285,102,1,1036.41,0,1036.41
878,285,38,1,1470.45,0,1470.45
879,286,16,1,1450.72,0,1450.72
880,286,52,1,452.83,5,430.19
881,286,103,2,196.23,20,156.98
882,287,18,4,1488.64,0,1488.64
883,287,88,4,1564.93,15,1330.19
884,288,87,4,349.08,15,296.72
885,288,69,1,754.87,5,717.13
886,288,99,1,158.54,10,142.69
887,288,74,3,316.46,0,316.46
888,288,94,1,620.17,20,496.14
889,289,55,1,558.58,0,558.58
890,289,62,1,310.74,10,279.67
891,289,34,3,1101.51,15,936.28
892,289,50,2,1462.98,0,1462.98
893,289,32,4,939.08,0,939.08
894,290,93,2,142.55,5,135.42
895,291,119,1,505.7,10,455.13
896,292,41,1,1707.07,15,1451.01
897,293,72,3,1538.12,10,1384.31
898,293,83,2,1712.06,20,1369.65
899,293,48,3,1326.91,0,1326.91
900,293,89,1,1283.76,0,1283.76
901,293,34,3,1101.51,20,881.21
902,294,9,3,1107.42,0,1107.42
903,295,98,4,316.71,5,300.87
904,295,31,1,571.41,5,542.84
905,295,36,3,1158.32,5,1100.4
906,296,78,3,1222.29,20,977.83
907,296,77,4,1305.38,5,1240.11
908,296,33,4,81.59,0,81.59
909,296,37,1,533.72,0,533.72
910,296,75,1,403.38,10,363.04
911,297,35,1,573.05,20,458.44
912,297,113,2,392.3,15,333.45
913,298,117,2,562.18,15,477.85
914,298,12,2,719.76,10,647.78
915,298,89,4,1283.76,10,1155.38
916,298,65,3,1604.38,0,1604.38
917,298,20,2,1103.14,5,1047.98
918,299,5,3,911.59,10,820.43
919,299,68,1,738.25,5,701.34
920,300,89,2,1283.76,5,1219.57
921,300,42,2,991.9,20,793.52
922,300,116,3,164.08,15,139.47
923,301,53,2,854.86,0,854.86
924,301,40,3,370.53,5,352.0
925,302,2,3,163.95,0,163.95
926,303,80,2,75.46,10,67.91
927,303,13,3,1655.28,0,1655.28
928,304,15,2,935.03,20,748.02
929,304,88,3,1564.93,0,1564.93
930,304,54,1,1069.07,0,1069.07
931,304,9,4,1107.42,0,1107.42
932,304,81,1,171.62,0,171.62
933,305,78,3,1222.29,5,1161.18
934,305,23,4,294.57,0,294.57
935,305,29,1,1039.47,0,1039.47
936,305,8,2,741.42,10,667.28
937,306,67,4,98.23,0,98.23
938,306,19,1,1076.96,0,1076.96
939,307,26,2,318.31,10,286.48
940,307,116,4,164.08,0,164.08
941,308,12,3,719.76,10,647.78
942,308,17,3,961.4,0,961.4
943,308,4,4,718.58,15,610.79
944,309,56,3,847.46,0,847.46
945,309,97,4,700.41,15,595.35
946,309,42,1,991.9,0,991.9
947,309,29,2,1039.47,0,1039.47
948,310,54,3,1069.07,5,1015.62
949,310,29,1,1039.47,0,1039.47
950,310,110,1,732.42,0,732.42
951,310,82,2,1060.64,0,1060.64
952,311,64,2,975.06,15,828.8
953,311,93,3,142.55,5,135.42
954,311,96,2,1186.97,0,1186.97
955,312,45,4,906.51,0,906.51
956,312,72,4,1538.12,5,1461.21
957,313,22,2,72.59,20,58.07
958,313,21,4,211.59,15,179.85
959,313,41,2,1707.07,5,1621.72
960,313,97,4,700.41,0,700.41
961,313,13,4,1655.28,20,1324.22
962,314,91,3,686.63,15,583.64
963,314,104,4,497.57,0,497.57
964,314,50,2,1462.98,0,1462.98
965,314,120,1,619.03,10,557.13
966,315,114,4,711.52,10,640.37
967,315,53,3,854.86,20,683.89
968,315,110,3,732.42,5,695.8
969,315,70,4,36.02,20,28.82
970,316,85,2,534.69,10,481.22
971,317,82,2,1060.64,0,1060.64
972,318,5,4,911.59,0,911.59
973,319,39,2,696.94,0,696.94
974,319,65,3,1604.38,20,1283.5
975,319,73,3,1445.84,20,1156.67
976,319,62,2,310.74,0,310.74
977,319,19,1,1076.96,0,1076.96
978,320,113,2,392.3,0,392.3
979,320,95,2,1360.9,0,1360.9
980,320,97,3,700.41,20,560.33
981,320,49,4,1207.0,20,965.6
982,321,78,3,1222.29,0,1222.29
983,321,95,3,1360.9,0,1360.9
984,321,97,2,700.41,0,700.41
985,322,85,3,534.69,15,454.49
986,322,89,1,1283.76,20,1027.01
987,322,36,1,1158.32,0,1158.32
988,322,103,4,196.23,20,156.98
989,323,70,1,36.02,10,32.42
990,323,71,2,741.1,5,704.04
991,324,1,4,322.54,0,322.54
992,324,110,3,732.42,0,732.42
993,325,87,3,349.08,10,314.17
994,325,76,2,1456.37,15,1237.91
995,325,101,1,694.55,10,625.1
996,326,36,1,1158.32,5,1100.4
997,326,76,4,1456.37,0,1456.37
998,326,103,1,196.23,0,196.23
999,326,54,1,1069.07,20,855.26
1000,326,69,1,754.87,0,754.87
1001,327,12,3,719.76,0,719.76
1002,327,21,2,211.59,15,179.85
1003,328,11,2,1507.26,0,1507.26
1004,328,103,1,196.23,0,196.23
1005,328,93,4,142.55,0,142.55
1006,329,79,4,150.11,0,150.11
1007,329,96,2,1186.97,5,1127.62
1008,329,68,2,738.25,0,738.25
1009,330,50,1,1462.98,15,1243.53
1010,330,7,2,1212.38,0,1212.38
1011,330,8,4,741.42,10,667.28
1012,330,26,1,318.31,0,318.31
1013,330,21,1,211.59,20,169.27
1014,331,5,3,911.59,5,866.01
1015,331,2,1,163.95,0,163.95
1016,331,27,1,295.55,20,236.44
1017,332,96,4,1186.97,20,949.58
1018,332,13,4,1655.28,0,1655.28
1019,332,76,1,1456.37,15,1237.91
1020,332,106,4,136.09,0,136.09
1021,333,88,1,1564.93,15,1330.19
1022,333,92,3,991.45,0,991.45
1023,333,79,3,150.11,20,120.09
1024,334,106,3,136.09,0,136.09
1025,334,68,1,738.25,0,738.25
1026,334,43,2,470.47,5,446.95
1027,334,112,3,588.08,0,588.08
1028,335,68,1,738.25,0,738.25
1029,335,22,4,72.59,0,72.59
1030,335,91,4,686.63,10,617.97
1031,336,61,2,817.65,20,654.12
1032,337,77,2,1305.38,5,1240.11
1033,337,98,1,316.71,5,300.87
1034,337,8,1,741.42,5,704.35
1035,337,92,1,991.45,10,892.31
1036,338,15,2,935.03,0,935.03
1037,338,100,2,856.08,15,727.67
1038,338,79,4,150.11,0,150.11
1039,338,61,4,817.65,5,776.77
1040,338,107,1,1079.93,10,971.94
1041,339,63,2,364.09,0,364.09
1042,339,44,4,1125.17,5,1068.91
1043,340,111,3,242.17,10,217.95
1044,340,14,1,176.35,15,149.9
1045,340,116,3,164.08,20,131.26
1046,340,1,3,322.54,5,306.41
1047,340,24,1,769.21,0,769.21
1048,341,84,3,411.12,0,411.12
1049,341,33,2,81.59,0,81.59
1050,342,24,4,769.21,10,692.29
1051,342,21,1,211.59,20,169.27
1052,342,106,4,136.09,10,122.48
1053,342,16,4,1450.72,10,1305.65
1054,343,109,4,1167.12,15,992.05
1055,343,59,4,1073.3,0,1073.3
1056,343,34,4,1101.51,20,881.21
1057,344,88,1,1564.93,0,1564.93
1058,344,46,3,591.45,15,502.73
1059,344,9,2,1107.42,0,1107.42
1060,344,56,3,847.46,0,847.46
1061,345,108,4,34.47,0,34.47
1062,346,50,1,1462.98,5,1389.83
1063,346,10,1,62.65,0,62.65
1064,347,47,3,1826.55,20,1461.24
1065,347,6,2,1063.05,0,1063.05
1066,348,90,1,1058.02,10,952.22
1067,348,96,2,1186.97,10,1068.27
1068,349,37,3,533.72,10,480.35
1069,349,70,1,36.02,0,36.02
1070,350,2,3,163.95,0,163.95
1071,351,77,1,1305.38,0,1305.38
1072,351,104,2,497.57,0,497.57
1073,351,10,2,62.65,0,62.65
1074,351,105,3,145.52,0,145.52
1075,352,61,4,817.65,15,695.0
1076,352,93,3,142.55,5,135.42
1077,352,47,2,1826.55,0,1826.55
1078,352,98,3,316.71,0,316.71
1079,353,71,3,741.1,0,741.1
1080,353,12,1,719.76,20,575.81
1081,353,1,3,322.54,5,306.41
1082,354,34,4,1101.51,20,881.21
1083,354,99,1,158.54,0,158.54
1084,354,20,4,1103.14,0,1103.14
1085,354,63,3,364.09,0,364.09
1086,355,18,1,1488.64,5,1414.21
1087,356,43,2,470.47,10,423.42
1088,356,104,3,497.57,20,398.06
1089,356,13,4,1655.28,10,1489.75
1090,356,18,1,1488.64,0,1488.64
1091,357,34,1,1101.51,20,881.21
1092,357,20,4,1103.14,0,1103.14
1093,357,49,2,1207.0,15,1025.95
1094,358,3,3,157.77,5,149.88
1095,358,20,3,1103.14,20,882.51
1096,358,38,3,1470.45,5,1396.93
1097,358,101,4,694.55,5,659.82
1098,359,5,1,911.59,5,866.01
1099,359,46,1,591.45,0,591.45
1100,360,27,4,295.55,0,295.55
1101,360,8,3,741.42,5,704.35
1102,360,106,3,136.09,20,108.87
1103,360,65,4,1604.38,10,1443.94
1104,361,62,1,310.74,0,310.74
1105,361,86,1,1446.82,5,1374.48
1106,362,40,1,370.53,20,296.42
1107,362,30,2,459.89,5,436.9
1108,362,68,3,738.25,20,590.6
1109,363,108,3,34.47,10,31.02
1110,364,91,2,686.63,5,652.3
1111,364,59,1,1073.3,0,1073.3
1112,364,86,2,1446.82,0,1446.82
1113,365,99,4,158.54,0,158.54
1114,365,97,4,700.41,0,700.41
1115,365,51,3,612.81,0,612.81
1116,366,54,1,1069.07,5,1015.62
1117,366,55,4,558.58,15,474.79
1118,366,33,2,81.59,0,81.59
1119,366,18,4,1488.64,0,1488.64
1120,367,44,4,1125.17,5,1068.91
1121,367,27,4,295.55,15,251.22
1122,368,46,2,591.45,0,591.45
1123,368,78,4,1222.29,15,1038.95
1124,369,107,1,1079.93,20,863.94
1125,369,61,3,817.65,10,735.88
1126,369,78,4,1222.29,10,1100.06
1127,369,7,2,1212.38,0,1212.38
1128,369,53,1,854.86,15,726.63
1129,370,100,3,856.08,0,856.08
1130,370,48,3,1326.91,20,1061.53
1131,370,31,1,571.41,15,485.7
1132,371,107,2,1079.93,10,971.94
1133,371,78,4,1222.29,15,1038.95
1134,371,99,1,158.54,0,158.54
1135,371,19,4,1076.96,5,1023.11
1136,371,61,3,817.65,20,654.12
1137,372,41,2,1707.07,15,1451.01
1138,373,53,4,854.86,10,769.37
1139,373,58,4,710.63,5,675.1
1140,373,8,3,741.42,0,741.42
1141,374,21,1,211.59,10,190.43
1142,374,56,1,847.46,0,847.46
1143,374,109,3,1167.12,0,1167.12
1144,375,62,4,310.74,15,264.13
1145,375,27,2,295.55,5,280.77
1146,376,24,2,769.21,0,769.21
1147,376,8,2,741.42,5,704.35
1148,377,14,1,176.35,20,141.08
1149,378,107,4,1079.93,5,1025.93
1150,378,48,1,1326.91,5,1260.56
1151,378,84,1,411.12,5,390.56
1152,378,114,2,711.52,0,711.52
1153,379,21,3,211.59,0,211.59
1154,379,79,3,150.11,0,150.11
1155,379,114,4,711.52,10,640.37
1156,380,30,4,459.89,10,413.9
1157,380,5,1,911.59,0,911.59
1158,380,48,2,1326.91,0,1326.91
1159,380,23,1,294.57,0,294.57
1160,380,14,4,176.35,10,158.72
1161,381,2,4,163.95,0,163.95
1162,381,13,4,1655.28,20,1324.22
1163,381,114,1,711.52,0,711.52
1164,381,35,4,573.05,10,515.75
1165,381,24,1,769.21,20,615.37
1166,382,58,4,710.63,20,568.5
1167,383,118,2,666.62,20,533.3
1168,384,52,2,452.83,5,430.19
1169,385,114,3,711.52,15,604.79
1170,386,5,3,911.59,10,820.43
1171,387,27,4,295.55,20,236.44
1172,387,24,4,769.21,0,769.21
1173,388,118,2,666.62,20,533.3
1174,388,36,1,1158.32,20,926.66
1175,388,49,4,1207.0,0,1207.0
1176,389,36,1,1158.32,10,1042.49
1177,389,101,2,694.55,10,625.1
1178,389,57,1,391.73,15,332.97
1179,389,56,4,847.46,20,677.97
1180,389,31,3,571.41,0,571.41
1181,390,21,3,211.59,10,190.43
1182,391,105,2,145.52,15,123.69
1183,391,71,2,741.1,0,741.1
1184,391,42,4,991.9,15,843.12
1185,391,14,2,176.35,20,141.08
1186,391,90,4,1058.02,0,1058.02
1187,392,111,1,242.17,20,193.74
1188,392,12,4,719.76,0,719.76
1189,392,21,3,211.59,15,179.85
1190,392,115,1,773.15,0,773.15
1191,392,74,4,316.46,0,316.46
1192,393,107,4,1079.93,5,1025.93
1193,393,56,4,847.46,15,720.34
1194,394,106,2,136.09,10,122.48
1195,394,22,3,72.59,0,72.59
1196,394,59,2,1073.3,10,965.97
1197,395,34,3,1101.51,0,1101.51
1198,395,80,4,75.46,15,64.14
1199,395,96,1,1186.97,10,1068.27
1200,395,81,4,171.62,0,171.62
1201,396,54,4,1069.07,0,1069.07
1202,397,109,1,1167.12,10,1050.41
1203,397,112,1,588.08,15,499.87
1204,397,3,1,157.77,10,141.99
1205,397,22,2,72.59,10,65.33
1206,398,22,2,72.59,20,58.07
1207,399,116,3,164.08,20,131.26
1208,400,113,1,392.3,0,392.3
1209,400,105,3,145.52,10,130.97
1210,400,31,1,571.41,10,514.27
1211,401,23,2,294.57,0,294.57
1212,401,116,2,164.08,0,164.08
1213,402,23,2,294.57,0,294.57
1214,402,1,3,322.54,0,322.54
1215,403,20,3,1103.14,15,937.67
1216,404,45,1,906.51,10,815.86
1217,404,110,2,732.42,0,732.42
1218,404,8,3,741.42,0,741.42
1219,405,29,4,1039.47,10,935.52
1220,406,105,2,145.52,10,130.97
1221,406,71,2,741.1,20,592.88
1222,406,104,2,497.57,0,497.57
1223,406,72,2,1538.12,0,1538.12
1224,406,37,2,533.72,5,507.03
1225,407,76,2,1456.37,0,1456.37
1226,407,55,1,558.58,0,558.58
1227,408,96,1,1186.97,0,1186.97
1228,408,95,3,1360.9,20,1088.72
1229,408,69,3,754.87,0,754.87
1230,408,83,2,1712.06,10,1540.85
1231,408,30,1,459.89,5,436.9
1232,409,97,3,700.41,20,560.33
1233,409,77,2,1305.38,0,1305.38
1234,409,51,1,612.81,0,612.81
1235,410,64,2,975.06,0,975.06
1236,410,52,4,452.83,5,430.19
1237,411,76,2,1456.37,0,1456.37
1238,411,48,1,1326.91,5,1260.56
1239,411,36,2,1158.32,10,1042.49
1240,412,83,2,1712.06,5,1626.46
1241,412,12,3,719.76,10,647.78
1242,412,73,1,1445.84,10,1301.26
1243,413,24,4,769.21,0,769.21
1244,413,51,2,612.81,0,612.81
1245,414,48,2,1326.91,5,1260.56
1246,414,30,3,459.89,5,436.9
1247,414,93,3,142.55,0,142.55
1248,414,52,4,452.83,0,452.83
1249,415,14,1,176.35,10,158.72
1250,415,115,4,773.15,0,773.15
1251,415,116,4,164.08,20,131.26
1252,415,19,2,1076.96,0,1076.96
1253,416,74,2,316.46,15,268.99
1254,417,116,3,164.08,0,164.08
1255,417,35,2,573.05,0,573.05
1256,417,41,1,1707.07,0,1707.07
1257,417,112,3,588.08,15,499.87
1258,417,18,2,1488.64,20,1190.91
1259,418,46,1,591.45,0,591.45
1260,418,2,2,163.95,15,139.36
1261,418,41,2,1707.07,0,1707.07
1262,419,82,1,1060.64,10,954.58
1263,419,14,4,176.35,5,167.53
1264,419,39,4,696.94,15,592.4
1265,419,31,2,571.41,0,571.41
1266,419,86,4,1446.82,10,1302.14
1267,420,48,3,1326.91,20,1061.53
1268,420,89,2,1283.76,0,1283.76
1269,421,65,2,1604.38,15,1363.72
1270,422,81,3,171.62,15,145.88
1271,422,103,1,196.23,10,176.61
1272,422,87,2,349.08,15,296.72
1273,423,39,4,696.94,5,662.09
1274,424,56,4,847.46,15,720.34
1275,425,107,2,1079.93,20,863.94
1276,425,74,2,316.46,10,284.81
1277,425,26,4,318.31,0,318.31
1278,425,27,1,295.55,0,295.55
1279,426,8,3,741.42,5,704.35
1280,426,22,3,72.59,0,72.59
1281,426,44,3,1125.17,15,956.39
1282,426,60,3,485.33,15,412.53
1283,426,92,2,991.45,20,793.16
1284,427,22,4,72.59,0,72.59
1285,427,100,4,856.08,20,684.86
1286,427,42,2,991.9,0,991.9
1287,427,90,3,1058.02,5,1005.12
1288,427,56,4,847.46,0,847.46
1289,428,100,2,856.08,20,684.86
1290,428,22,3,72.59,15,61.7
1291,428,47,3,1826.55,0,1826.55
1292,428,40,4,370.53,0,370.53
1293,428,119,2,505.7,0,505.7
1294,429,112,1,588.08,20,470.46
1295,429,45,1,906.51,10,815.86
1296,430,46,4,591.45,0,591.45
1297,430,94,3,620.17,5,589.16
1298,431,71,2,741.1,10,666.99
1299,431,53,3,854.86,0,854.86
1300,432,12,2,719.76,20,575.81
1301,433,32,3,939.08,0,939.08
1302,433,119,3,505.7,10,455.13
1303,434,23,4,294.57,5,279.84
1304,434,77,2,1305.38,20,1044.3
1305,434,2,4,163.95,0,163.95
1306,434,101,2,694.55,5,659.82
1307,434,78,4,1222.29,0,1222.29
1308,435,118,3,666.62,20,533.3
1309,435,107,1,1079.93,10,971.94
1310,435,115,3,773.15,5,734.49
1311,436,24,4,769.21,20,615.37
1312,436,9,3,1107.42,15,941.31
1313,437,3,2,157.77,10,141.99
1314,438,7,1,1212.38,10,1091.14
1315,439,32,2,939.08,10,845.17
1316,439,48,2,1326.91,0,1326.91
1317,440,39,4,696.94,0,696.94
1318,440,108,1,34.47,10,31.02
1319,441,49,1,1207.0,15,1025.95
1320,441,110,1,732.42,5,695.8
1321,442,120,2,619.03,5,588.08
1322,443,85,3,534.69,5,507.96
1323,443,5,1,911.59,15,774.85
1324,443,42,4,991.9,20,793.52
1325,443,52,1,452.83,5,430.19
1326,444,112,2,588.08,15,499.87
1327,444,17,3,961.4,0,961.4
1328,444,51,1,612.81,10,551.53
1329,444,37,3,533.72,0,533.72
1330,445,23,1,294.57,5,279.84
1331,445,26,4,318.31,15,270.56
1332,445,35,2,573.05,20,458.44
1333,445,55,2,558.58,15,474.79
1334,446,27,2,295.55,20,236.44
1335,447,15,3,935.03,0,935.03
1336,447,2,1,163.95,5,155.75
1337,447,83,3,1712.06,0,1712.06
1338,447,120,2,619.03,15,526.18
1339,448,50,3,1462.98,0,1462.98
1340,449,15,2,935.03,5,888.28
1341,449,118,2,666.62,5,633.29
1342,449,96,4,1186.97,15,1008.92
1343,450,67,1,98.23,5,93.32
1344,450,47,2,1826.55,20,1461.24
1345,450,62,3,310.74,10,279.67
1346,450,54,3,1069.07,0,1069.07
1347,451,6,1,1063.05,5,1009.9
1348,451,105,3,145.52,20,116.42
1349,451,36,3,1158.32,0,1158.32
1350,451,113,4,392.3,0,392.3
1351,451,55,1,558.58,20,446.86
1352,452,80,2,75.46,0,75.46
1353,452,79,2,150.11,0,150.11
1354,452,73,2,1445.84,0,1445.84
1355,452,25,2,294.34,5,279.62
1356,453,35,4,573.05,0,573.05
1357,453,99,2,158.54,0,158.54
1358,453,10,3,62.65,5,59.52
1359,454,102,4,1036.41,10,932.77
1360,454,26,3,318.31,5,302.39
1361,454,65,1,1604.38,0,1604.38
1362,455,112,3,588.08,15,499.87
1363,455,38,2,1470.45,5,1396.93
1364,455,99,2,158.54,5,150.61
1365,456,73,2,1445.84,0,1445.84
1366,456,6,4,1063.05,15,903.59
1367,456,36,3,1158.32,0,1158.32
1368,456,89,1,1283.76,0,1283.76
1369,456,60,3,485.33,0,485.33
1370,457,112,4,588.08,15,499.87
1371,457,44,3,1125.17,0,1125.17
1372,457,81,1,171.62,5,163.04
1373,457,114,3,711.52,0,711.52
1374,457,41,3,1707.07,20,1365.66
1375,458,78,2,1222.29,5,1161.18
1376,458,3,1,157.77,0,157.77
1377,458,107,4,1079.93,0,1079.93
1378,458,103,3,196.23,5,186.42
1379,458,5,4,911.59,15,774.85
1380,459,38,2,1470.45,5,1396.93
1381,460,117,4,562.18,0,562.18
1382,460,67,4,98.23,15,83.5
1383,460,34,4,1101.51,0,1101.51
1384,460,36,4,1158.32,20,926.66
1385,460,28,3,1431.57,5,1359.99
1386,461,115,4,773.15,0,773.15
1387,461,54,4,1069.07,20,855.26
1388,461,109,2,1167.12,5,1108.76
1389,462,119,3,505.7,15,429.84
1390,462,104,3,497.57,15,422.93
1391,462,116,1,164.08,10,147.67
1392,462,101,3,694.55,20,555.64
1393,462,9,1,1107.42,0,1107.42
1394,463,58,2,710.63,10,639.57
1395,463,61,1,817.65,0,817.65
1396,464,40,4,370.53,0,370.53
1397,464,43,3,470.47,0,470.47
1398,464,6,3,1063.05,5,1009.9
1399,464,90,4,1058.02,0,1058.02
1400,464,59,3,1073.3,0,1073.3
1401,465,91,4,686.63,0,686.63
1402,465,32,4,939.08,10,845.17
1403,466,32,4,939.08,15,798.22
1404,466,28,2,1431.57,0,1431.57
1405,466,4,4,718.58,5,682.65
1406,466,51,1,612.81,10,551.53
1407,466,62,2,310.74,0,310.74
1408,467,54,4,1069.07,10,962.16
1409,467,53,3,854.86,20,683.89
1410,468,79,1,150.11,20,120.09
1411,469,58,3,710.63,0,710.63
1412,469,66,3,773.07,15,657.11
1413,469,83,1,1712.06,5,1626.46
1414,469,65,4,1604.38,20,1283.5
1415,469,56,2,847.46,10,762.71
1416,470,27,2,295.55,15,251.22
1417,470,39,4,696.94,5,662.09
1418,470,88,1,1564.93,15,1330.19
1419,470,105,3,145.52,20,116.42
1420,471,109,3,1167.12,10,1050.41
1421,471,3,2,157.77,0,157.77
1422,471,86,1,1446.82,15,1229.8
1423,472,8,4,741.42,20,593.14
1424,472,34,1,1101.51,10,991.36
1425,472,83,4,1712.06,15,1455.25
1426,472,110,4,732.42,0,732.42
1427,473,51,1,612.81,20,490.25
1428,473,27,1,295.55,5,280.77
1429,473,24,2,769.21,10,692.29
1430,473,108,1,34.47,5,32.75
1431,474,104,2,497.57,20,398.06
1432,474,75,1,403.38,15,342.87
1433,475,105,1,145.52,10,130.97
1434,475,69,2,754.87,5,717.13
1435,475,120,3,619.03,20,495.22
1436,475,21,2,211.59,20,169.27
1437,475,63,2,364.09,5,345.89
1438,476,59,1,1073.3,10,965.97
1439,477,106,3,136.09,0,136.09
1440,477,107,4,1079.93,10,971.94
1441,477,40,3,370.53,0,370.53
1442,477,79,1,150.11,0,150.11
1443,478,69,1,754.87,15,641.64
1444,478,88,2,1564.93,0,1564.93
1445,478,86,3,1446.82,15,1229.8
1446,478,31,1,571.41,0,571.41
1447,478,114,3,711.52,0,711.52
1448,479,79,2,150.11,0,150.11
1449,479,54,3,1069.07,20,855.26
1450,479,58,4,710.63,0,710.63
1451,479,4,1,718.58,0,718.58
1452,479,49,3,1207.0,10,1086.3
1453,480,21,3,211.59,15,179.85
1454,480,35,2,573.05,20,458.44
1455,480,30,1,459.89,15,390.91
1456,480,72,2,1538.12,20,1230.5
1457,480,117,1,562.18,5,534.07
1458,481,15,1,935.03,5,888.28
1459,481,54,4,1069.07,15,908.71
1460,481,61,3,817.65,15,695.0
1461,481,65,2,1604.38,15,1363.72
1462,481,111,1,242.17,0,242.17
1463,482,75,1,403.38,0,403.38
1464,482,111,4,242.17,15,205.84
1465,482,97,3,700.41,20,560.33
1466,482,98,2,316.71,20,253.37
1467,482,116,1,164.08,0,164.08
1468,483,26,4,318.31,20,254.65
1469,484,15,4,935.03,0,935.03
1470,485,20,4,1103.14,0,1103.14
1471,485,53,2,854.86,0,854.86
1472,485,81,1,171.62,10,154.46
1473,485,39,1,696.94,5,662.09
1474,485,6,2,1063.05,5,1009.9
1475,486,68,4,738.25,10,664.43
1476,486,22,2,72.59,15,61.7
1477,487,107,3,1079.93,20,863.94
1478,487,39,1,696.94,15,592.4
1479,487,108,1,34.47,5,32.75
1480,488,67,3,98.23,10,88.41
1481,488,65,2,1604.38,15,1363.72
1482,489,81,4,171.62,10,154.46
1483,489,36,1,1158.32,5,1100.4
1484,489,12,1,719.76,15,611.8
1485,489,10,4,62.65,20,50.12
1486,490,22,4,72.59,5,68.96
1487,491,17,2,961.4,20,769.12
1488,491,2,1,163.95,0,163.95
1489,491,72,1,1538.12,5,1461.21
1490,491,5,1,911.59,15,774.85
1491,492,119,2,505.7,15,429.84
1492,492,54,3,1069.07,0,1069.07
1493,493,28,4,1431.57,15,1216.83
1494,493,42,2,991.9,15,843.12
1495,493,103,3,196.23,0,196.23
1496,494,88,1,1564.93,0,1564.93
1497,494,106,2,136.09,0,136.09
1498,494,113,3,392.3,20,313.84
1499,494,63,2,364.09,0,364.09
1500,494,116,2,164.08,15,139.47
1501,495,28,1,1431.57,10,1288.41
1502,495,53,1,854.86,0,854.86
1503,495,77,2,1305.38,5,1240.11
1504,496,32,3,939.08,10,845.17
1505,496,2,4,163.95,5,155.75
1506,496,24,1,769.21,0,769.21
1507,497,49,2,1207.0,20,965.6
1508,497,84,3,411.12,0,411.12
1509,497,98,4,316.71,0,316.71
1510,497,58,2,710.63,20,568.5
1511,497,1,3,322.54,0,322.54
1512,498,46,4,591.45,0,591.45
1513,498,29,1,1039.47,15,883.55
1514,498,90,4,1058.02,20,846.42
1515,499,100,1,856.08,0,856.08
1516,499,36,4,1158.32,20,926.66
1517,499,87,3,349.08,20,279.26
1518,500,70,4,36.02,5,34.22
1519,500,19,2,1076.96,10,969.26
1520,500,16,3,1450.72,0,1450.72
1521,500,46,4,591.45,5,561.88
1522,500,112,2,588.08,0,588.08
1523,501,30,1,459.89,5,436.9
1524,501,55,4,558.58,20,446.86
1525,502,78,4,1222.29,0,1222.29
1526,502,100,1,856.08,0,856.08
1527,502,80,3,75.46,10,67.91
1528,502,68,3,738.25,10,664.43
1529,503,117,2,562.18,0,562.18
1530,503,110,1,732.42,0,732.42
1531,503,114,2,711.52,10,640.37
1532,503,86,4,1446.82,0,1446.82
1533,504,53,2,854.86,0,854.86
1534,504,73,4,1445.84,5,1373.55
1535,505,10,4,62.65,0,62.65
1536,505,59,2,1073.3,0,1073.3
1537,505,120,4,619.03,10,557.13
1538,505,73,2,1445.84,10,1301.26
1539,506,102,3,1036.41,20,829.13
1540,506,94,4,620.17,20,496.14
1541,506,71,4,741.1,10,666.99
1542,506,32,4,939.08,15,798.22
1543,506,28,4,1431.57,5,1359.99
1544,507,24,1,769.21,0,769.21
1545,507,48,1,1326.91,0,1326.91
1546,507,118,3,666.62,10,599.96
1547,507,100,2,856.08,0,856.08
1548,507,56,3,847.46,10,762.71
1549,508,13,2,1655.28,10,1489.75
1550,508,42,2,991.9,20,793.52
1551,509,11,1,1507.26,0,1507.26
1552,509,20,1,1103.14,0,1103.14
1553,509,17,3,961.4,0,961.4
1554,509,52,4,452.83,5,430.19
1555,509,2,2,163.95,20,131.16
1556,510,93,2,142.55,20,114.04
1557,510,96,1,1186.97,20,949.58
1558,510,9,3,1107.42,15,941.31
1559,510,102,1,1036.41,0,1036.41
1560,510,40,3,370.53,0,370.53
1561,511,27,4,295.55,0,295.55
1562,512,116,4,164.08,0,164.08
1563,512,82,1,1060.64,10,954.58
1564,513,70,4,36.02,0,36.02
1565,513,56,2,847.46,15,720.34
1566,513,83,2,1712.06,0,1712.06
1567,513,42,1,991.9,0,991.9
1568,513,107,2,1079.93,0,1079.93
1569,514,24,4,769.21,5,730.75
1570,514,30,4,459.89,10,413.9
1571,514,44,1,1125.17,10,1012.65
1572,514,107,3,1079.93,10,971.94
1573,514,4,4,718.58,0,718.58
1574,515,106,1,136.09,15,115.68
1575,515,100,3,856.08,5,813.28
1576,515,70,2,36.02,0,36.02
1577,515,118,1,666.62,5,633.29
1578,515,105,3,145.52,0,145.52
1579,516,58,4,710.63,5,675.1
1580,517,120,4,619.03,10,557.13
1581,518,62,3,310.74,20,248.59
1582,518,20,1,1103.14,0,1103.14
1583,518,97,2,700.41,20,560.33
1584,519,63,2,364.09,0,364.09
1585,519,33,2,81.59,0,81.59
1586,519,16,2,1450.72,5,1378.18
1587,520,41,1,1707.07,5,1621.72
1588,520,109,4,1167.12,5,1108.76
1589,520,52,2,452.83,15,384.91
1590,520,13,2,1655.28,0,1655.28
1591,520,2,4,163.95,0,163.95
1592,521,29,4,1039.47,0,1039.47
1593,522,98,3,316.71,20,253.37
1594,522,85,1,534.69,10,481.22
1595,522,23,2,294.57,10,265.11
1596,522,6,4,1063.05,0,1063.05
1597,522,19,2,1076.96,5,1023.11
1598,523,25,3,294.34,15,250.19
1599,524,104,3,497.57,0,497.57
1600,524,38,4,1470.45,0,1470.45
1601,525,78,4,1222.29,0,1222.29
1602,525,1,4,322.54,15,274.16
1603,525,100,4,856.08,20,684.86
1604,525,35,2,573.05,20,458.44
1605,525,64,2,975.06,0,975.06
1606,526,119,1,505.7,15,429.84
1607,527,53,1,854.86,20,683.89
1608,527,42,4,991.9,15,843.12
1609,527,10,1,62.65,15,53.25
1610,527,100,3,856.08,0,856.08
1611,528,89,3,1283.76,0,1283.76
1612,528,31,3,571.41,0,571.41
1613,528,85,4,534.69,0,534.69
1614,528,22,3,72.59,0,72.59
1615,529,105,1,145.52,0,145.52
1616,529,10,3,62.65,10,56.38
1617,529,72,1,1538.12,15,1307.4
1618,529,102,1,1036.41,0,1036.41
1619,529,46,4,591.45,0,591.45
1620,530,92,4,991.45,15,842.73
1621,530,103,3,196.23,0,196.23
1622,530,80,1,75.46,5,71.69
1623,531,83,4,1712.06,20,1369.65
1624,532,1,2,322.54,20,258.03
1625,532,7,1,1212.38,15,1030.52
1626,532,37,3,533.72,0,533.72
1627,532,2,3,163.95,0,163.95
1628,533,36,2,1158.32,0,1158.32
1629,533,3,1,157.77,20,126.22
1630,533,98,1,316.71,15,269.2
1631,533,32,2,939.08,10,845.17
1632,533,78,4,1222.29,5,1161.18
1633,534,99,1,158.54,0,158.54
1634,534,95,3,1360.9,20,1088.72
1635,535,71,1,741.1,15,629.94
1636,535,52,4,452.83,10,407.55
1637,535,88,1,1564.93,0,1564.93
1638,535,36,4,1158.32,0,1158.32
1639,535,81,2,171.62,10,154.46
1640,536,12,3,719.76,15,611.8
1641,536,116,4,164.08,15,139.47
1642,536,49,2,1207.0,20,965.6
1643,537,93,3,142.55,15,121.17
1644,537,31,4,571.41,0,571.41
1645,538,8,2,741.42,10,667.28
1646,538,120,4,619.03,0,619.03
1647,539,109,1,1167.12,20,933.7
1648,539,3,4,157.77,5,149.88
1649,539,65,1,1604.38,10,1443.94
1650,540,72,1,1538.12,15,1307.4
1651,540,62,1,310.74,10,279.67
1652,540,6,1,1063.05,10,956.75
1653,540,77,3,1305.38,20,1044.3
1654,540,22,2,72.59,0,72.59
1655,541,26,2,318.31,20,254.65
1656,542,49,3,1207.0,10,1086.3
1657,542,13,3,1655.28,10,1489.75
1658,542,43,1,470.47,0,470.47
1659,542,69,2,754.87,20,603.9
1660,543,31,1,571.41,10,514.27
1661,543,24,4,769.21,0,769.21
1662,543,85,3,534.69,5,507.96
1663,543,16,2,1450.72,0,1450.72
1664,544,41,2,1707.07,10,1536.36
1665,545,87,3,349.08,0,349.08
1666,545,1,3,322.54,0,322.54
1667,545,61,4,817.65,15,695.0
1668,545,62,1,310.74,20,248.59
1669,546,87,2,349.08,0,349.08
1670,546,115,4,773.15,20,618.52
1671,546,99,1,158.54,0,158.54
1672,546,18,4,1488.64,15,1265.34
1673,546,118,1,666.62,20,533.3
1674,547,74,4,316.46,20,253.17
1675,547,44,4,1125.17,20,900.14
1676,547,94,4,620.17,5,589.16
1677,547,32,2,939.08,20,751.26
1678,547,35,4,573.05,0,573.05
1679,548,42,4,991.9,0,991.9
1680,548,90,3,1058.02,0,1058.02
1681,549,18,4,1488.64,0,1488.64
1682,550,39,4,696.94,0,696.94
1683,550,3,2,157.77,5,149.88
1684,550,17,4,961.4,0,961.4
1685,550,48,3,1326.91,20,1061.53
1686,550,63,1,364.09,5,345.89
1687,551,6,4,1063.05,0,1063.05
1688,551,51,4,612.81,20,490.25
1689,552,48,1,1326.91,0,1326.91
1690,553,114,3,711.52,20,569.22
1691,553,83,1,1712.06,10,1540.85
1692,553,12,1,719.76,0,719.76
1693,553,82,2,1060.64,10,954.58
1694,553,55,1,558.58,10,502.72
1695,554,22,1,72.59,20,58.07
1696,555,82,2,1060.64,0,1060.64
1697,555,4,2,718.58,0,718.58
1698,556,34,4,1101.51,20,881.21
1699,556,44,3,1125.17,10,1012.65
1700,556,21,4,211.59,15,179.85
1701,556,89,3,1283.76,0,1283.76
1702,556,26,1,318.31,10,286.48
1703,557,51,1,612.81,10,551.53
1704,557,6,4,1063.05,0,1063.05
1705,558,111,3,242.17,20,193.74
1706,558,60,4,485.33,0,485.33
1707,559,33,2,81.59,0,81.59
1708,559,104,3,497.57,0,497.57
1709,559,35,3,573.05,15,487.09
1710,560,119,1,505.7,0,505.7
1711,560,43,1,470.47,15,399.9
1712,560,29,1,1039.47,15,883.55
1713,561,77,2,1305.38,0,1305.38
1714,561,50,3,1462.98,20,1170.38
1715,561,45,3,906.51,5,861.18
1716,561,81,4,171.62,0,171.62
1717,561,68,2,738.25,10,664.43
1718,562,20,4,1103.14,0,1103.14
1719,562,16,3,1450.72,15,1233.11
1720,562,64,4,975.06,5,926.31
1721,563,31,4,571.41,0,571.41
1722,564,108,4,34.47,0,34.47
1723,564,18,4,1488.64,0,1488.64
1724,564,40,3,370.53,5,352.0
1725,564,70,2,36.02,20,28.82
1726,565,116,2,164.08,0,164.08
1727,565,118,3,666.62,20,533.3
1728,565,52,1,452.83,0,452.83
1729,565,3,3,157.77,0,157.77
1730,566,48,2,1326.91,15,1127.87
1731,567,9,4,1107.42,0,1107.42
1732,568,55,4,558.58,20,446.86
1733,569,41,4,1707.07,0,1707.07
1734,570,68,1,738.25,0,738.25
1735,570,57,2,391.73,0,391.73
1736,570,74,3,316.46,0,316.46
1737,571,27,2,295.55,10,266.0
1738,572,40,3,370.53,0,370.53
1739,572,57,4,391.73,0,391.73
1740,572,73,3,1445.84,0,1445.84
1741,573,88,3,1564.93,15,1330.19
1742,574,75,4,403.38,0,403.38
1743,574,7,1,1212.38,20,969.9
1744,574,41,4,1707.07,5,1621.72
1745,574,93,3,142.55,20,114.04
1746,575,75,4,403.38,0,403.38
1747,575,28,2,1431.57,0,1431.57
1748,575,55,3,558.58,15,474.79
1749,575,43,4,470.47,0,470.47
1750,576,59,4,1073.3,0,1073.3
1751,576,51,2,612.81,0,612.81
1752,576,71,4,741.1,20,592.88
1753,576,1,4,322.54,20,258.03
1754,576,48,1,1326.91,10,1194.22
1755,577,32,1,939.08,10,845.17
1756,577,110,2,732.42,0,732.42
1757,577,1,1,322.54,10,290.29
1758,578,56,2,847.46,0,847.46
1759,578,63,2,364.09,15,309.48
1760,578,31,4,571.41,0,571.41
1761,579,27,4,295.55,0,295.55
1762,579,73,3,1445.84,0,1445.84
1763,580,112,2,588.08,0,588.08
1764,580,72,2,1538.12,20,1230.5
1765,581,105,4,145.52,5,138.24
1766,581,51,2,612.81,0,612.81
1767,582,57,2,391.73,10,352.56
1768,582,61,2,817.65,0,817.65
1769,583,112,2,588.08,0,588.08
1770,583,44,2,1125.17,0,1125.17
1771,583,84,1,411.12,0,411.12
1772,583,19,1,1076.96,0,1076.96
1773,583,6,4,1063.05,10,956.75
1774,584,30,2,459.89,10,413.9
1775,584,98,3,316.71,0,316.71
1776,585,28,4,1431.57,15,1216.83
1777,585,39,1,696.94,10,627.25
1778,586,68,4,738.25,0,738.25
1779,586,20,3,1103.14,20,882.51
1780,586,114,1,711.52,0,711.52
1781,586,78,3,1222.29,15,1038.95
1782,586,2,3,163.95,0,163.95
1783,587,8,3,741.42,5,704.35
1784,587,118,1,666.62,0,666.62
1785,587,119,2,505.7,0,505.7
1786,587,57,1,391.73,0,391.73
1787,588,101,2,694.55,0,694.55
1788,588,37,4,533.72,15,453.66
1789,588,32,2,939.08,0,939.08
1790,588,28,4,1431.57,5,1359.99
1791,589,60,4,485.33,15,412.53
1792,589,28,1,1431.57,5,1359.99
1793,589,27,4,295.55,0,295.55
1794,589,10,4,62.65,0,62.65
1795,590,1,1,322.54,0,322.54
1796,590,27,4,295.55,20,236.44
1797,590,72,1,1538.12,0,1538.12
1798,590,47,3,1826.55,0,1826.55
1799,591,65,3,1604.38,0,1604.38
1800,591,102,1,1036.41,15,880.95
1801,591,39,4,696.94,20,557.55
1802,591,18,3,1488.64,15,1265.34
1803,591,81,1,171.62,0,171.62
1804,592,35,4,573.05,5,544.4
1805,592,3,3,157.77,10,141.99
1806,592,87,2,349.08,5,331.63
1807,592,83,4,1712.06,5,1626.46
1808,593,48,1,1326.91,20,1061.53
1809,593,73,4,1445.84,20,1156.67
1810,594,2,1,163.95,0,163.95
1811,594,108,4,34.47,0,34.47
1812,595,85,4,534.69,20,427.75
1813,595,46,3,591.45,5,561.88
1814,595,82,1,1060.64,0,1060.64
1815,595,109,4,1167.12,0,1167.12
1816,595,102,3,1036.41,10,932.77
1817,596,83,2,1712.06,10,1540.85
1818,596,76,4,1456.37,15,1237.91
1819,596,27,3,295.55,20,236.44
1820,596,14,1,176.35,0,176.35
1821,597,117,3,562.18,20,449.74
1822,597,91,3,686.63,0,686.63
1823,597,65,3,1604.38,10,1443.94
1824,597,55,2,558.58,0,558.58
1825,597,5,4,911.59,20,729.27
1826,598,38,2,1470.45,10,1323.4
1827,598,28,3,1431.57,5,1359.99
1828,598,17,1,961.4,0,961.4
1829,598,96,1,1186.97,0,1186.97
1830,599,75,1,403.38,15,342.87
1831,599,91,1,686.63,0,686.63
1832,599,120,3,619.03,10,557.13
1833,599,113,3,392.3,0,392.3
1834,599,69,3,754.87,0,754.87
1835,600,90,1,1058.02,0,1058.02
1836,601,56,2,847.46,0,847.46
1837,601,95,2,1360.9,20,1088.72
1838,601,90,3,1058.02,5,1005.12
1839,601,118,3,666.62,0,666.62
1840,602,44,4,1125.17,15,956.39
1841,602,51,4,612.81,0,612.81
1842,603,100,2,856.08,0,856.08
1843,603,65,4,1604.38,10,1443.94
1844,603,68,4,738.25,0,738.25
1845,603,19,3,1076.96,15,915.42
1846,603,117,3,562.18,0,562.18
1847,604,67,1,98.23,15,83.5
1848,604,7,2,1212.38,15,1030.52
1849,604,50,3,1462.98,10,1316.68
1850,604,90,3,1058.02,5,1005.12
1851,605,60,3,485.33,5,461.06
1852,605,96,1,1186.97,20,949.58
1853,605,74,3,316.46,10,284.81
1854,606,88,4,1564.93,0,1564.93
1855,606,57,2,391.73,0,391.73
1856,606,80,4,75.46,0,75.46
1857,606,35,2,573.05,5,544.4
1858,607,7,1,1212.38,10,1091.14
1859,608,54,4,1069.07,5,1015.62
1860,608,11,2,1507.26,0,1507.26
1861,609,54,3,1069.07,0,1069.07
1862,610,94,4,620.17,0,620.17
1863,610,58,3,710.63,5,675.1
1864,610,88,4,1564.93,0,1564.93
1865,611,97,4,700.41,0,700.41
1866,611,98,1,316.71,0,316.71
1867,611,46,3,591.45,5,561.88
1868,612,36,4,1158.32,0,1158.32
1869,612,1,4,322.54,20,258.03
1870,612,7,2,1212.38,0,1212.38
1871,612,50,1,1462.98,0,1462.98
1872,613,54,4,1069.07,0,1069.07
1873,614,42,2,991.9,0,991.9
1874,614,14,3,176.35,0,176.35
1875,614,20,1,1103.14,20,882.51
1876,615,76,1,1456.37,0,1456.37
1877,615,79,2,150.11,0,150.11
1878,615,61,4,817.65,10,735.88
1879,615,120,4,619.03,0,619.03
1880,615,38,2,1470.45,20,1176.36
1881,616,106,1,136.09,15,115.68
1882,616,61,1,817.65,5,776.77
1883,616,112,1,588.08,0,588.08
1884,617,25,3,294.34,20,235.47
1885,617,6,3,1063.05,0,1063.05
1886,617,113,2,392.3,10,353.07
1887,617,80,4,75.46,0,75.46
1888,618,6,3,1063.05,15,903.59
1889,618,103,1,196.23,10,176.61
1890,619,95,3,1360.9,15,1156.77
1891,619,69,1,754.87,0,754.87
1892,619,29,3,1039.47,15,883.55
1893,619,4,1,718.58,10,646.72
1894,619,78,4,1222.29,15,1038.95
1895,620,106,4,136.09,10,122.48
1896,621,112,4,588.08,0,588.08
1897,621,109,3,1167.12,0,1167.12
1898,621,118,2,666.62,10,599.96
1899,621,106,3,136.09,0,136.09
1900,622,47,3,1826.55,10,1643.89
1901,622,50,1,1462.98,0,1462.98
1902,623,118,2,666.62,0,666.62
1903,623,6,4,1063.05,20,850.44
1904,623,60,4,485.33,0,485.33
1905,624,2,2,163.95,10,147.56
1906,624,74,3,316.46,15,268.99
1907,624,42,1,991.9,0,991.9
1908,624,64,1,975.06,0,975.06
1909,624,82,4,1060.64,0,1060.64
1910,625,92,3,991.45,0,991.45
1911,625,79,2,150.11,15,127.59
1912,626,103,2,196.23,0,196.23
1913,627,117,2,562.18,0,562.18
1914,627,68,3,738.25,10,664.43
1915,627,77,1,1305.38,5,1240.11
1916,628,109,2,1167.12,0,1167.12
1917,628,40,2,370.53,0,370.53
1918,629,96,3,1186.97,10,1068.27
1919,629,57,4,391.73,5,372.14
1920,629,86,3,1446.82,10,1302.14
1921,629,59,3,1073.3,0,1073.3
1922,629,61,3,817.65,0,817.65
1923,630,116,2,164.08,0,164.08
1924,630,55,1,558.58,10,502.72
1925,630,95,2,1360.9,20,1088.72
1926,630,35,3,573.05,20,458.44
1927,630,117,4,562.18,15,477.85
1928,631,104,2,497.57,0,497.57
1929,631,36,2,1158.32,0,1158.32
1930,631,14,4,176.35,0,176.35
1931,631,74,3,316.46,15,268.99
1932,631,54,4,1069.07,15,908.71
1933,632,97,4,700.41,0,700.41
1934,632,36,2,1158.32,0,1158.32
1935,632,22,4,72.59,0,72.59
1936,632,59,1,1073.3,5,1019.63
1937,632,54,4,1069.07,0,1069.07
1938,633,28,1,1431.57,0,1431.57
1939,633,85,1,534.69,20,427.75
1940,633,83,1,1712.06,5,1626.46
1941,633,118,2,666.62,0,666.62
1942,633,88,2,1564.93,5,1486.68
1943,634,106,3,136.09,5,129.29
1944,634,44,1,1125.17,5,1068.91
1945,634,73,2,1445.84,0,1445.84
1946,635,59,2,1073.3,0,1073.3
1947,635,93,4,142.55,0,142.55
1948,636,80,2,75.46,0,75.46
1949,636,65,2,1604.38,5,1524.16
1950,636,75,1,403.38,0,403.38
1951,636,4,4,718.58,0,718.58
1952,637,112,4,588.08,0,588.08
1953,637,103,3,196.23,20,156.98
1954,637,92,4,991.45,5,941.88
1955,638,42,4,991.9,5,942.3
1956,638,91,4,686.63,0,686.63
1957,638,34,3,1101.51,0,1101.51
1958,638,10,1,62.65,20,50.12
1959,638,81,1,171.62,20,137.3
1960,639,96,1,1186.97,0,1186.97
1961,639,27,1,295.55,0,295.55
1962,639,60,4,485.33,10,436.8
1963,639,66,1,773.07,10,695.76
1964,640,39,4,696.94,0,696.94
1965,640,48,4,1326.91,20,1061.53
1966,640,66,2,773.07,10,695.76
1967,640,78,3,1222.29,10,1100.06
1968,640,98,4,316.71,5,300.87
1969,641,68,2,738.25,0,738.25
1970,641,3,4,157.77,5,149.88
1971,642,20,2,1103.14,10,992.83
1972,643,88,1,1564.93,15,1330.19
1973,643,14,3,176.35,15,149.9
1974,643,24,1,769.21,10,692.29
1975,643,15,1,935.03,0,935.03
1976,644,83,1,1712.06,10,1540.85
1977,644,102,2,1036.41,20,829.13
1978,644,70,1,36.02,15,30.62
1979,644,67,4,98.23,0,98.23
1980,644,50,4,1462.98,5,1389.83
1981,645,5,2,911.59,0,911.59
1982,645,112,4,588.08,20,470.46
1983,645,16,2,1450.72,10,1305.65
1984,645,7,2,1212.38,5,1151.76
1985,645,59,2,1073.3,0,1073.3
1986,646,116,4,164.08,15,139.47
1987,646,91,3,686.63,10,617.97
1988,646,66,4,773.07,0,773.07
1989,647,92,1,991.45,5,941.88
1990,647,41,4,1707.07,0,1707.07
1991,648,66,2,773.07,0,773.07
1992,648,79,3,150.11,0,150.11
1993,648,53,4,854.86,0,854.86
1994,648,111,4,242.17,5,230.06
1995,649,95,2,1360.9,20,1088.72
1996,649,13,2,1655.28,0,1655.28
1997,650,43,1,470.47,15,399.9
1998,650,44,3,1125.17,5,1068.91
1999,650,81,1,171.62,0,171.62
2000,651,83,4,1712.06,10,1540.85
2001,651,12,2,719.76,10,647.78
2002,652,91,3,686.63,0,686.63
2003,652,106,3,136.09,0,136.09
2004,652,36,2,1158.32,0,1158.32
2005,653,40,1,370.53,0,370.53
2006,654,7,1,1212.38,20,969.9
2007,654,84,2,411.12,0,411.12
2008,654,118,3,666.62,20,533.3
2009,654,90,1,1058.02,0,1058.02
2010,655,69,4,754.87,20,603.9
2011,655,57,1,391.73,15,332.97
2012,655,15,1,935.03,10,841.53
2013,655,42,4,991.9,20,793.52
2014,656,80,2,75.46,0,75.46
2015,656,58,3,710.63,20,568.5
2016,656,69,3,754.87,0,754.87
2017,656,7,4,1212.38,10,1091.14
2018,657,34,3,1101.51,0,1101.51
2019,657,53,2,854.86,20,683.89
2020,657,61,4,817.65,15,695.0
2021,658,39,4,696.94,0,696.94
2022,658,105,2,145.52,10,130.97
2023,658,3,3,157.77,5,149.88
2024,658,9,2,1107.42,20,885.94
2025,659,65,1,1604.38,0,1604.38
2026,659,85,4,534.69,0,534.69
2027,659,27,4,295.55,15,251.22
2028,659,112,2,588.08,10,529.27
2029,660,85,2,534.69,0,534.69
2030,660,57,4,391.73,10,352.56
2031,661,91,2,686.63,10,617.97
2032,661,5,1,911.59,0,911.59
2033,662,48,2,1326.91,20,1061.53
2034,662,118,2,666.62,0,666.62
2035,662,91,2,686.63,0,686.63
2036,662,85,1,534.69,5,507.96
2037,662,39,3,696.94,0,696.94
2038,663,45,2,906.51,10,815.86
2039,663,81,4,171.62,20,137.3
2040,663,95,4,1360.9,0,1360.9
2041,663,33,4,81.59,0,81.59
2042,663,69,3,754.87,0,754.87
2043,664,109,4,1167.12,0,1167.12
2044,664,61,1,817.65,0,817.65
2045,664,91,3,686.63,10,617.97
2046,664,33,3,81.59,15,69.35
2047,665,118,4,666.62,0,666.62
2048,666,15,3,935.03,0,935.03
2049,666,55,2,558.58,0,558.58
2050,666,9,1,1107.42,10,996.68
2051,666,57,1,391.73,5,372.14
2052,666,1,1,322.54,15,274.16
2053,667,115,3,773.15,20,618.52
2054,667,13,3,1655.28,15,1406.99
2055,667,30,4,459.89,5,436.9
2056,668,91,3,686.63,20,549.3
2057,669,27,3,295.55,0,295.55
2058,669,89,2,1283.76,10,1155.38
2059,669,63,2,364.09,10,327.68
2060,669,104,4,497.57,0,497.57
2061,669,58,2,710.63,0,710.63
2062,670,104,2,497.57,5,472.69
2063,671,120,4,619.03,15,526.18
2064,671,96,2,1186.97,0,1186.97
2065,671,4,2,718.58,5,682.65
2066,672,58,4,710.63,5,675.1
2067,672,59,4,1073.3,5,1019.63
2068,672,16,1,1450.72,0,1450.72
2069,672,77,2,1305.38,0,1305.38
2070,673,118,1,666.62,0,666.62
2071,673,31,2,571.41,0,571.41
2072,673,36,2,1158.32,0,1158.32
2073,673,23,1,294.57,0,294.57
2074,674,93,4,142.55,10,128.3
2075,674,57,2,391.73,5,372.14
2076,675,46,1,591.45,5,561.88
2077,675,80,4,75.46,10,67.91
2078,675,95,1,1360.9,0,1360.9
2079,675,3,2,157.77,15,134.1
2080,676,36,1,1158.32,0,1158.32
2081,676,105,3,145.52,0,145.52
2082,676,52,2,452.83,0,452.83
2083,677,100,3,856.08,0,856.08
2084,677,110,4,732.42,0,732.42
2085,678,117,3,562.18,0,562.18
2086,678,47,4,1826.55,20,1461.24
2087,678,56,1,847.46,0,847.46
2088,678,113,4,392.3,0,392.3
2089,679,97,1,700.41,10,630.37
2090,679,17,3,961.4,15,817.19
2091,679,49,4,1207.0,10,1086.3
2092,679,28,3,1431.57,0,1431.57
2093,680,98,4,316.71,5,300.87
2094,680,21,3,211.59,20,169.27
2095,680,82,1,1060.64,0,1060.64
2096,680,24,1,769.21,0,769.21
2097,680,63,2,364.09,20,291.27
2098,681,42,3,991.9,0,991.9
2099,681,1,1,322.54,15,274.16
2100,681,23,2,294.57,20,235.66
2101,681,96,3,1186.97,20,949.58
2102,681,103,3,196.23,15,166.8
2103,682,113,4,392.3,0,392.3
2104,682,71,2,741.1,10,666.99
2105,682,52,2,452.83,10,407.55
2106,683,39,4,696.94,20,557.55
2107,684,30,3,459.89,0,459.89
2108,684,9,3,1107.42,5,1052.05
2109,685,48,4,1326.91,0,1326.91
2110,686,107,1,1079.93,0,1079.93
2111,686,26,4,318.31,10,286.48
2112,686,20,4,1103.14,10,992.83
2113,686,46,3,591.45,0,591.45
2114,686,12,1,719.76,0,719.76
2115,687,38,1,1470.45,10,1323.4
2116,688,37,4,533.72,15,453.66
2117,688,32,4,939.08,5,892.13
2118,688,57,1,391.73,10,352.56
2119,689,7,3,1212.38,10,1091.14
2120,689,90,1,1058.02,0,1058.02
2121,690,93,4,142.55,0,142.55
2122,691,40,2,370.53,10,333.48
2123,692,42,1,991.9,0,991.9
2124,693,30,4,459.89,0,459.89
2125,693,56,1,847.46,20,677.97
2126,693,62,1,310.74,5,295.2
2127,694,10,4,62.65,15,53.25
2128,694,71,3,741.1,5,704.04
2129,694,59,3,1073.3,0,1073.3
2130,694,13,3,1655.28,20,1324.22
2131,694,6,4,1063.05,20,850.44
2132,695,53,1,854.86,0,854.86
2133,696,106,2,136.09,20,108.87
2134,696,75,1,403.38,0,403.38
2135,696,85,3,534.69,0,534.69
2136,696,26,2,318.31,0,318.31
2137,697,5,1,911.59,0,911.59
2138,697,7,4,1212.38,20,969.9
2139,697,24,3,769.21,15,653.83
2140,697,25,3,294.34,15,250.19
2141,698,87,3,349.08,20,279.26
2142,699,22,1,72.59,0,72.59
2143,699,37,3,533.72,20,426.98
2144,700,4,4,718.58,5,682.65
2145,700,52,1,452.83,0,452.83
2146,701,10,2,62.65,0,62.65
2147,701,33,1,81.59,20,65.27
2148,701,41,4,1707.07,5,1621.72
2149,702,27,2,295.55,0,295.55
2150,702,109,2,1167.12,20,933.7
2151,703,36,1,1158.32,0,1158.32
2152,703,5,2,911.59,20,729.27
2153,704,17,3,961.4,5,913.33
2154,704,24,2,769.21,15,653.83
2155,704,86,1,1446.82,0,1446.82
2156,704,23,1,294.57,20,235.66
2157,704,7,1,1212.38,0,1212.38
2158,705,33,3,81.59,0,81.59
2159,705,69,2,754.87,10,679.38
2160,706,25,2,294.34,15,250.19
2161,707,47,4,1826.55,0,1826.55
2162,707,24,2,769.21,0,769.21
2163,708,94,3,620.17,0,620.17
2164,708,77,4,1305.38,15,1109.57
2165,709,43,3,470.47,0,470.47
2166,709,17,4,961.4,0,961.4
2167,709,28,3,1431.57,10,1288.41
2168,710,55,3,558.58,10,502.72
2169,710,102,4,1036.41,5,984.59
2170,710,1,2,322.54,0,322.54
2171,710,23,2,294.57,15,250.38
2172,711,94,3,620.17,0,620.17
2173,712,97,4,700.41,15,595.35
2174,712,59,2,1073.3,0,1073.3
2175,712,82,3,1060.64,0,1060.64
2176,712,86,4,1446.82,20,1157.46
2177,713,46,1,591.45,0,591.45
2178,713,52,2,452.83,5,430.19
2179,714,48,1,1326.91,0,1326.91
2180,714,105,4,145.52,20,116.42
2181,714,43,4,470.47,0,470.47
2182,714,73,3,1445.84,20,1156.67
2183,715,112,1,588.08,10,529.27
2184,715,82,4,1060.64,5,1007.61
2185,716,14,3,176.35,0,176.35
2186,716,35,2,573.05,5,544.4
2187,716,61,3,817.65,0,817.65
2188,717,113,3,392.3,20,313.84
2189,717,57,4,391.73,5,372.14
2190,717,100,3,856.08,15,727.67
2191,718,44,4,1125.17,0,1125.17
2192,718,27,3,295.55,15,251.22
2193,719,20,2,1103.14,15,937.67
2194,719,38,4,1470.45,5,1396.93
2195,720,20,1,1103.14,0,1103.14
2196,720,39,4,696.94,20,557.55
2197,720,14,4,176.35,0,176.35
2198,720,44,2,1125.17,0,1125.17
2199,720,61,3,817.65,0,817.65
2200,721,53,4,854.86,0,854.86
2201,721,71,1,741.1,5,704.04
2202,721,43,1,470.47,5,446.95
2203,722,19,2,1076.96,10,969.26
2204,722,38,1,1470.45,5,1396.93
2205,722,73,1,1445.84,0,1445.84
2206,722,61,2,817.65,15,695.0
2207,722,76,1,1456.37,0,1456.37
2208,723,115,2,773.15,15,657.18
2209,723,101,4,694.55,0,694.55
2210,723,66,1,773.07,0,773.07
2211,723,84,1,411.12,5,390.56
2212,724,61,4,817.65,0,817.65
2213,724,17,4,961.4,15,817.19
2214,725,100,1,856.08,0,856.08
2215,725,107,3,1079.93,10,971.94
2216,726,55,1,558.58,10,502.72
2217,726,105,2,145.52,5,138.24
2218,726,62,3,310.74,10,279.67
2219,726,71,2,741.1,0,741.1
2220,726,116,2,164.08,0,164.08
2221,727,51,3,612.81,20,490.25
2222,727,101,4,694.55,5,659.82
2223,727,26,2,318.31,0,318.31
2224,728,108,2,34.47,5,32.75
2225,728,19,3,1076.96,0,1076.96
2226,728,96,4,1186.97,0,1186.97
2227,729,77,4,1305.38,0,1305.38
2228,729,14,3,176.35,0,176.35
2229,730,51,3,612.81,10,551.53
2230,730,106,1,136.09,15,115.68
2231,731,24,4,769.21,15,653.83
2232,732,92,1,991.45,10,892.31
2233,732,38,4,1470.45,5,1396.93
2234,732,73,1,1445.84,5,1373.55
2235,732,59,2,1073.3,0,1073.3
2236,733,29,1,1039.47,0,1039.47
2237,733,77,4,1305.38,0,1305.38
2238,733,15,2,935.03,0,935.03
2239,734,4,2,718.58,10,646.72
2240,734,15,3,935.03,15,794.78
2241,734,52,1,452.83,20,362.26
2242,734,100,1,856.08,0,856.08
2243,734,92,2,991.45,0,991.45
2244,735,35,4,573.05,20,458.44
2245,735,28,4,1431.57,15,1216.83
2246,735,61,2,817.65,15,695.0
2247,736,69,3,754.87,0,754.87
2248,736,102,3,1036.41,0,1036.41
2249,736,13,1,1655.28,0,1655.28
2250,737,64,1,975.06,0,975.06
2251,737,77,1,1305.38,0,1305.38
2252,737,28,4,1431.57,0,1431.57
2253,737,5,3,911.59,10,820.43
2254,738,85,3,534.69,15,454.49
2255,738,11,2,1507.26,0,1507.26
2256,738,99,2,158.54,10,142.69
2257,738,4,4,718.58,20,574.86
2258,738,7,4,1212.38,0,1212.38
2259,739,118,1,666.62,10,599.96
2260,739,70,1,36.02,0,36.02
2261,739,5,3,911.59,0,911.59
2262,739,96,1,1186.97,20,949.58
2263,740,34,3,1101.51,0,1101.51
2264,740,65,3,1604.38,0,1604.38
2265,741,27,3,295.55,0,295.55
2266,742,55,1,558.58,15,474.79
2267,743,73,1,1445.84,0,1445.84
2268,743,86,4,1446.82,0,1446.82
2269,743,13,1,1655.28,0,1655.28
2270,743,63,4,364.09,0,364.09
2271,744,102,4,1036.41,0,1036.41
2272,745,113,1,392.3,10,353.07
2273,745,18,3,1488.64,20,1190.91
2274,746,18,3,1488.64,5,1414.21
2275,747,21,1,211.59,0,211.59
2276,748,16,2,1450.72,20,1160.58
2277,749,59,2,1073.3,5,1019.63
2278,749,109,1,1167.12,20,933.7
2279,749,81,2,171.62,5,163.04
2280,749,39,4,696.94,20,557.55
2281,749,41,3,1707.07,5,1621.72
2282,750,38,1,1470.45,0,1470.45
2283,750,111,1,242.17,0,242.17
2284,750,55,4,558.58,0,558.58
2285,750,25,1,294.34,15,250.19
2286,751,16,2,1450.72,0,1450.72
2287,751,101,2,694.55,0,694.55
2288,751,74,3,316.46,0,316.46
2289,751,37,1,533.72,0,533.72
2290,752,11,3,1507.26,0,1507.26
2291,752,118,3,666.62,0,666.62
2292,753,77,4,1305.38,0,1305.38
2293,753,85,4,534.69,10,481.22
2294,753,56,3,847.46,20,677.97
2295,753,24,3,769.21,0,769.21
2296,754,42,4,991.9,15,843.12
2297,754,23,3,294.57,0,294.57
2298,755,18,3,1488.64,0,1488.64
2299,756,93,4,142.55,10,128.3
2300,756,104,3,497.57,10,447.81
2301,756,9,3,1107.42,5,1052.05
2302,756,120,4,619.03,10,557.13
2303,757,65,2,1604.38,0,1604.38
2304,757,73,1,1445.84,0,1445.84
2305,757,77,1,1305.38,10,1174.84
2306,758,56,4,847.46,0,847.46
2307,758,58,3,710.63,0,710.63
2308,758,45,3,906.51,0,906.51
2309,759,58,1,710.63,5,675.1
2310,759,82,2,1060.64,5,1007.61
2311,760,18,4,1488.64,0,1488.64
2312,760,98,1,316.71,0,316.71
2313,760,84,4,411.12,20,328.9
2314,760,47,1,1826.55,5,1735.22
2315,761,85,1,534.69,0,534.69
2316,762,110,3,732.42,0,732.42
2317,762,84,2,411.12,0,411.12
2318,762,118,4,666.62,10,599.96
2319,763,111,4,242.17,20,193.74
2320,763,24,1,769.21,0,769.21
2321,763,34,1,1101.51,15,936.28
2322,763,6,4,1063.05,5,1009.9
2323,764,77,1,1305.38,5,1240.11
2324,764,8,2,741.42,10,667.28
2325,764,87,2,349.08,0,349.08
2326,764,35,4,573.05,5,544.4
2327,764,103,2,196.23,0,196.23
2328,765,93,2,142.55,0,142.55
2329,765,15,2,935.03,0,935.03
2330,765,16,2,1450.72,0,1450.72
2331,765,45,2,906.51,10,815.86
2332,765,112,2,588.08,0,588.08
2333,766,69,3,754.87,5,717.13
2334,767,111,2,242.17,0,242.17
2335,767,20,3,1103.14,0,1103.14
2336,767,68,1,738.25,0,738.25
2337,768,5,3,911.59,5,866.01
2338,769,103,1,196.23,15,166.8
2339,769,15,1,935.03,0,935.03
2340,769,30,3,459.89,15,390.91
2341,769,48,1,1326.91,20,1061.53
2342,769,114,3,711.52,0,711.52
2343,770,100,2,856.08,0,856.08
2344,770,57,2,391.73,20,313.38
2345,770,119,1,505.7,20,404.56
2346,771,38,3,1470.45,5,1396.93
2347,771,16,1,1450.72,10,1305.65
2348,771,82,4,1060.64,10,954.58
2349,771,90,2,1058.02,0,1058.02
2350,772,119,1,505.7,20,404.56
2351,772,70,1,36.02,0,36.02
2352,773,14,3,176.35,0,176.35
2353,773,80,3,75.46,0,75.46
2354,773,37,3,533.72,20,426.98
2355,774,101,1,694.55,15,590.37
2356,774,98,3,316.71,0,316.71
2357,775,72,3,1538.12,15,1307.4
2358,775,53,2,854.86,10,769.37
2359,775,103,1,196.23,0,196.23
2360,775,59,1,1073.3,15,912.3
2361,776,87,1,349.08,5,331.63
2362,776,72,2,1538.12,20,1230.5
2363,776,119,3,505.7,5,480.41
2364,776,79,1,150.11,15,127.59
2365,776,29,2,1039.47,5,987.5
2366,777,75,1,403.38,0,403.38
2367,777,99,4,158.54,0,158.54
2368,777,15,2,935.03,20,748.02
2369,777,86,4,1446.82,10,1302.14
2370,777,19,1,1076.96,0,1076.96
2371,778,71,4,741.1,20,592.88
2372,778,42,3,991.9,10,892.71
2373,778,45,3,906.51,15,770.53
2374,779,70,3,36.02,0,36.02
2375,780,115,4,773.15,10,695.84
2376,780,95,1,1360.9,15,1156.77
2377,780,1,3,322.54,0,322.54
2378,780,107,2,1079.93,10,971.94
2379,780,54,4,1069.07,0,1069.07
2380,781,9,3,1107.42,5,1052.05
2381,781,94,4,620.17,0,620.17
2382,781,7,2,1212.38,5,1151.76
2383,781,50,3,1462.98,0,1462.98
2384,782,115,3,773.15,0,773.15
2385,782,6,4,1063.05,5,1009.9
2386,782,11,1,1507.26,0,1507.26
2387,782,52,4,452.83,15,384.91
2388,783,9,1,1107.42,0,1107.42
2389,783,39,3,696.94,0,696.94
2390,783,76,1,1456.37,10,1310.73
2391,783,116,3,164.08,0,164.08
2392,783,71,4,741.1,15,629.94
2393,784,79,4,150.11,0,150.11
2394,784,21,3,211.59,0,211.59
2395,784,82,4,1060.64,20,848.51
2396,784,109,4,1167.12,20,933.7
2397,785,42,1,991.9,10,892.71
2398,785,103,3,196.23,15,166.8
2399,786,31,2,571.41,0,571.41
2400,786,96,2,1186.97,0,1186.97
2401,787,66,1,773.07,0,773.07
2402,787,1,1,322.54,5,306.41
2403,787,99,2,158.54,0,158.54
2404,788,93,3,142.55,0,142.55
2405,789,112,1,588.08,0,588.08
2406,789,51,3,612.81,0,612.81
2407,790,37,1,533.72,5,507.03
2408,790,109,2,1167.12,20,933.7
2409,790,75,4,403.38,10,363.04
2410,790,119,4,505.7,0,505.7
2411,791,36,3,1158.32,5,1100.4
2412,791,22,1,72.59,0,72.59
2413,792,29,2,1039.47,10,935.52
2414,792,85,3,534.69,15,454.49
2415,793,38,1,1470.45,0,1470.45
2416,793,46,2,591.45,10,532.31
2417,793,24,4,769.21,0,769.21
2418,793,120,1,619.03,0,619.03
2419,793,29,1,1039.47,20,831.58
2420,794,78,4,1222.29,0,1222.29
2421,794,56,1,847.46,5,805.09
2422,795,13,3,1655.28,0,1655.28
2423,795,63,2,364.09,20,291.27
2424,796,4,1,718.58,5,682.65
2425,796,39,4,696.94,10,627.25
2426,797,116,3,164.08,15,139.47
2427,797,16,2,1450.72,10,1305.65
2428,798,116,4,164.08,10,147.67
2429,798,52,2,452.83,5,430.19
2430,799,51,2,612.81,0,612.81
2431,800,97,1,700.41,20,560.33
2432,800,5,2,911.59,10,820.43
2433,800,28,2,1431.57,10,1288.41
2434,801,39,3,696.94,0,696.94
2435,802,20,4,1103.14,0,1103.14
2436,802,6,1,1063.05,0,1063.05
2437,803,31,2,571.41,5,542.84
2438,803,83,4,1712.06,0,1712.06
2439,803,32,1,939.08,0,939.08
2440,803,28,1,1431.57,15,1216.83
2441,803,48,1,1326.91,0,1326.91
2442,804,83,2,1712.06,0,1712.06
2443,804,44,3,1125.17,5,1068.91
2444,804,56,3,847.46,15,720.34
2445,804,13,4,1655.28,0,1655.28
2446,804,49,3,1207.0,0,1207.0
2447,805,40,2,370.53,0,370.53
2448,805,1,1,322.54,0,322.54
2449,805,94,3,620.17,15,527.14
2450,805,58,2,710.63,0,710.63
2451,805,75,2,403.38,0,403.38
2452,806,84,1,411.12,0,411.12
2453,806,81,3,171.62,5,163.04
2454,806,60,3,485.33,5,461.06
2455,806,118,3,666.62,20,533.3
2456,807,57,1,391.73,10,352.56
2457,807,2,3,163.95,20,131.16
2458,808,26,1,318.31,0,318.31
2459,808,87,4,349.08,5,331.63
2460,808,79,4,150.11,5,142.6
2461,809,44,4,1125.17,15,956.39
2462,809,8,4,741.42,0,741.42
2463,809,45,2,906.51,0,906.51
2464,809,23,2,294.57,10,265.11
2465,810,106,3,136.09,5,129.29
2466,811,8,1,741.42,0,741.42
2467,811,53,2,854.86,0,854.86
2468,811,85,1,534.69,15,454.49
2469,811,10,1,62.65,5,59.52
2470,811,103,4,196.23,15,166.8
2471,812,88,4,1564.93,15,1330.19
2472,812,119,4,505.7,0,505.7
2473,812,57,3,391.73,0,391.73
2474,812,4,2,718.58,0,718.58
2475,812,50,2,1462.98,15,1243.53
2476,813,16,2,1450.72,0,1450.72
2477,813,70,2,36.02,5,34.22
2478,813,46,3,591.45,15,502.73
2479,813,75,3,403.38,5,383.21
2480,814,117,1,562.18,0,562.18
2481,814,64,3,975.06,20,780.05
2482,815,78,2,1222.29,0,1222.29
2483,815,40,1,370.53,0,370.53
2484,816,59,3,1073.3,20,858.64
2485,816,107,2,1079.93,10,971.94
2486,817,73,2,1445.84,15,1228.96
2487,817,117,1,562.18,0,562.18
2488,817,90,2,1058.02,0,1058.02
2489,817,20,4,1103.14,0,1103.14
2490,817,112,4,588.08,5,558.68
2491,818,27,3,295.55,0,295.55
2492,818,17,4,961.4,15,817.19
2493,818,62,2,310.74,20,248.59
2494,818,97,4,700.41,5,665.39
2495,818,69,3,754.87,10,679.38
2496,819,113,3,392.3,0,392.3
2497,820,18,1,1488.64,20,1190.91
2498,820,6,4,1063.05,20,850.44
2499,820,13,3,1655.28,0,1655.28
2500,820,100,4,856.08,5,813.28
2501,820,36,3,1158.32,0,1158.32
2502,821,57,2,391.73,20,313.38
2503,821,111,3,242.17,0,242.17
2504,821,102,2,1036.41,5,984.59
2505,821,113,2,392.3,0,392.3
2506,822,45,2,906.51,5,861.18
2507,822,29,3,1039.47,15,883.55
2508,822,104,4,497.57,0,497.57
2509,823,79,4,150.11,10,135.1
2510,823,61,3,817.65,10,735.88
2511,823,53,4,854.86,0,854.86
2512,823,34,2,1101.51,0,1101.51
2513,824,37,1,533.72,0,533.72
2514,824,91,4,686.63,15,583.64
2515,824,48,2,1326.91,0,1326.91
2516,824,107,1,1079.93,5,1025.93
2517,824,16,2,1450.72,10,1305.65
2518,825,42,3,991.9,20,793.52
2519,825,50,1,1462.98,0,1462.98
2520,825,69,1,754.87,20,603.9
2521,825,119,4,505.7,20,404.56
2522,826,97,4,700.41,15,595.35
2523,826,58,4,710.63,0,710.63
2524,827,30,4,459.89,10,413.9
2525,827,95,2,1360.9,0,1360.9
2526,827,41,3,1707.07,20,1365.66
2527,827,90,2,1058.02,0,1058.02
2528,827,3,2,157.77,10,141.99
2529,828,39,4,696.94,20,557.55
2530,829,116,2,164.08,20,131.26
2531,829,1,2,322.54,0,322.54
2532,829,24,4,769.21,5,730.75
2533,830,110,1,732.42,0,732.42
2534,830,89,3,1283.76,5,1219.57
2535,830,120,4,619.03,20,495.22
2536,830,90,2,1058.02,0,1058.02
2537,830,86,1,1446.82,20,1157.46
2538,831,38,1,1470.45,0,1470.45
2539,831,90,2,1058.02,15,899.32
2540,831,84,2,411.12,0,411.12
2541,831,7,3,1212.38,5,1151.76
2542,831,59,2,1073.3,20,858.64
2543,832,25,2,294.34,15,250.19
2544,832,57,1,391.73,10,352.56
2545,833,41,4,1707.07,5,1621.72
2546,833,9,4,1107.42,20,885.94
2547,833,92,4,991.45,0,991.45
2548,834,26,2,318.31,20,254.65
2549,834,53,4,854.86,0,854.86
2550,834,81,1,171.62,0,171.62
2551,834,29,1,1039.47,0,1039.47
2552,835,4,1,718.58,15,610.79
2553,835,106,3,136.09,10,122.48
2554,836,17,3,961.4,20,769.12
2555,836,50,2,1462.98,0,1462.98
2556,836,105,2,145.52,5,138.24
2557,837,87,2,349.08,15,296.72
2558,837,74,4,316.46,5,300.64
2559,837,49,1,1207.0,15,1025.95
2560,837,3,2,157.77,5,149.88
2561,838,110,3,732.42,15,622.56
2562,839,78,4,1222.29,10,1100.06
2563,839,118,2,666.62,0,666.62
2564,839,37,3,533.72,5,507.03
2565,840,73,1,1445.84,0,1445.84
2566,840,92,2,991.45,0,991.45
2567,840,107,3,1079.93,10,971.94
2568,841,98,2,316.71,0,316.71
2569,841,111,1,242.17,20,193.74
2570,841,12,1,719.76,0,719.76
2571,842,116,3,164.08,0,164.08
2572,843,15,1,935.03,10,841.53
2573,843,61,1,817.65,0,817.65
2574,843,45,1,906.51,0,906.51
2575,843,101,3,694.55,15,590.37
2576,844,8,3,741.42,0,741.42
2577,845,31,4,571.41,5,542.84
2578,845,9,3,1107.42,0,1107.42
2579,845,45,2,906.51,20,725.21
2580,846,25,1,294.34,0,294.34
2581,846,67,2,98.23,5,93.32
2582,846,82,3,1060.64,5,1007.61
2583,847,46,2,591.45,0,591.45
2584,847,65,1,1604.38,0,1604.38
2585,847,7,4,1212.38,10,1091.14
2586,848,49,1,1207.0,5,1146.65
2587,848,37,4,533.72,10,480.35
2588,848,58,3,710.63,0,710.63
2589,849,119,1,505.7,0,505.7
2590,850,102,4,1036.41,10,932.77
2591,850,117,2,562.18,5,534.07
2592,850,85,1,534.69,5,507.96
2593,850,14,1,176.35,0,176.35
2594,851,67,4,98.23,20,78.58
2595,851,119,4,505.7,0,505.7
2596,851,50,1,1462.98,10,1316.68
2597,852,61,3,817.65,10,735.88
2598,852,106,2,136.09,15,115.68
2599,852,107,2,1079.93,0,1079.93
2600,852,50,4,1462.98,0,1462.98
2601,852,57,4,391.73,20,313.38
2602,853,93,3,142.55,20,114.04
2603,854,43,2,470.47,0,470.47
2604,855,33,1,81.59,10,73.43
2605,855,46,3,591.45,5,561.88
2606,856,57,3,391.73,0,391.73
2607,856,91,3,686.63,0,686.63
2608,856,20,2,1103.14,10,992.83
2609,857,99,2,158.54,5,150.61
2610,857,98,4,316.71,15,269.2
2611,857,66,2,773.07,0,773.07
2612,857,21,4,211.59,20,169.27
2613,857,37,4,533.72,0,533.72
2614,858,6,3,1063.05,5,1009.9
2615,858,9,4,1107.42,10,996.68
2616,858,88,4,1564.93,10,1408.44
2617,858,43,2,470.47,0,470.47
2618,858,70,2,36.02,0,36.02
2619,859,101,3,694.55,0,694.55
2620,859,66,2,773.07,20,618.46
2621,860,23,4,294.57,10,265.11
2622,860,62,2,310.74,0,310.74
2623,860,97,3,700.41,0,700.41
2624,860,50,3,1462.98,20,1170.38
2625,861,22,3,72.59,0,72.59
2626,862,48,1,1326.91,20,1061.53
2627,862,39,4,696.94,20,557.55
2628,862,55,2,558.58,0,558.58
2629,862,14,4,176.35,0,176.35
2630,862,31,1,571.41,15,485.7
2631,863,98,2,316.71,5,300.87
2632,863,107,4,1079.93,5,1025.93
2633,863,29,4,1039.47,15,883.55
2634,863,72,1,1538.12,0,1538.12
2635,864,38,4,1470.45,15,1249.88
2636,864,18,4,1488.64,0,1488.64
2637,864,41,1,1707.07,20,1365.66
2638,864,17,1,961.4,0,961.4
2639,864,89,4,1283.76,0,1283.76
2640,865,10,2,62.65,15,53.25
2641,865,7,3,1212.38,0,1212.38
2642,866,38,3,1470.45,5,1396.93
2643,866,87,2,349.08,15,296.72
2644,867,45,4,906.51,20,725.21
2645,868,61,4,817.65,0,817.65
2646,868,13,4,1655.28,0,1655.28
2647,868,97,4,700.41,0,700.41
2648,868,80,4,75.46,0,75.46
2649,869,52,3,452.83,0,452.83
2650,869,99,4,158.54,10,142.69
2651,869,59,2,1073.3,0,1073.3
2652,869,53,3,854.86,20,683.89
2653,870,3,3,157.77,0,157.77
2654,870,79,2,150.11,20,120.09
2655,870,92,3,991.45,0,991.45
2656,871,88,4,1564.93,10,1408.44
2657,871,92,2,991.45,15,842.73
2658,871,47,2,1826.55,0,1826.55
2659,871,26,1,318.31,10,286.48
2660,872,98,3,316.71,0,316.71
2661,873,91,3,686.63,5,652.3
2662,873,2,2,163.95,5,155.75
2663,873,59,1,1073.3,20,858.64
2664,873,3,1,157.77,0,157.77
2665,873,47,4,1826.55,20,1461.24
2666,874,15,1,935.03,0,935.03
2667,874,11,1,1507.26,5,1431.9
2668,874,117,2,562.18,5,534.07
2669,874,43,1,470.47,0,470.47
2670,874,5,1,911.59,0,911.59
2671,875,45,2,906.51,15,770.53
2672,875,72,3,1538.12,20,1230.5
2673,875,74,4,316.46,0,316.46
2674,875,92,4,991.45,20,793.16
2675,876,118,3,666.62,10,599.96
2676,876,110,2,732.42,0,732.42
2677,876,27,4,295.55,0,295.55
2678,876,29,2,1039.47,0,1039.47
2679,876,41,3,1707.07,10,1536.36
2680,877,61,3,817.65,5,776.77
2681,877,73,2,1445.84,15,1228.96
2682,877,12,4,719.76,15,611.8
2683,877,105,4,145.52,20,116.42
2684,878,87,2,349.08,0,349.08
2685,878,107,2,1079.93,0,1079.93
2686,878,31,4,571.41,15,485.7
2687,879,105,4,145.52,5,138.24
2688,879,85,3,534.69,0,534.69
2689,880,19,3,1076.96,20,861.57
2690,880,40,2,370.53,15,314.95
2691,880,51,4,612.81,15,520.89
2692,880,69,2,754.87,0,754.87
2693,880,43,1,470.47,0,470.47
2694,881,89,2,1283.76,0,1283.76
2695,882,51,4,612.81,20,490.25
2696,882,86,1,1446.82,0,1446.82
2697,882,7,1,1212.38,10,1091.14
2698,882,12,1,719.76,10,647.78
2699,882,39,3,696.94,0,696.94
2700,883,106,4,136.09,0,136.09
2701,883,19,4,1076.96,15,915.42
2702,884,94,2,620.17,0,620.17
2703,884,8,3,741.42,5,704.35
2704,885,49,2,1207.0,20,965.6
2705,885,77,1,1305.38,0,1305.38
2706,886,8,1,741.42,10,667.28
2707,887,68,2,738.25,0,738.25
2708,888,57,3,391.73,20,313.38
2709,888,67,1,98.23,0,98.23
2710,888,15,2,935.03,0,935.03
2711,888,94,3,620.17,0,620.17
2712,888,1,3,322.54,10,290.29
2713,889,97,2,700.41,0,700.41
2714,889,24,3,769.21,15,653.83
2715,889,80,2,75.46,15,64.14
2716,889,88,4,1564.93,5,1486.68
2717,889,7,4,1212.38,0,1212.38
2718,890,99,4,158.54,0,158.54
2719,890,54,1,1069.07,10,962.16
2720,891,18,2,1488.64,15,1265.34
2721,892,67,3,98.23,20,78.58
2722,892,9,4,1107.42,15,941.31
2723,892,45,3,906.51,20,725.21
2724,892,110,4,732.42,20,585.94
2725,893,112,3,588.08,15,499.87
2726,894,10,1,62.65,0,62.65
2727,894,107,3,1079.93,15,917.94
2728,895,28,1,1431.57,20,1145.26
2729,895,87,4,349.08,5,331.63
2730,895,100,2,856.08,10,770.47
2731,895,95,4,1360.9,10,1224.81
2732,895,32,3,939.08,0,939.08
2733,896,72,1,1538.12,15,1307.4
2734,897,18,2,1488.64,5,1414.21
2735,897,86,4,1446.82,15,1229.8
2736,897,55,3,558.58,15,474.79
2737,898,97,1,700.41,5,665.39
2738,899,55,1,558.58,10,502.72
2739,899,62,4,310.74,5,295.2
2740,899,89,4,1283.76,20,1027.01
2741,899,111,2,242.17,15,205.84
2742,900,70,2,36.02,5,34.22
2743,900,104,3,497.57,0,497.57
2744,900,28,1,1431.57,15,1216.83
2745,900,53,4,854.86,20,683.89
2746,900,119,2,505.7,5,480.41
2747,901,23,4,294.57,5,279.84
2748,901,76,4,1456.37,5,1383.55
2749,901,21,1,211.59,10,190.43
2750,901,24,2,769.21,5,730.75
2751,902,11,2,1507.26,0,1507.26
2752,902,51,1,612.81,5,582.17
2753,902,105,3,145.52,10,130.97
2754,902,42,2,991.9,20,793.52
2755,903,73,2,1445.84,0,1445.84
2756,903,69,3,754.87,10,679.38
2757,903,14,4,176.35,5,167.53
2758,904,20,4,1103.14,5,1047.98
2759,904,56,3,847.46,0,847.46
2760,904,42,2,991.9,10,892.71
2761,904,78,3,1222.29,15,1038.95
2762,905,4,3,718.58,0,718.58
2763,905,41,4,1707.07,0,1707.07
2764,905,119,4,505.7,0,505.7
2765,905,10,4,62.65,10,56.38
2766,905,118,2,666.62,10,599.96
2767,906,106,2,136.09,10,122.48
2768,907,112,1,588.08,10,529.27
2769,907,51,4,612.81,0,612.81
2770,907,45,1,906.51,20,725.21
2771,908,68,1,738.25,20,590.6
2772,908,55,3,558.58,20,446.86
2773,908,6,1,1063.05,0,1063.05
2774,909,24,2,769.21,10,692.29
2775,909,34,4,1101.51,10,991.36
2776,909,35,4,573.05,0,573.05
2777,909,77,4,1305.38,0,1305.38
2778,909,91,2,686.63,15,583.64
2779,910,100,2,856.08,10,770.47
2780,911,3,1,157.77,15,134.1
2781,911,16,2,1450.72,0,1450.72
2782,912,9,4,1107.42,20,885.94
2783,913,64,3,975.06,0,975.06
2784,914,97,3,700.41,0,700.41
2785,914,3,2,157.77,0,157.77
2786,914,52,2,452.83,20,362.26
2787,914,85,2,534.69,5,507.96
2788,914,83,2,1712.06,20,1369.65
2789,915,82,1,1060.64,5,1007.61
2790,916,114,1,711.52,20,569.22
2791,916,6,4,1063.05,15,903.59
2792,917,3,3,157.77,20,126.22
2793,917,18,2,1488.64,5,1414.21
2794,918,18,4,1488.64,0,1488.64
2795,918,34,2,1101.51,5,1046.43
2796,918,90,3,1058.02,0,1058.02
2797,918,104,3,497.57,5,472.69
2798,919,104,3,497.57,0,497.57
2799,920,85,4,534.69,15,454.49
2800,920,77,4,1305.38,0,1305.38
2801,920,48,1,1326.91,15,1127.87
2802,920,116,4,164.08,10,147.67
2803,921,101,3,694.55,0,694.55
2804,921,27,3,295.55,0,295.55
2805,921,47,3,1826.55,0,1826.55
2806,921,83,1,1712.06,0,1712.06
2807,922,84,4,411.12,0,411.12
2808,922,55,2,558.58,15,474.79
2809,922,115,3,773.15,10,695.84
2810,922,71,2,741.1,20,592.88
2811,923,72,2,1538.12,15,1307.4
2812,923,95,3,1360.9,15,1156.77
2813,923,110,4,732.42,15,622.56
2814,924,110,4,732.42,0,732.42
2815,924,54,4,1069.07,5,1015.62
2816,925,67,2,98.23,0,98.23
2817,925,41,4,1707.07,5,1621.72
2818,925,31,3,571.41,10,514.27
2819,926,1,3,322.54,0,322.54
2820,926,119,2,505.7,20,404.56
2821,926,66,4,773.07,20,618.46
2822,926,116,2,164.08,15,139.47
2823,927,39,4,696.94,10,627.25
2824,927,32,3,939.08,20,751.26
2825,927,112,1,588.08,0,588.08
2826,928,98,3,316.71,0,316.71
2827,929,47,1,1826.55,10,1643.89
2828,930,69,4,754.87,5,717.13
2829,930,35,2,573.05,15,487.09
2830,931,7,4,1212.38,0,1212.38
2831,932,23,2,294.57,10,265.11
2832,932,118,1,666.62,15,566.63
2833,932,98,4,316.71,5,300.87
2834,933,118,4,666.62,0,666.62
2835,933,95,3,1360.9,0,1360.9
2836,934,86,1,1446.82,0,1446.82
2837,934,81,1,171.62,0,171.62
2838,934,88,4,1564.93,0,1564.93
2839,935,72,3,1538.12,0,1538.12
2840,935,45,2,906.51,15,770.53
2841,935,15,1,935.03,0,935.03
2842,936,3,1,157.77,0,157.77
2843,936,85,2,534.69,0,534.69
2844,936,24,2,769.21,0,769.21
2845,937,117,3,562.18,20,449.74
2846,937,60,2,485.33,20,388.26
2847,938,97,3,700.41,0,700.41
2848,938,63,1,364.09,20,291.27
2849,939,15,2,935.03,0,935.03
2850,940,74,2,316.46,5,300.64
2851,940,4,3,718.58,0,718.58
2852,940,36,4,1158.32,20,926.66
2853,941,20,4,1103.14,0,1103.14
2854,941,71,3,741.1,0,741.1
2855,941,56,1,847.46,10,762.71
2856,942,64,2,975.06,10,877.55
2857,942,29,3,1039.47,0,1039.47
2858,942,68,3,738.25,0,738.25
2859,943,34,4,1101.51,0,1101.51
2860,944,106,2,136.09,0,136.09
2861,944,117,1,562.18,0,562.18
2862,944,81,4,171.62,15,145.88
2863,944,11,3,1507.26,0,1507.26
2864,944,75,3,403.38,0,403.38
2865,945,89,1,1283.76,20,1027.01
2866,945,59,4,1073.3,0,1073.3
2867,946,24,4,769.21,5,730.75
2868,946,70,2,36.02,0,36.02
2869,946,109,4,1167.12,0,1167.12
2870,946,14,4,176.35,0,176.35
2871,947,109,3,1167.12,20,933.7
2872,947,12,4,719.76,0,719.76
2873,948,93,2,142.55,20,114.04
2874,948,98,4,316.71,0,316.71
2875,948,112,1,588.08,0,588.08
2876,948,96,4,1186.97,0,1186.97
2877,949,33,4,81.59,5,77.51
2878,949,68,2,738.25,0,738.25
2879,949,16,1,1450.72,5,1378.18
2880,949,66,2,773.07,0,773.07
2881,949,101,4,694.55,0,694.55
2882,950,102,2,1036.41,10,932.77
2883,951,44,1,1125.17,0,1125.17
2884,951,10,3,62.65,0,62.65
2885,951,56,3,847.46,15,720.34
2886,951,96,2,1186.97,20,949.58
2887,951,64,2,975.06,15,828.8
2888,952,57,1,391.73,0,391.73
2889,952,30,2,459.89,0,459.89
2890,952,87,2,349.08,20,279.26
2891,952,103,1,196.23,0,196.23
2892,953,45,3,906.51,15,770.53
2893,953,109,2,1167.12,0,1167.12
2894,953,120,2,619.03,0,619.03
2895,953,12,2,719.76,5,683.77
2896,953,85,3,534.69,0,534.69
2897,954,110,2,732.42,10,659.18
2898,955,101,2,694.55,0,694.55
2899,955,93,2,142.55,0,142.55
2900,956,61,3,817.65,5,776.77
2901,956,47,4,1826.55,5,1735.22
2902,957,78,1,1222.29,0,1222.29
2903,957,79,3,150.11,0,150.11
2904,958,4,2,718.58,0,718.58
2905,958,96,2,1186.97,15,1008.92
2906,958,37,3,533.72,0,533.72
2907,958,81,4,171.62,10,154.46
2908,958,34,3,1101.51,0,1101.51
2909,959,114,1,711.52,15,604.79
2910,960,86,4,1446.82,5,1374.48
2911,960,75,1,403.38,15,342.87
2912,961,42,1,991.9,5,942.3
2913,962,88,1,1564.93,15,1330.19
2914,962,75,4,403.38,10,363.04
2915,963,50,3,1462.98,20,1170.38
2916,963,116,1,164.08,5,155.88
2917,964,110,1,732.42,20,585.94
2918,964,21,4,211.59,0,211.59
2919,965,11,4,1507.26,0,1507.26
2920,965,96,2,1186.97,0,1186.97
2921,965,7,1,1212.38,10,1091.14
2922,965,94,2,620.17,5,589.16
2923,965,65,1,1604.38,20,1283.5
2924,966,57,4,391.73,5,372.14
2925,966,28,4,1431.57,0,1431.57
2926,966,87,1,349.08,0,349.08
2927,967,73,4,1445.84,5,1373.55
2928,967,66,1,773.07,5,734.42
2929,968,45,1,906.51,0,906.51
2930,968,109,2,1167.12,0,1167.12
2931,968,77,3,1305.38,0,1305.38
2932,969,7,2,1212.38,0,1212.38
2933,969,2,2,163.95,20,131.16
2934,969,104,4,497.57,15,422.93
2935,970,32,2,939.08,15,798.22
2936,970,72,3,1538.12,15,1307.4
2937,970,64,3,975.06,0,975.06
2938,970,79,2,150.11,10,135.1
2939,970,5,3,911.59,10,820.43
2940,971,58,2,710.63,15,604.04
2941,971,98,1,316.71,0,316.71
2942,971,51,1,612.81,10,551.53
2943,971,7,2,1212.38,0,1212.38
2944,972,88,3,1564.93,0,1564.93
2945,972,89,1,1283.76,10,1155.38
2946,972,59,2,1073.3,0,1073.3
2947,972,87,4,349.08,10,314.17
2948,973,13,2,1655.28,5,1572.52
2949,973,6,2,1063.05,0,1063.05
2950,973,10,1,62.65,20,50.12
2951,973,114,3,711.52,0,711.52
2952,973,32,2,939.08,0,939.08
2953,974,49,3,1207.0,0,1207.0
2954,974,8,2,741.42,0,741.42
2955,974,13,1,1655.28,0,1655.28
2956,975,85,2,534.69,0,534.69
2957,975,71,1,741.1,20,592.88
2958,975,22,2,72.59,15,61.7
2959,975,47,1,1826.55,20,1461.24
2960,975,102,4,1036.41,10,932.77
2961,976,93,4,142.55,0,142.55
2962,977,108,1,34.47,15,29.3
2963,977,2,4,163.95,0,163.95
2964,977,31,4,571.41,10,514.27
2965,977,69,1,754.87,5,717.13
2966,978,76,4,1456.37,5,1383.55
2967,978,91,2,686.63,0,686.63
2968,978,40,1,370.53,0,370.53
2969,978,83,3,1712.06,0,1712.06
2970,978,63,1,364.09,0,364.09
2971,979,100,1,856.08,5,813.28
2972,980,59,1,1073.3,5,1019.63
2973,981,35,3,573.05,20,458.44
2974,981,72,1,1538.12,20,1230.5
2975,982,108,2,34.47,5,32.75
2976,982,78,1,1222.29,10,1100.06
2977,982,42,3,991.9,0,991.9
2978,982,14,1,176.35,20,141.08
2979,982,24,1,769.21,10,692.29
2980,983,103,3,196.23,0,196.23
2981,983,83,3,1712.06,5,1626.46
2982,983,39,4,696.94,0,696.94
2983,984,51,1,612.81,10,551.53
2984,984,45,2,906.51,5,861.18
2985,984,44,4,1125.17,5,1068.91
2986,984,50,1,1462.98,0,1462.98
2987,984,106,4,136.09,5,129.29
2988,985,89,4,1283.76,20,1027.01
2989,986,109,2,1167.12,10,1050.41
2990,986,55,3,558.58,5,530.65
2991,987,18,4,1488.64,20,1190.91
2992,988,119,2,505.7,0,505.7
2993,988,100,3,856.08,0,856.08
2994,988,57,4,391.73,0,391.73
2995,988,70,4,36.02,0,36.02
2996,989,70,4,36.02,15,30.62
2997,989,109,3,1167.12,20,933.7
2998,990,22,2,72.59,0,72.59
2999,991,86,3,1446.82,0,1446.82
3000,991,49,4,1207.0,5,1146.65
3001,991,9,2,1107.42,5,1052.05
3002,992,27,3,295.55,15,251.22
3003,992,94,1,620.17,0,620.17
3004,992,28,4,1431.57,5,1359.99
3005,992,1,1,322.54,15,274.16
3006,993,23,1,294.57,0,294.57
3007,993,81,2,171.62,0,171.62
3008,993,86,2,1446.82,0,1446.82
3009,994,51,4,612.81,0,612.81
3010,994,69,4,754.87,0,754.87
3011,994,95,3,1360.9,5,1292.86
3012,994,54,3,1069.07,5,1015.62
3013,994,27,4,295.55,10,266.0
3014,995,116,4,164.08,10,147.67
3015,995,62,2,310.74,0,310.74
3016,995,119,1,505.7,0,505.7
3017,995,3,2,157.77,5,149.88
3018,995,28,2,1431.57,5,1359.99
3019,996,89,1,1283.76,20,1027.01
3020,996,108,3,34.47,10,31.02
3021,997,96,1,1186.97,15,1008.92
3022,997,19,2,1076.96,5,1023.11
3023,998,50,3,1462.98,10,1316.68
3024,999,36,1,1158.32,0,1158.32
3025,999,9,1,1107.42,5,1052.05
3026,1000,75,1,403.38,10,363.04
3027,1000,13,4,1655.28,0,1655.28
3028,1001,66,3,773.07,5,734.42
3029,1001,21,1,211.59,10,190.43
3030,1002,3,1,157.77,5,149.88
3031,1002,12,4,719.76,15,611.8
3032,1003,109,4,1167.12,0,1167.12
3033,1004,68,3,738.25,20,590.6
3034,1004,79,4,150.11,0,150.11
3035,1004,94,4,620.17,10,558.15
3036,1004,102,1,1036.41,0,1036.41
3037,1005,120,2,619.03,0,619.03
3038,1005,112,4,588.08,0,588.08
3039,1006,36,4,1158.32,20,926.66
3040,1007,54,1,1069.07,10,962.16
3041,1007,46,1,591.45,0,591.45
3042,1007,67,4,98.23,0,98.23
3043,1008,28,3,1431.57,5,1359.99
3044,1008,81,2,171.62,0,171.62
3045,1008,103,4,196.23,0,196.23
3046,1008,88,1,1564.93,0,1564.93
3047,1009,60,2,485.33,15,412.53
3048,1009,47,4,1826.55,0,1826.55
3049,1009,107,4,1079.93,10,971.94
3050,1009,46,3,591.45,10,532.31
3051,1009,58,4,710.63,0,710.63
3052,1010,117,1,562.18,10,505.96
3053,1010,72,2,1538.12,10,1384.31
3054,1010,65,1,1604.38,5,1524.16
3055,1010,10,2,62.65,15,53.25
3056,1011,15,2,935.03,15,794.78
3057,1012,64,1,975.06,5,926.31
3058,1013,45,2,906.51,0,906.51
3059,1013,25,4,294.34,0,294.34
3060,1013,102,2,1036.41,5,984.59
3061,1013,88,1,1564.93,20,1251.94
3062,1014,10,3,62.65,0,62.65
3063,1014,61,1,817.65,20,654.12
3064,1015,40,1,370.53,0,370.53
3065,1016,87,3,349.08,0,349.08
3066,1016,21,3,211.59,10,190.43
3067,1016,77,2,1305.38,0,1305.38
3068,1016,46,4,591.45,20,473.16
3069,1017,88,1,1564.93,0,1564.93
3070,1017,77,4,1305.38,20,1044.3
3071,1018,94,2,620.17,0,620.17
3072,1018,28,3,1431.57,20,1145.26
3073,1018,78,3,1222.29,0,1222.29
3074,1019,104,2,497.57,0,497.57
3075,1019,35,1,573.05,15,487.09
3076,1019,9,3,1107.42,20,885.94
3077,1019,107,4,1079.93,20,863.94
3078,1020,115,1,773.15,20,618.52
3079,1020,23,2,294.57,15,250.38
3080,1020,116,2,164.08,5,155.88
3081,1020,120,1,619.03,0,619.03
3082,1021,51,3,612.81,0,612.81
3083,1021,30,1,459.89,20,367.91
3084,1021,74,2,316.46,15,268.99
3085,1021,77,3,1305.38,0,1305.38
3086,1021,34,2,1101.51,0,1101.51
3087,1022,50,1,1462.98,10,1316.68
3088,1022,28,2,1431.57,0,1431.57
3089,1022,100,4,856.08,10,770.47
3090,1023,67,1,98.23,15,83.5
3091,1023,85,4,534.69,15,454.49
3092,1023,95,3,1360.9,0,1360.9
3093,1023,44,4,1125.17,0,1125.17
3094,1024,118,2,666.62,15,566.63
3095,1024,94,1,620.17,5,589.16
3096,1024,5,4,911.59,15,774.85
3097,1025,43,1,470.47,5,446.95
3098,1025,84,4,411.12,10,370.01
3099,1026,9,2,1107.42,0,1107.42
3100,1027,61,1,817.65,5,776.77
3101,1027,25,2,294.34,0,294.34
3102,1027,120,4,619.03,15,526.18
3103,1027,55,2,558.58,15,474.79
3104,1027,58,3,710.63,0,710.63
3105,1028,40,2,370.53,15,314.95
3106,1028,17,2,961.4,15,817.19
3107,1029,13,2,1655.28,20,1324.22
3108,1029,89,1,1283.76,5,1219.57
3109,1029,79,2,150.11,0,150.11
3110,1030,56,3,847.46,0,847.46
3111,1030,41,1,1707.07,10,1536.36
3112,1031,84,3,411.12,0,411.12
3113,1032,22,3,72.59,0,72.59
3114,1032,38,1,1470.45,0,1470.45
3115,1032,98,3,316.71,0,316.71
3116,1033,1,3,322.54,5,306.41
3117,1033,90,4,1058.02,0,1058.02
3118,1033,77,1,1305.38,0,1305.38
3119,1034,55,3,558.58,0,558.58
3120,1034,85,3,534.69,0,534.69
3121,1034,9,3,1107.42,5,1052.05
3122,1034,44,3,1125.17,0,1125.17
3123,1034,54,1,1069.07,0,1069.07
3124,1035,5,2,911.59,0,911.59
3125,1035,41,3,1707.07,0,1707.07
3126,1035,40,1,370.53,10,333.48
3127,1035,107,2,1079.93,5,1025.93
3128,1036,86,1,1446.82,0,1446.82
3129,1037,41,3,1707.07,10,1536.36
3130,1037,50,3,1462.98,0,1462.98
3131,1038,76,4,1456.37,5,1383.55
3132,1038,23,4,294.57,5,279.84
3133,1038,5,4,911.59,10,820.43
3134,1038,82,2,1060.64,20,848.51
3135,1038,31,2,571.41,10,514.27
3136,1039,30,1,459.89,10,413.9
3137,1039,69,3,754.87,0,754.87
3138,1039,50,1,1462.98,15,1243.53
3139,1040,101,1,694.55,20,555.64
3140,1040,97,2,700.41,20,560.33
3141,1040,25,3,294.34,0,294.34
3142,1040,78,3,1222.29,15,1038.95
3143,1040,87,2,349.08,0,349.08
3144,1041,49,4,1207.0,15,1025.95
3145,1042,66,2,773.07,0,773.07
3146,1042,96,4,1186.97,0,1186.97
3147,1043,104,2,497.57,0,497.57
3148,1043,39,3,696.94,0,696.94
3149,1044,48,4,1326.91,5,1260.56
3150,1044,14,3,176.35,15,149.9
3151,1044,95,1,1360.9,10,1224.81
3152,1044,68,4,738.25,20,590.6
3153,1045,104,3,497.57,0,497.57
3154,1045,37,2,533.72,5,507.03
3155,1045,23,2,294.57,10,265.11
3156,1046,44,3,1125.17,0,1125.17
3157,1046,3,3,157.77,20,126.22
3158,1046,58,1,710.63,10,639.57
3159,1047,21,3,211.59,10,190.43
3160,1047,98,3,316.71,5,300.87
3161,1047,110,1,732.42,0,732.42
3162,1048,55,4,558.58,0,558.58
3163,1048,104,3,497.57,0,497.57
3164,1048,116,3,164.08,10,147.67
3165,1048,78,1,1222.29,20,977.83
3166,1048,112,4,588.08,5,558.68
3167,1049,6,1,1063.05,20,850.44
3168,1049,34,2,1101.51,0,1101.51
3169,1049,59,1,1073.3,20,858.64
3170,1050,103,4,196.23,0,196.23
3171,1050,76,3,1456.37,0,1456.37
3172,1050,44,4,1125.17,15,956.39
3173,1050,36,4,1158.32,10,1042.49
3174,1050,18,4,1488.64,5,1414.21
3175,1051,76,3,1456.37,5,1383.55
3176,1051,69,1,754.87,5,717.13
3177,1051,79,1,150.11,5,142.6
3178,1051,75,1,403.38,20,322.7
3179,1052,75,3,403.38,10,363.04
3180,1052,7,4,1212.38,0,1212.38
3181,1052,11,1,1507.26,0,1507.26
3182,1052,109,2,1167.12,20,933.7
3183,1053,34,1,1101.51,0,1101.51
3184,1053,102,4,1036.41,5,984.59
3185,1053,92,3,991.45,5,941.88
3186,1053,120,4,619.03,15,526.18
3187,1053,58,3,710.63,0,710.63
3188,1054,10,4,62.65,0,62.65
3189,1054,70,1,36.02,5,34.22
3190,1054,94,4,620.17,15,527.14
3191,1055,34,2,1101.51,0,1101.51
3192,1055,73,3,1445.84,15,1228.96
3193,1055,114,2,711.52,0,711.52
3194,1056,114,3,711.52,0,711.52
3195,1056,82,3,1060.64,0,1060.64
3196,1056,56,1,847.46,15,720.34
3197,1056,74,3,316.46,20,253.17
3198,1056,67,4,98.23,5,93.32
3199,1057,102,1,1036.41,0,1036.41
3200,1057,30,3,459.89,0,459.89
3201,1057,63,4,364.09,0,364.09
3202,1057,44,4,1125.17,20,900.14
3203,1057,40,2,370.53,0,370.53
3204,1058,16,2,1450.72,0,1450.72
3205,1058,39,1,696.94,20,557.55
3206,1058,5,2,911.59,10,820.43
3207,1058,109,3,1167.12,20,933.7
3208,1059,55,4,558.58,20,446.86
3209,1059,96,3,1186.97,10,1068.27
3210,1059,23,1,294.57,15,250.38
3211,1059,97,4,700.41,20,560.33
3212,1060,67,3,98.23,10,88.41
3213,1060,83,2,1712.06,20,1369.65
3214,1061,111,4,242.17,0,242.17
3215,1061,72,3,1538.12,10,1384.31
3216,1061,112,3,588.08,0,588.08
3217,1061,7,1,1212.38,15,1030.52
3218,1062,3,1,157.77,20,126.22
3219,1063,57,4,391.73,10,352.56
3220,1063,71,3,741.1,0,741.1
3221,1064,84,3,411.12,0,411.12
3222,1064,27,4,295.55,5,280.77
3223,1064,1,3,322.54,10,290.29
3224,1064,98,4,316.71,20,253.37
3225,1064,38,4,1470.45,0,1470.45
3226,1065,50,4,1462.98,0,1462.98
3227,1065,42,1,991.9,0,991.9
3228,1066,28,3,1431.57,0,1431.57
3229,1066,33,3,81.59,5,77.51
3230,1066,39,4,696.94,15,592.4
3231,1066,88,2,1564.93,0,1564.93
3232,1067,69,1,754.87,15,641.64
3233,1068,26,3,318.31,5,302.39
3234,1068,29,4,1039.47,0,1039.47
3235,1069,92,1,991.45,5,941.88
3236,1069,108,2,34.47,20,27.58
3237,1069,96,1,1186.97,5,1127.62
3238,1069,116,3,164.08,0,164.08
3239,1070,60,2,485.33,15,412.53
3240,1070,114,4,711.52,0,711.52
3241,1070,55,4,558.58,0,558.58
3242,1071,57,1,391.73,10,352.56
3243,1071,69,4,754.87,20,603.9
3244,1071,41,4,1707.07,0,1707.07
3245,1071,90,4,1058.02,20,846.42
3246,1072,79,3,150.11,15,127.59
3247,1072,35,2,573.05,0,573.05
3248,1072,88,3,1564.93,0,1564.93
3249,1073,46,4,591.45,20,473.16
3250,1073,109,3,1167.12,20,933.7
3251,1073,25,1,294.34,20,235.47
3252,1073,58,2,710.63,5,675.1
3253,1073,96,4,1186.97,5,1127.62
3254,1074,72,3,1538.12,20,1230.5
3255,1074,61,2,817.65,0,817.65
3256,1074,37,4,533.72,5,507.03
3257,1074,4,4,718.58,0,718.58
3258,1075,40,4,370.53,0,370.53
3259,1076,39,1,696.94,0,696.94
3260,1076,12,4,719.76,20,575.81
3261,1077,84,2,411.12,0,411.12
3262,1077,100,1,856.08,20,684.86
3263,1078,83,1,1712.06,10,1540.85
3264,1079,95,4,1360.9,0,1360.9
3265,1079,5,4,911.59,0,911.59
3266,1079,102,2,1036.41,0,1036.41
3267,1080,93,2,142.55,10,128.3
3268,1080,34,3,1101.51,15,936.28
3269,1080,44,4,1125.17,0,1125.17
3270,1081,44,2,1125.17,20,900.14
3271,1081,24,2,769.21,5,730.75
3272,1082,5,1,911.59,20,729.27
3273,1082,81,1,171.62,0,171.62
3274,1082,88,4,1564.93,0,1564.93
3275,1082,118,1,666.62,0,666.62
3276,1083,95,2,1360.9,20,1088.72
3277,1084,75,3,403.38,20,322.7
3278,1084,97,4,700.41,0,700.41
3279,1084,86,1,1446.82,10,1302.14
3280,1085,65,3,1604.38,0,1604.38
3281,1085,73,1,1445.84,10,1301.26
3282,1085,76,1,1456.37,15,1237.91
3283,1085,95,3,1360.9,10,1224.81
3284,1085,52,2,452.83,15,384.91
3285,1086,101,4,694.55,0,694.55
3286,1086,119,3,505.7,15,429.84
3287,1086,36,3,1158.32,5,1100.4
3288,1086,52,4,452.83,5,430.19
3289,1087,66,4,773.07,10,695.76
3290,1088,86,4,1446.82,15,1229.8
3291,1088,1,4,322.54,5,306.41
3292,1088,36,4,1158.32,10,1042.49
3293,1088,93,2,142.55,15,121.17
3294,1089,3,3,157.77,5,149.88
3295,1089,95,3,1360.9,10,1224.81
3296,1089,48,3,1326.91,0,1326.91
3297,1089,92,1,991.45,0,991.45
3298,1089,18,2,1488.64,15,1265.34
3299,1090,89,1,1283.76,15,1091.2
3300,1090,30,2,459.89,10,413.9
3301,1091,64,3,975.06,20,780.05
3302,1091,55,1,558.58,0,558.58
3303,1092,108,2,34.47,10,31.02
3304,1092,62,4,310.74,0,310.74
3305,1092,88,2,1564.93,0,1564.93
3306,1093,8,2,741.42,0,741.42
3307,1093,46,4,591.45,5,561.88
3308,1093,9,1,1107.42,0,1107.42
3309,1094,40,2,370.53,10,333.48
3310,1094,58,1,710.63,0,710.63
3311,1094,112,4,588.08,15,499.87
3312,1094,32,3,939.08,0,939.08
3313,1095,59,3,1073.3,20,858.64
3314,1095,39,2,696.94,0,696.94
3315,1095,111,2,242.17,0,242.17
3316,1096,34,2,1101.51,15,936.28
3317,1096,37,2,533.72,20,426.98
3318,1096,14,4,176.35,15,149.9
3319,1096,3,2,157.77,20,126.22
3320,1096,120,3,619.03,0,619.03
3321,1097,118,4,666.62,5,633.29
3322,1097,96,3,1186.97,20,949.58
3323,1097,88,4,1564.93,5,1486.68
3324,1097,90,3,1058.02,0,1058.02
3325,1097,97,2,700.41,0,700.41
3326,1098,118,1,666.62,10,599.96
3327,1098,47,2,1826.55,0,1826.55
3328,1099,46,3,591.45,0,591.45
3329,1099,66,3,773.07,5,734.42
3330,1100,69,3,754.87,0,754.87
3331,1100,105,3,145.52,15,123.69
3332,1100,11,2,1507.26,15,1281.17
3333,1101,63,3,364.09,0,364.09
3334,1102,104,3,497.57,15,422.93
3335,1102,80,1,75.46,0,75.46
3336,1102,8,4,741.42,0,741.42
3337,1102,74,3,316.46,20,253.17
3338,1102,67,1,98.23,5,93.32
3339,1103,45,2,906.51,10,815.86
3340,1103,98,2,316.71,20,253.37
3341,1103,80,1,75.46,10,67.91
3342,1103,23,2,294.57,0,294.57
3343,1104,98,1,316.71,15,269.2
3344,1104,74,1,316.46,0,316.46
3345,1104,12,1,719.76,20,575.81
3346,1104,71,3,741.1,20,592.88
3347,1104,115,4,773.15,0,773.15
3348,1105,17,2,961.4,0,961.4
3349,1105,91,2,686.63,0,686.63
3350,1105,78,3,1222.29,10,1100.06
3351,1106,96,1,1186.97,20,949.58
3352,1106,108,1,34.47,0,34.47
3353,1106,31,1,571.41,10,514.27
3354,1106,98,3,316.71,0,316.71
3355,1107,116,1,164.08,0,164.08
3356,1107,25,4,294.34,0,294.34
3357,1107,38,2,1470.45,0,1470.45
3358,1107,12,1,719.76,0,719.76
3359,1108,47,1,1826.55,0,1826.55
3360,1108,26,3,318.31,0,318.31
3361,1108,109,1,1167.12,0,1167.12
3362,1109,104,3,497.57,0,497.57
3363,1110,58,4,710.63,10,639.57
3364,1111,86,1,1446.82,0,1446.82
3365,1112,114,3,711.52,15,604.79
3366,1112,95,3,1360.9,0,1360.9
3367,1112,53,4,854.86,5,812.12
3368,1112,47,4,1826.55,0,1826.55
3369,1112,79,3,150.11,0,150.11
3370,1113,16,2,1450.72,10,1305.65
3371,1113,101,1,694.55,0,694.55
3372,1113,72,4,1538.12,10,1384.31
3373,1114,35,3,573.05,15,487.09
3374,1114,44,1,1125.17,10,1012.65
3375,1114,20,1,1103.14,0,1103.14
3376,1114,8,4,741.42,0,741.42
3377,1114,54,4,1069.07,15,908.71
3378,1115,89,1,1283.76,20,1027.01
3379,1115,79,2,150.11,0,150.11
3380,1115,12,3,719.76,0,719.76
3381,1115,3,1,157.77,5,149.88
3382,1116,19,2,1076.96,0,1076.96
3383,1116,54,1,1069.07,15,908.71
3384,1116,106,4,136.09,0,136.09
3385,1116,65,4,1604.38,0,1604.38
3386,1116,119,4,505.7,20,404.56
3387,1117,73,2,1445.84,15,1228.96
3388,1117,100,3,856.08,5,813.28
3389,1117,49,1,1207.0,15,1025.95
3390,1117,19,1,1076.96,0,1076.96
3391,1117,4,3,718.58,10,646.72
3392,1118,18,3,1488.64,5,1414.21
3393,1118,85,2,534.69,20,427.75
3394,1119,71,4,741.1,0,741.1
3395,1119,81,2,171.62,0,171.62
3396,1120,4,4,718.58,20,574.86
3397,1120,6,3,1063.05,10,956.75
3398,1121,79,2,150.11,0,150.11
3399,1121,64,2,975.06,10,877.55
3400,1121,95,4,1360.9,0,1360.9
3401,1122,79,1,150.11,0,150.11
3402,1122,45,3,906.51,0,906.51
3403,1123,43,1,470.47,15,399.9
3404,1124,117,4,562.18,0,562.18
3405,1124,81,4,171.62,0,171.62
3406,1125,71,2,741.1,0,741.1
3407,1125,4,1,718.58,5,682.65
3408,1125,23,3,294.57,20,235.66
3409,1126,114,4,711.52,20,569.22
3410,1126,62,4,310.74,15,264.13
3411,1126,34,3,1101.51,0,1101.51
3412,1127,3,3,157.77,5,149.88
3413,1127,33,4,81.59,15,69.35
3414,1127,112,3,588.08,0,588.08
3415,1127,11,1,1507.26,0,1507.26
3416,1127,82,4,1060.64,0,1060.64
3417,1128,56,2,847.46,10,762.71
3418,1128,104,4,497.57,10,447.81
3419,1128,18,4,1488.64,15,1265.34
3420,1129,45,2,906.51,0,906.51
3421,1129,55,2,558.58,5,530.65
3422,1129,90,1,1058.02,5,1005.12
3423,1129,117,2,562.18,0,562.18
3424,1130,3,2,157.77,10,141.99
3425,1130,114,4,711.52,0,711.52
3426,1130,12,3,719.76,5,683.77
3427,1130,13,3,1655.28,15,1406.99
3428,1130,103,4,196.23,0,196.23
3429,1131,79,2,150.11,0,150.11
3430,1131,2,1,163.95,20,131.16
3431,1131,28,3,1431.57,20,1145.26
3432,1131,66,3,773.07,15,657.11
3433,1131,3,2,157.77,10,141.99
3434,1132,92,3,991.45,0,991.45
3435,1132,73,1,1445.84,10,1301.26
3436,1133,34,4,1101.51,20,881.21
3437,1134,94,4,620.17,0,620.17
3438,1134,7,2,1212.38,10,1091.14
3439,1134,47,3,1826.55,0,1826.55
3440,1134,30,4,459.89,5,436.9
3441,1134,40,2,370.53,15,314.95
3442,1135,105,3,145.52,15,123.69
3443,1136,17,4,961.4,5,913.33
3444,1136,85,1,534.69,20,427.75
3445,1137,33,4,81.59,20,65.27
3446,1137,111,4,242.17,20,193.74
3447,1137,66,3,773.07,5,734.42
3448,1137,98,2,316.71,10,285.04
3449,1137,67,2,98.23,0,98.23
3450,1138,85,2,534.69,15,454.49
3451,1138,24,1,769.21,20,615.37
3452,1138,112,1,588.08,10,529.27
3453,1138,114,2,711.52,0,711.52
3454,1138,21,2,211.59,0,211.59
3455,1139,6,3,1063.05,5,1009.9
3456,1139,56,3,847.46,15,720.34
3457,1140,63,4,364.09,10,327.68
3458,1140,117,1,562.18,10,505.96
3459,1140,53,4,854.86,0,854.86
3460,1140,82,3,1060.64,20,848.51
3461,1141,29,3,1039.47,20,831.58
3462,1141,62,4,310.74,0,310.74
3463,1141,35,2,573.05,0,573.05
3464,1141,94,2,620.17,0,620.17
3465,1141,36,2,1158.32,0,1158.32
3466,1142,42,3,991.9,10,892.71
3467,1142,115,2,773.15,10,695.84
3468,1142,45,4,906.51,0,906.51
3469,1142,88,4,1564.93,0,1564.93
3470,1143,88,1,1564.93,15,1330.19
3471,1144,68,2,738.25,5,701.34
3472,1144,50,4,1462.98,0,1462.98
3473,1144,88,1,1564.93,20,1251.94
3474,1145,102,4,1036.41,5,984.59
3475,1146,43,4,470.47,0,470.47
3476,1146,29,3,1039.47,0,1039.47
3477,1146,35,3,573.05,20,458.44
3478,1147,40,4,370.53,5,352.0
3479,1147,114,4,711.52,0,711.52
3480,1147,15,1,935.03,20,748.02
3481,1147,79,1,150.11,10,135.1
3482,1148,45,2,906.51,0,906.51
3483,1148,95,1,1360.9,5,1292.86
3484,1149,108,1,34.47,20,27.58
3485,1149,5,3,911.59,10,820.43
3486,1150,84,3,411.12,0,411.12
3487,1150,82,2,1060.64,10,954.58
3488,1150,20,3,1103.14,20,882.51
3489,1150,23,2,294.57,0,294.57
3490,1151,22,1,72.59,10,65.33
3491,1151,62,3,310.74,5,295.2
3492,1151,49,1,1207.0,0,1207.0
3493,1151,53,1,854.86,0,854.86
3494,1151,71,1,741.1,20,592.88
3495,1152,26,3,318.31,10,286.48
3496,1152,117,1,562.18,0,562.18
3497,1153,112,2,588.08,0,588.08
3498,1153,29,4,1039.47,5,987.5
3499,1153,57,4,391.73,0,391.73
3500,1154,42,4,991.9,0,991.9
3501,1154,34,3,1101.51,0,1101.51
3502,1154,35,2,573.05,5,544.4
3503,1155,79,4,150.11,5,142.6
3504,1156,120,4,619.03,15,526.18
3505,1156,96,2,1186.97,5,1127.62
3506,1156,106,2,136.09,0,136.09
3507,1157,96,3,1186.97,10,1068.27
3508,1157,27,1,295.55,0,295.55
3509,1157,51,2,612.81,15,520.89
3510,1158,106,2,136.09,20,108.87
3511,1158,45,3,906.51,15,770.53
3512,1158,53,1,854.86,0,854.86
3513,1158,57,1,391.73,0,391.73
3514,1158,95,3,1360.9,15,1156.77
3515,1159,72,1,1538.12,15,1307.4
3516,1159,32,4,939.08,5,892.13
3517,1160,112,2,588.08,0,588.08
3518,1160,41,2,1707.07,5,1621.72
3519,1160,71,2,741.1,5,704.04
3520,1161,28,4,1431.57,5,1359.99
3521,1161,78,3,1222.29,0,1222.29
3522,1161,48,4,1326.91,0,1326.91
3523,1162,72,1,1538.12,20,1230.5
3524,1162,79,4,150.11,20,120.09
3525,1162,100,3,856.08,0,856.08
3526,1162,107,1,1079.93,10,971.94
3527,1163,9,3,1107.42,0,1107.42
3528,1163,59,1,1073.3,20,858.64
3529,1163,62,3,310.74,10,279.67
3530,1163,48,2,1326.91,0,1326.91
3531,1163,20,2,1103.14,15,937.67
3532,1164,55,3,558.58,10,502.72
3533,1165,23,3,294.57,15,250.38
3534,1165,67,4,98.23,0,98.23
3535,1165,98,4,316.71,5,300.87
3536,1165,87,4,349.08,0,349.08
3537,1165,32,4,939.08,20,751.26
3538,1166,75,4,403.38,0,403.38
3539,1166,115,3,773.15,0,773.15
3540,1166,5,3,911.59,15,774.85
3541,1167,34,3,1101.51,0,1101.51
3542,1167,84,4,411.12,10,370.01
3543,1167,102,4,1036.41,15,880.95
3544,1167,91,4,686.63,0,686.63
3545,1167,27,3,295.55,20,236.44
3546,1168,103,1,196.23,20,156.98
3547,1168,73,3,1445.84,20,1156.67
3548,1168,23,1,294.57,5,279.84
3549,1168,19,4,1076.96,15,915.42
3550,1169,39,1,696.94,0,696.94
3551,1169,111,2,242.17,0,242.17
3552,1170,60,1,485.33,0,485.33
3553,1170,16,3,1450.72,5,1378.18
3554,1170,7,4,1212.38,20,969.9
3555,1170,85,2,534.69,20,427.75
3556,1170,15,3,935.03,10,841.53
3557,1171,31,3,571.41,15,485.7
3558,1171,85,4,534.69,0,534.69
3559,1171,10,2,62.65,0,62.65
3560,1172,60,4,485.33,0,485.33
3561,1172,65,1,1604.38,0,1604.38
3562,1172,44,3,1125.17,0,1125.17
3563,1173,40,3,370.53,15,314.95
3564,1173,13,3,1655.28,5,1572.52
3565,1173,51,2,612.81,10,551.53
3566,1173,69,3,754.87,0,754.87
3567,1174,111,3,242.17,0,242.17
3568,1174,19,3,1076.96,10,969.26
3569,1175,107,3,1079.93,5,1025.93
3570,1176,39,1,696.94,15,592.4
3571,1176,107,4,1079.93,5,1025.93
3572,1176,63,1,364.09,0,364.09
3573,1176,47,3,1826.55,15,1552.57
3574,1176,119,1,505.7,20,404.56
3575,1177,53,2,854.86,0,854.86
3576,1177,22,3,72.59,5,68.96
3577,1178,39,1,696.94,5,662.09
3578,1179,33,4,81.59,20,65.27
3579,1180,57,4,391.73,15,332.97
3580,1180,82,4,1060.64,15,901.54
3581,1180,92,2,991.45,0,991.45
3582,1180,13,1,1655.28,10,1489.75
3583,1180,33,3,81.59,15,69.35
3584,1181,74,2,316.46,5,300.64
3585,1181,44,3,1125.17,0,1125.17
3586,1181,6,4,1063.05,0,1063.05
3587,1182,60,1,485.33,0,485.33
3588,1183,106,4,136.09,0,136.09
3589,1183,50,1,1462.98,15,1243.53
3590,1183,13,1,1655.28,20,1324.22
3591,1183,3,1,157.77,5,149.88
3592,1183,10,1,62.65,5,59.52
3593,1184,74,1,316.46,5,300.64
3594,1184,102,4,1036.41,15,880.95
3595,1184,83,2,1712.06,10,1540.85
3596,1184,35,3,573.05,0,573.05
3597,1185,51,2,612.81,0,612.81
3598,1186,75,2,403.38,15,342.87
3599,1186,104,4,497.57,5,472.69
3600,1186,100,4,856.08,15,727.67
3601,1187,46,4,591.45,5,561.88
3602,1187,26,2,318.31,0,318.31
3603,1188,91,4,686.63,0,686.63
3604,1188,68,4,738.25,0,738.25
3605,1188,77,4,1305.38,0,1305.38
3606,1189,69,3,754.87,20,603.9
3607,1189,28,1,1431.57,0,1431.57
3608,1190,103,1,196.23,20,156.98
3609,1190,45,2,906.51,10,815.86
3610,1191,10,3,62.65,0,62.65
3611,1192,78,4,1222.29,20,977.83
3612,1193,22,3,72.59,10,65.33
3613,1193,64,2,975.06,5,926.31
3614,1193,82,4,1060.64,20,848.51
3615,1194,41,4,1707.07,5,1621.72
3616,1194,62,1,310.74,15,264.13
3617,1195,67,1,98.23,15,83.5
3618,1195,3,1,157.77,5,149.88
3619,1195,26,2,318.31,20,254.65
3620,1196,100,3,856.08,10,770.47
3621,1196,81,2,171.62,5,163.04
3622,1196,56,1,847.46,10,762.71
3623,1197,109,2,1167.12,15,992.05
3624,1197,44,4,1125.17,0,1125.17
3625,1198,104,1,497.57,0,497.57
3626,1198,76,4,1456.37,5,1383.55
3627,1198,34,1,1101.51,0,1101.51
3628,1198,91,2,686.63,15,583.64
3629,1199,26,2,318.31,0,318.31
3630,1199,102,3,1036.41,15,880.95
3631,1200,42,2,991.9,20,793.52
3632,1200,111,4,242.17,0,242.17
3633,1201,75,4,403.38,20,322.7
3634,1202,73,3,1445.84,5,1373.55
3635,1202,104,3,497.57,5,472.69
3636,1202,19,3,1076.96,15,915.42
3637,1202,108,3,34.47,5,32.75
3638,1202,43,3,470.47,15,399.9
3639,1203,24,3,769.21,0,769.21
3640,1203,48,3,1326.91,0,1326.91
3641,1204,67,1,98.23,20,78.58
3642,1205,86,3,1446.82,0,1446.82
3643,1205,109,2,1167.12,5,1108.76
3644,1205,98,4,316.71,0,316.71
3645,1205,116,1,164.08,15,139.47
3646,1205,90,3,1058.02,0,1058.02
3647,1206,27,1,295.55,15,251.22
3648,1207,28,3,1431.57,20,1145.26
3649,1207,57,1,391.73,10,352.56
3650,1207,108,3,34.47,20,27.58
3651,1207,93,4,142.55,0,142.55
3652,1207,55,3,558.58,5,530.65
3653,1208,22,1,72.59,0,72.59
3654,1208,4,2,718.58,0,718.58
3655,1209,42,1,991.9,0,991.9
3656,1209,35,1,573.05,0,573.05
3657,1210,22,4,72.59,0,72.59
3658,1210,70,2,36.02,0,36.02
3659,1210,27,4,295.55,20,236.44
3660,1210,117,4,562.18,0,562.18
3661,1211,117,1,562.18,5,534.07
3662,1211,62,4,310.74,5,295.2
3663,1211,6,1,1063.05,10,956.75
3664,1211,94,2,620.17,20,496.14
3665,1212,49,3,1207.0,0,1207.0
3666,1212,19,4,1076.96,5,1023.11
3667,1212,95,4,1360.9,15,1156.77
3668,1212,78,1,1222.29,15,1038.95
3669,1213,24,1,769.21,0,769.21
3670,1213,13,4,1655.28,10,1489.75
3671,1213,64,1,975.06,15,828.8
3672,1213,19,3,1076.96,0,1076.96
3673,1214,50,2,1462.98,20,1170.38
3674,1214,105,2,145.52,5,138.24
3675,1214,74,3,316.46,15,268.99
3676,1214,29,3,1039.47,20,831.58
3677,1214,6,4,1063.05,0,1063.05
3678,1215,55,1,558.58,5,530.65
3679,1215,60,1,485.33,0,485.33
3680,1215,39,2,696.94,10,627.25
3681,1215,14,1,176.35,5,167.53
3682,1215,76,3,1456.37,20,1165.1
3683,1216,5,4,911.59,15,774.85
3684,1216,73,1,1445.84,0,1445.84
3685,1216,93,3,142.55,0,142.55
3686,1216,91,3,686.63,20,549.3
3687,1216,97,1,700.41,15,595.35
3688,1217,58,1,710.63,15,604.04
3689,1217,88,3,1564.93,10,1408.44
3690,1217,7,1,1212.38,0,1212.38
3691,1217,16,4,1450.72,10,1305.65
3692,1217,71,2,741.1,10,666.99
3693,1218,60,1,485.33,0,485.33
3694,1218,2,2,163.95,0,163.95
3695,1218,36,2,1158.32,15,984.57
3696,1218,23,4,294.57,15,250.38
3697,1219,100,3,856.08,0,856.08
3698,1219,112,4,588.08,20,470.46
3699,1220,18,2,1488.64,0,1488.64
3700,1221,74,1,316.46,10,284.81
3701,1221,95,4,1360.9,0,1360.9
3702,1221,119,3,505.7,10,455.13
3703,1221,97,1,700.41,0,700.41
3704,1222,30,2,459.89,20,367.91
3705,1222,26,3,318.31,0,318.31
3706,1222,99,1,158.54,0,158.54
3707,1222,48,4,1326.91,0,1326.91
3708,1222,70,4,36.02,0,36.02
3709,1223,109,3,1167.12,0,1167.12
3710,1223,11,3,1507.26,5,1431.9
3711,1223,62,2,310.74,20,248.59
3712,1224,16,2,1450.72,15,1233.11
3713,1224,4,1,718.58,0,718.58
3714,1224,113,1,392.3,20,313.84
3715,1225,20,2,1103.14,0,1103.14
3716,1226,74,3,316.46,0,316.46
3717,1227,82,1,1060.64,0,1060.64
3718,1227,75,3,403.38,20,322.7
3719,1227,91,4,686.63,0,686.63
3720,1227,62,4,310.74,5,295.2
3721,1227,73,1,1445.84,20,1156.67
3722,1228,90,3,1058.02,5,1005.12
3723,1228,4,4,718.58,0,718.58
3724,1228,25,3,294.34,0,294.34
3725,1228,5,2,911.59,0,911.59
3726,1229,1,3,322.54,10,290.29
3727,1229,43,2,470.47,20,376.38
3728,1229,12,3,719.76,0,719.76
3729,1229,51,2,612.81,5,582.17
3730,1230,72,4,1538.12,20,1230.5
3731,1230,34,4,1101.51,5,1046.43
3732,1230,15,4,935.03,20,748.02
3733,1230,97,4,700.41,20,560.33
3734,1231,2,4,163.95,0,163.95
3735,1232,40,4,370.53,15,314.95
3736,1232,42,2,991.9,20,793.52
3737,1233,82,4,1060.64,20,848.51
3738,1234,6,2,1063.05,0,1063.05
3739,1234,30,3,459.89,10,413.9
3740,1235,96,3,1186.97,20,949.58
3741,1235,107,4,1079.93,0,1079.93
3742,1235,93,3,142.55,0,142.55
3743,1235,58,1,710.63,0,710.63
3744,1236,36,3,1158.32,15,984.57
3745,1236,115,4,773.15,15,657.18
3746,1236,69,2,754.87,20,603.9
3747,1236,110,1,732.42,10,659.18
3748,1236,6,1,1063.05,0,1063.05
3749,1237,3,3,157.77,0,157.77
3750,1237,110,4,732.42,0,732.42
3751,1237,44,4,1125.17,10,1012.65
3752,1237,109,3,1167.12,20,933.7
3753,1238,92,4,991.45,20,793.16
3754,1238,114,1,711.52,0,711.52
3755,1238,39,1,696.94,0,696.94
3756,1238,103,4,196.23,10,176.61
3757,1238,62,4,310.74,5,295.2
3758,1239,113,3,392.3,15,333.45
3759,1239,58,3,710.63,5,675.1
3760,1239,47,3,1826.55,5,1735.22
3761,1240,66,4,773.07,0,773.07
3762,1240,73,2,1445.84,5,1373.55
3763,1241,27,1,295.55,20,236.44
3764,1241,38,2,1470.45,10,1323.4
3765,1241,65,1,1604.38,10,1443.94
3766,1241,44,3,1125.17,15,956.39
3767,1241,35,4,573.05,10,515.75
3768,1242,95,4,1360.9,5,1292.86
3769,1242,54,2,1069.07,20,855.26
3770,1242,2,4,163.95,0,163.95
3771,1243,67,4,98.23,20,78.58
3772,1243,17,4,961.4,0,961.4
3773,1244,99,4,158.54,10,142.69
3774,1244,111,3,242.17,5,230.06
3775,1244,57,1,391.73,20,313.38
3776,1244,114,2,711.52,10,640.37
3777,1244,59,4,1073.3,0,1073.3
3778,1245,29,2,1039.47,15,883.55
3779,1245,64,4,975.06,0,975.06
3780,1245,60,1,485.33,0,485.33
3781,1245,76,4,1456.37,20,1165.1
3782,1246,46,2,591.45,10,532.31
3783,1246,16,4,1450.72,0,1450.72
3784,1247,85,1,534.69,5,507.96
3785,1247,102,2,1036.41,0,1036.41
3786,1248,21,2,211.59,15,179.85
3787,1248,30,2,459.89,0,459.89
3788,1249,28,2,1431.57,0,1431.57
3789,1249,79,3,150.11,5,142.6
3790,1250,101,4,694.55,20,555.64
3791,1251,107,4,1079.93,10,971.94
3792,1252,91,1,686.63,5,652.3
3793,1252,30,3,459.89,15,390.91
3794,1252,88,2,1564.93,0,1564.93
3795,1253,57,4,391.73,0,391.73
3796,1253,69,2,754.87,10,679.38
3797,1253,113,3,392.3,0,392.3
3798,1254,65,2,1604.38,5,1524.16
3799,1254,44,1,1125.17,0,1125.17
3800,1255,111,3,242.17,0,242.17
3801,1255,34,4,1101.51,20,881.21
3802,1255,33,3,81.59,0,81.59
3803,1255,68,1,738.25,0,738.25
3804,1256,81,1,171.62,0,171.62
3805,1256,97,2,700.41,0,700.41
3806,1256,98,3,316.71,0,316.71
3807,1256,103,2,196.23,10,176.61
3808,1256,67,1,98.23,0,98.23
3809,1257,57,3,391.73,0,391.73
3810,1257,53,3,854.86,0,854.86
3811,1258,62,4,310.74,10,279.67
3812,1259,82,2,1060.64,0,1060.64
3813,1259,58,2,710.63,15,604.04
3814,1259,70,2,36.02,0,36.02
3815,1259,51,1,612.81,0,612.81
3816,1259,4,1,718.58,5,682.65
3817,1260,116,1,164.08,10,147.67
3818,1261,72,2,1538.12,10,1384.31
3819,1261,52,2,452.83,10,407.55
3820,1261,54,4,1069.07,10,962.16
3821,1262,100,4,856.08,0,856.08
3822,1262,62,1,310.74,0,310.74
3823,1262,21,2,211.59,20,169.27
3824,1262,118,3,666.62,10,599.96
3825,1262,114,3,711.52,20,569.22
3826,1263,23,4,294.57,15,250.38
3827,1263,74,4,316.46,0,316.46
3828,1263,105,3,145.52,0,145.52
3829,1263,15,4,935.03,0,935.03
3830,1264,25,2,294.34,10,264.91
3831,1264,98,1,316.71,5,300.87
3832,1265,3,3,157.77,0,157.77
3833,1266,23,4,294.57,0,294.57
3834,1267,88,1,1564.93,0,1564.93
3835,1267,11,2,1507.26,15,1281.17
3836,1267,20,1,1103.14,0,1103.14
3837,1268,47,4,1826.55,0,1826.55
3838,1268,39,4,696.94,10,627.25
3839,1268,35,2,573.05,15,487.09
3840,1268,9,1,1107.42,0,1107.42
3841,1269,52,4,452.83,0,452.83
3842,1269,54,1,1069.07,20,855.26
3843,1269,17,1,961.4,0,961.4
3844,1270,52,4,452.83,0,452.83
3845,1270,88,3,1564.93,0,1564.93
3846,1271,30,4,459.89,0,459.89
3847,1272,69,3,754.87,15,641.64
3848,1272,117,2,562.18,0,562.18
3849,1272,99,1,158.54,10,142.69
3850,1272,44,3,1125.17,10,1012.65
3851,1273,19,2,1076.96,5,1023.11
3852,1273,116,1,164.08,5,155.88
3853,1273,31,1,571.41,20,457.13
3854,1273,89,1,1283.76,20,1027.01
3855,1274,43,2,470.47,0,470.47
3856,1274,58,2,710.63,5,675.1
3857,1274,77,4,1305.38,0,1305.38
3858,1275,95,3,1360.9,10,1224.81
3859,1275,85,1,534.69,10,481.22
3860,1275,69,4,754.87,0,754.87
3861,1276,47,1,1826.55,15,1552.57
3862,1277,73,4,1445.84,5,1373.55
3863,1278,109,2,1167.12,0,1167.12
3864,1278,62,1,310.74,10,279.67
3865,1278,86,2,1446.82,0,1446.82
3866,1278,17,1,961.4,20,769.12
3867,1278,4,2,718.58,10,646.72
3868,1279,17,2,961.4,10,865.26
3869,1279,31,4,571.41,20,457.13
3870,1279,30,1,459.89,20,367.91
3871,1280,74,2,316.46,20,253.17
3872,1280,83,4,1712.06,10,1540.85
3873,1280,109,3,1167.12,10,1050.41
3874,1281,76,1,1456.37,0,1456.37
3875,1281,117,3,562.18,0,562.18
3876,1282,10,4,62.65,20,50.12
3877,1283,103,4,196.23,0,196.23
3878,1283,78,3,1222.29,10,1100.06
3879,1284,3,4,157.77,0,157.77
3880,1284,116,4,164.08,0,164.08
3881,1285,102,3,1036.41,0,1036.41
3882,1286,72,2,1538.12,10,1384.31
3883,1286,104,4,497.57,0,497.57
3884,1286,60,4,485.33,0,485.33
3885,1287,77,2,1305.38,15,1109.57
3886,1287,11,1,1507.26,0,1507.26
3887,1287,67,3,98.23,15,83.5
3888,1288,102,2,1036.41,20,829.13
3889,1288,118,4,666.62,15,566.63
3890,1288,61,4,817.65,5,776.77
3891,1288,94,2,620.17,20,496.14
3892,1288,58,3,710.63,0,710.63
3893,1289,82,2,1060.64,15,901.54
3894,1289,40,3,370.53,20,296.42
3895,1290,80,4,75.46,0,75.46
3896,1290,115,4,773.15,0,773.15
3897,1290,60,4,485.33,0,485.33
3898,1291,116,3,164.08,0,164.08
3899,1291,52,1,452.83,20,362.26
3900,1291,97,2,700.41,10,630.37
3901,1292,7,1,1212.38,15,1030.52
3902,1292,98,3,316.71,0,316.71
3903,1292,104,3,497.57,5,472.69
3904,1292,29,4,1039.47,0,1039.47
3905,1292,35,1,573.05,15,487.09
3906,1293,73,3,1445.84,0,1445.84
3907,1294,9,2,1107.42,5,1052.05
3908,1294,54,4,1069.07,0,1069.07
3909,1294,90,3,1058.02,0,1058.02
3910,1294,46,4,591.45,5,561.88
3911,1294,62,2,310.74,0,310.74
3912,1295,34,1,1101.51,0,1101.51
3913,1295,77,4,1305.38,20,1044.3
3914,1295,20,2,1103.14,0,1103.14
3915,1296,98,1,316.71,0,316.71
3916,1296,11,3,1507.26,0,1507.26
3917,1296,92,4,991.45,0,991.45
3918,1296,35,1,573.05,15,487.09
3919,1296,119,1,505.7,20,404.56
3920,1297,24,1,769.21,0,769.21
3921,1297,105,4,145.52,20,116.42
3922,1297,51,3,612.81,5,582.17
3923,1297,40,1,370.53,0,370.53
3924,1298,67,3,98.23,0,98.23
3925,1299,103,3,196.23,5,186.42
3926,1299,29,3,1039.47,0,1039.47
3927,1299,28,2,1431.57,10,1288.41
3928,1299,43,2,470.47,20,376.38
3929,1299,79,3,150.11,10,135.1
3930,1300,88,4,1564.93,20,1251.94
3931,1300,54,4,1069.07,20,855.26
3932,1300,117,1,562.18,0,562.18
3933,1300,89,2,1283.76,20,1027.01
3934,1301,3,2,157.77,15,134.1
3935,1301,102,3,1036.41,5,984.59
3936,1301,22,2,72.59,5,68.96
3937,1301,56,3,847.46,0,847.46
3938,1301,99,1,158.54,15,134.76
3939,1302,19,1,1076.96,10,969.26
3940,1302,78,1,1222.29,15,1038.95
3941,1303,56,3,847.46,20,677.97
3942,1304,53,3,854.86,0,854.86
3943,1304,9,2,1107.42,5,1052.05
3944,1304,111,4,242.17,0,242.17
3945,1304,108,3,34.47,0,34.47
3946,1305,85,3,534.69,0,534.69
3947,1305,7,2,1212.38,0,1212.38
3948,1305,92,4,991.45,10,892.31
3949,1306,77,1,1305.38,15,1109.57
3950,1306,19,4,1076.96,5,1023.11
3951,1306,93,3,142.55,20,114.04
3952,1306,91,3,686.63,10,617.97
3953,1307,80,3,75.46,0,75.46
3954,1307,26,4,318.31,10,286.48
3955,1308,36,3,1158.32,20,926.66
3956,1309,95,2,1360.9,20,1088.72
3957,1309,100,3,856.08,0,856.08
3958,1310,61,4,817.65,0,817.65
3959,1310,72,2,1538.12,20,1230.5
3960,1310,89,1,1283.76,0,1283.76
3961,1310,29,2,1039.47,0,1039.47
3962,1310,43,4,470.47,0,470.47
3963,1311,44,2,1125.17,0,1125.17
3964,1311,32,2,939.08,0,939.08
3965,1311,81,4,171.62,0,171.62
3966,1312,109,2,1167.12,0,1167.12
3967,1313,98,3,316.71,0,316.71
3968,1313,61,3,817.65,0,817.65
3969,1313,120,4,619.03,0,619.03
3970,1314,31,2,571.41,0,571.41
3971,1315,42,1,991.9,5,942.3
3972,1316,17,2,961.4,20,769.12
3973,1317,42,1,991.9,5,942.3
3974,1317,13,1,1655.28,0,1655.28
3975,1318,42,4,991.9,0,991.9
3976,1318,69,3,754.87,15,641.64
3977,1318,110,1,732.42,0,732.42
3978,1319,20,3,1103.14,0,1103.14
3979,1319,115,4,773.15,0,773.15
3980,1320,11,2,1507.26,0,1507.26
3981,1321,110,3,732.42,0,732.42
3982,1321,12,1,719.76,5,683.77
3983,1321,17,1,961.4,10,865.26
3984,1322,109,2,1167.12,20,933.7
3985,1323,116,2,164.08,15,139.47
3986,1323,3,3,157.77,10,141.99
3987,1323,45,3,906.51,20,725.21
3988,1324,79,4,150.11,0,150.11
3989,1325,89,3,1283.76,0,1283.76
3990,1325,64,4,975.06,0,975.06
3991,1325,110,4,732.42,5,695.8
3992,1326,23,2,294.57,0,294.57
3993,1326,66,4,773.07,0,773.07
3994,1327,108,4,34.47,0,34.47
3995,1328,18,3,1488.64,15,1265.34
3996,1328,109,4,1167.12,0,1167.12
3997,1328,110,3,732.42,0,732.42
3998,1328,10,1,62.65,20,50.12
3999,1329,59,4,1073.3,0,1073.3
4000,1330,6,1,1063.05,0,1063.05
4001,1330,38,4,1470.45,10,1323.4
4002,1330,20,3,1103.14,15,937.67
4003,1331,77,1,1305.38,0,1305.38
4004,1331,58,2,710.63,15,604.04
4005,1331,59,2,1073.3,15,912.3
4006,1331,113,4,392.3,0,392.3
4007,1332,6,1,1063.05,0,1063.05
4008,1332,96,1,1186.97,0,1186.97
4009,1332,98,4,316.71,15,269.2
4010,1332,76,1,1456.37,20,1165.1
4011,1332,5,1,911.59,15,774.85
4012,1333,77,4,1305.38,20,1044.3
4013,1333,20,1,1103.14,10,992.83
4014,1334,27,4,295.55,15,251.22
4015,1334,5,1,911.59,5,866.01
4016,1334,36,2,1158.32,10,1042.49
4017,1334,103,1,196.23,5,186.42
4018,1334,115,4,773.15,15,657.18
4019,1335,94,3,620.17,5,589.16
4020,1335,46,1,591.45,0,591.45
4021,1335,12,1,719.76,15,611.8
4022,1335,68,4,738.25,0,738.25
4023,1335,105,4,145.52,20,116.42
4024,1336,69,2,754.87,10,679.38
4025,1336,98,1,316.71,0,316.71
4026,1336,21,4,211.59,0,211.59
4027,1336,49,4,1207.0,0,1207.0
4028,1336,62,1,310.74,15,264.13
4029,1337,15,4,935.03,0,935.03
4030,1337,87,2,349.08,5,331.63
4031,1337,86,2,1446.82,0,1446.82
4032,1337,111,4,242.17,0,242.17
4033,1337,38,1,1470.45,5,1396.93
4034,1338,29,1,1039.47,10,935.52
4035,1338,94,2,620.17,0,620.17
4036,1338,93,4,142.55,10,128.3
4037,1338,92,4,991.45,10,892.31
4038,1338,100,3,856.08,0,856.08
4039,1339,45,2,906.51,5,861.18
4040,1339,37,4,533.72,0,533.72
4041,1339,78,3,1222.29,5,1161.18
4042,1340,34,4,1101.51,10,991.36
4043,1340,73,4,1445.84,5,1373.55
4044,1340,5,3,911.59,0,911.59
4045,1340,56,3,847.46,20,677.97
4046,1341,115,3,773.15,0,773.15
4047,1341,13,4,1655.28,0,1655.28
4048,1341,11,3,1507.26,15,1281.17
4049,1341,55,3,558.58,20,446.86
4050,1342,27,1,295.55,10,266.0
4051,1342,39,1,696.94,15,592.4
4052,1342,32,4,939.08,0,939.08
4053,1342,119,2,505.7,0,505.7
4054,1343,18,3,1488.64,10,1339.78
4055,1344,55,2,558.58,0,558.58
4056,1344,43,4,470.47,15,399.9
4057,1344,98,4,316.71,5,300.87
4058,1345,3,2,157.77,0,157.77
4059,1345,87,4,349.08,5,331.63
4060,1346,62,4,310.74,0,310.74
4061,1346,14,3,176.35,0,176.35
4062,1346,76,4,1456.37,15,1237.91
4063,1346,101,2,694.55,0,694.55
4064,1346,21,1,211.59,0,211.59
4065,1347,86,3,1446.82,20,1157.46
4066,1347,8,3,741.42,0,741.42
4067,1347,18,3,1488.64,0,1488.64
4068,1348,44,3,1125.17,10,1012.65
4069,1349,65,1,1604.38,15,1363.72
4070,1350,76,4,1456.37,5,1383.55
4071,1350,118,4,666.62,0,666.62
4072,1350,71,4,741.1,0,741.1
4073,1350,108,3,34.47,5,32.75
4074,1350,27,1,295.55,5,280.77
4075,1351,2,3,163.95,0,163.95
4076,1351,26,2,318.31,20,254.65
4077,1352,4,1,718.58,10,646.72
4078,1353,38,2,1470.45,0,1470.45
4079,1354,79,2,150.11,0,150.11
4080,1354,40,4,370.53,15,314.95
4081,1355,14,4,176.35,0,176.35
4082,1355,57,3,391.73,5,372.14
4083,1355,73,4,1445.84,0,1445.84
4084,1356,80,1,75.46,10,67.91
4085,1356,64,4,975.06,0,975.06
4086,1356,89,2,1283.76,0,1283.76
4087,1356,25,2,294.34,5,279.62
4088,1356,46,3,591.45,15,502.73
4089,1357,8,2,741.42,0,741.42
4090,1357,1,2,322.54,0,322.54
4091,1357,22,3,72.59,0,72.59
4092,1357,17,3,961.4,5,913.33
4093,1358,58,2,710.63,0,710.63
4094,1358,110,1,732.42,15,622.56
4095,1358,109,3,1167.12,10,1050.41
4096,1358,14,1,176.35,20,141.08
4097,1359,14,2,176.35,20,141.08
4098,1359,119,1,505.7,0,505.7
4099,1359,67,1,98.23,5,93.32
4100,1360,56,1,847.46,20,677.97
4101,1360,6,2,1063.05,0,1063.05
4102,1360,91,2,686.63,5,652.3
4103,1360,70,3,36.02,20,28.82
4104,1361,63,1,364.09,10,327.68
4105,1361,82,4,1060.64,20,848.51
4106,1361,79,2,150.11,5,142.6
4107,1362,42,2,991.9,5,942.3
4108,1363,79,3,150.11,0,150.11
4109,1363,42,3,991.9,0,991.9
4110,1363,107,1,1079.93,0,1079.93
4111,1363,71,2,741.1,20,592.88
4112,1364,89,3,1283.76,10,1155.38
4113,1364,72,4,1538.12,0,1538.12
4114,1364,20,1,1103.14,0,1103.14
4115,1365,31,3,571.41,0,571.41
4116,1365,60,2,485.33,0,485.33
4117,1365,10,1,62.65,10,56.38
4118,1365,39,1,696.94,15,592.4
4119,1366,49,4,1207.0,15,1025.95
4120,1366,87,1,349.08,0,349.08
4121,1367,78,2,1222.29,15,1038.95
4122,1368,53,3,854.86,5,812.12
4123,1368,1,1,322.54,20,258.03
4124,1368,50,1,1462.98,20,1170.38
4125,1368,11,1,1507.26,20,1205.81
4126,1368,4,2,718.58,15,610.79
4127,1369,109,2,1167.12,0,1167.12
4128,1369,49,4,1207.0,5,1146.65
4129,1369,85,2,534.69,0,534.69
4130,1370,6,2,1063.05,0,1063.05
4131,1371,36,1,1158.32,0,1158.32
4132,1372,67,1,98.23,0,98.23
4133,1373,82,1,1060.64,15,901.54
4134,1373,14,2,176.35,0,176.35
4135,1373,40,3,370.53,15,314.95
4136,1373,2,1,163.95,5,155.75
4137,1373,44,1,1125.17,0,1125.17
4138,1374,58,3,710.63,5,675.1
4139,1374,5,1,911.59,10,820.43
4140,1374,65,3,1604.38,20,1283.5
4141,1375,104,4,497.57,5,472.69
4142,1376,38,4,1470.45,10,1323.4
4143,1377,9,2,1107.42,0,1107.42
4144,1377,3,3,157.77,20,126.22
4145,1378,98,3,316.71,0,316.71
4146,1378,117,4,562.18,0,562.18
4147,1378,50,2,1462.98,5,1389.83
4148,1379,85,3,534.69,20,427.75
4149,1379,61,1,817.65,5,776.77
4150,1379,77,3,1305.38,0,1305.38
4151,1380,28,4,1431.57,0,1431.57
4152,1380,110,3,732.42,10,659.18
4153,1381,79,2,150.11,0,150.11
4154,1381,118,1,666.62,15,566.63
4155,1381,68,2,738.25,5,701.34
4156,1381,58,3,710.63,0,710.63
4157,1381,1,2,322.54,20,258.03
4158,1382,39,4,696.94,0,696.94
4159,1382,10,2,62.65,0,62.65
4160,1382,1,4,322.54,20,258.03
4161,1382,107,4,1079.93,0,1079.93
4162,1383,9,1,1107.42,0,1107.42
4163,1383,90,4,1058.02,5,1005.12
4164,1384,12,1,719.76,0,719.76
4165,1384,88,1,1564.93,10,1408.44
4166,1385,52,1,452.83,0,452.83
4167,1385,83,3,1712.06,0,1712.06
4168,1385,43,4,470.47,0,470.47
4169,1385,38,4,1470.45,0,1470.45
4170,1385,53,1,854.86,0,854.86
4171,1386,57,4,391.73,5,372.14
4172,1386,38,3,1470.45,10,1323.4
4173,1386,67,4,98.23,20,78.58
4174,1387,105,3,145.52,10,130.97
4175,1387,67,1,98.23,5,93.32
4176,1387,76,1,1456.37,15,1237.91
4177,1387,35,2,573.05,5,544.4
4178,1387,66,1,773.07,0,773.07
4179,1388,118,4,666.62,20,533.3
4180,1389,1,4,322.54,20,258.03
4181,1389,97,2,700.41,15,595.35
4182,1389,10,4,62.65,0,62.65
4183,1389,57,3,391.73,10,352.56
4184,1390,104,1,497.57,5,472.69
4185,1390,26,1,318.31,0,318.31
4186,1391,57,1,391.73,10,352.56
4187,1392,107,1,1079.93,0,1079.93
4188,1392,7,1,1212.38,0,1212.38
4189,1392,5,3,911.59,0,911.59
4190,1392,36,1,1158.32,20,926.66
4191,1393,43,4,470.47,5,446.95
4192,1393,109,3,1167.12,0,1167.12
4193,1393,76,2,1456.37,0,1456.37
4194,1394,39,3,696.94,0,696.94
4195,1394,85,2,534.69,0,534.69
4196,1394,73,1,1445.84,5,1373.55
4197,1394,94,1,620.17,20,496.14
4198,1394,53,2,854.86,15,726.63
4199,1395,47,1,1826.55,20,1461.24
4200,1395,32,1,939.08,0,939.08
4201,1396,89,4,1283.76,0,1283.76
4202,1396,103,2,196.23,15,166.8
4203,1396,75,4,403.38,15,342.87
4204,1396,24,1,769.21,15,653.83
4205,1396,50,4,1462.98,15,1243.53
4206,1397,31,3,571.41,20,457.13
4207,1397,14,4,176.35,15,149.9
4208,1397,59,2,1073.3,0,1073.3
4209,1397,28,4,1431.57,15,1216.83
4210,1398,119,2,505.7,20,404.56
4211,1398,118,3,666.62,20,533.3
4212,1399,49,2,1207.0,20,965.6
4213,1399,110,4,732.42,15,622.56
4214,1399,43,4,470.47,10,423.42
4215,1399,85,4,534.69,15,454.49
4216,1399,32,1,939.08,0,939.08
4217,1400,119,2,505.7,0,505.7
4218,1401,26,4,318.31,10,286.48
4219,1401,102,4,1036.41,5,984.59
4220,1401,16,1,1450.72,5,1378.18
4221,1401,115,1,773.15,0,773.15
4222,1401,98,3,316.71,10,285.04
4223,1402,62,2,310.74,20,248.59
4224,1403,60,1,485.33,15,412.53
4225,1403,78,1,1222.29,5,1161.18
4226,1403,17,2,961.4,0,961.4
4227,1404,51,2,612.81,0,612.81
4228,1405,51,2,612.81,20,490.25
4229,1405,39,4,696.94,0,696.94
4230,1405,52,1,452.83,0,452.83
4231,1406,47,2,1826.55,10,1643.89
4232,1406,63,2,364.09,0,364.09
4233,1406,1,2,322.54,5,306.41
4234,1407,93,4,142.55,5,135.42
4235,1408,20,1,1103.14,0,1103.14
4236,1408,47,1,1826.55,10,1643.89
4237,1408,42,2,991.9,5,942.3
4238,1408,17,1,961.4,0,961.4
4239,1408,78,1,1222.29,15,1038.95
4240,1409,101,1,694.55,15,590.37
4241,1410,11,3,1507.26,5,1431.9
4242,1411,54,1,1069.07,20,855.26
4243,1412,59,3,1073.3,20,858.64
4244,1412,25,1,294.34,0,294.34
4245,1412,72,1,1538.12,20,1230.5
4246,1412,34,2,1101.51,0,1101.51
4247,1412,101,1,694.55,15,590.37
4248,1413,66,3,773.07,15,657.11
4249,1413,18,4,1488.64,20,1190.91
4250,1413,84,1,411.12,20,328.9
4251,1413,98,4,316.71,5,300.87
4252,1413,25,2,294.34,0,294.34
4253,1414,10,3,62.65,15,53.25
4254,1414,8,3,741.42,10,667.28
4255,1415,64,4,975.06,15,828.8
4256,1416,81,3,171.62,0,171.62
4257,1416,53,4,854.86,0,854.86
4258,1417,18,2,1488.64,0,1488.64
4259,1417,17,1,961.4,5,913.33
4260,1417,10,2,62.65,20,50.12
4261,1417,99,1,158.54,10,142.69
4262,1417,68,4,738.25,20,590.6
4263,1418,16,1,1450.72,15,1233.11
4264,1418,62,2,310.74,20,248.59
4265,1418,50,1,1462.98,0,1462.98
4266,1419,53,1,854.86,15,726.63
4267,1419,34,4,1101.51,10,991.36
4268,1420,55,2,558.58,0,558.58
4269,1420,65,1,1604.38,5,1524.16
4270,1421,56,2,847.46,0,847.46
4271,1421,36,2,1158.32,20,926.66
4272,1421,2,1,163.95,15,139.36
4273,1421,108,2,34.47,15,29.3
4274,1422,44,2,1125.17,15,956.39
4275,1422,18,4,1488.64,20,1190.91
4276,1423,117,2,562.18,5,534.07
4277,1423,14,3,176.35,10,158.72
4278,1423,23,3,294.57,20,235.66
4279,1423,49,2,1207.0,0,1207.0
4280,1424,24,4,769.21,20,615.37
4281,1424,117,3,562.18,0,562.18
4282,1424,79,3,150.11,15,127.59
4283,1425,36,4,1158.32,20,926.66
4284,1425,98,4,316.71,10,285.04
4285,1425,32,1,939.08,20,751.26
4286,1425,103,1,196.23,0,196.23
4287,1425,118,3,666.62,20,533.3
4288,1426,29,4,1039.47,0,1039.47
4289,1426,6,1,1063.05,10,956.75
4290,1427,4,1,718.58,20,574.86
4291,1427,42,3,991.9,0,991.9
4292,1427,72,3,1538.12,10,1384.31
4293,1427,64,1,975.06,20,780.05
4294,1427,62,4,310.74,15,264.13
4295,1428,100,4,856.08,10,770.47
4296,1428,62,1,310.74,0,310.74
4297,1429,74,2,316.46,0,316.46
4298,1429,13,3,1655.28,5,1572.52
4299,1429,89,2,1283.76,5,1219.57
4300,1430,15,2,935.03,15,794.78
4301,1430,53,4,854.86,5,812.12
4302,1431,28,2,1431.57,0,1431.57
4303,1432,66,1,773.07,0,773.07
4304,1432,39,3,696.94,0,696.94
4305,1432,10,4,62.65,5,59.52
4306,1433,93,2,142.55,10,128.3
4307,1433,59,3,1073.3,5,1019.63
4308,1434,41,2,1707.07,0,1707.07
4309,1434,98,4,316.71,0,316.71
4310,1434,45,1,906.51,0,906.51
4311,1434,9,1,1107.42,5,1052.05
4312,1434,73,2,1445.84,5,1373.55
4313,1435,2,4,163.95,0,163.95
4314,1435,28,3,1431.57,5,1359.99
4315,1435,91,4,686.63,20,549.3
4316,1435,68,4,738.25,0,738.25
4317,1436,21,3,211.59,10,190.43
4318,1437,94,2,620.17,0,620.17
4319,1437,109,1,1167.12,20,933.7
4320,1437,21,1,211.59,10,190.43
4321,1438,47,4,1826.55,0,1826.55
4322,1439,96,2,1186.97,10,1068.27
4323,1440,81,2,171.62,10,154.46
4324,1440,33,4,81.59,0,81.59
4325,1441,103,1,196.23,5,186.42
4326,1441,15,2,935.03,0,935.03
4327,1442,82,2,1060.64,15,901.54
4328,1442,57,4,391.73,0,391.73
4329,1443,70,2,36.02,0,36.02
4330,1443,45,4,906.51,0,906.51
4331,1443,20,1,1103.14,0,1103.14
4332,1444,58,2,710.63,10,639.57
4333,1444,109,4,1167.12,0,1167.12
4334,1444,3,1,157.77,5,149.88
4335,1444,71,2,741.1,5,704.04
4336,1444,38,4,1470.45,20,1176.36
4337,1445,81,3,171.62,0,171.62
4338,1445,51,2,612.81,10,551.53
4339,1446,46,1,591.45,0,591.45
4340,1446,43,3,470.47,0,470.47
4341,1446,12,1,719.76,10,647.78
4342,1447,80,3,75.46,15,64.14
4343,1448,99,2,158.54,0,158.54
4344,1448,33,1,81.59,0,81.59
4345,1448,91,2,686.63,5,652.3
4346,1448,17,1,961.4,5,913.33
4347,1448,55,2,558.58,0,558.58
4348,1449,42,2,991.9,15,843.12
4349,1449,5,2,911.59,0,911.59
4350,1450,86,2,1446.82,20,1157.46
4351,1450,35,3,573.05,0,573.05
4352,1451,43,1,470.47,5,446.95
4353,1451,104,2,497.57,20,398.06
4354,1451,27,1,295.55,20,236.44
4355,1451,74,1,316.46,20,253.17
4356,1452,91,4,686.63,20,549.3
4357,1452,51,4,612.81,10,551.53
4358,1452,29,4,1039.47,20,831.58
4359,1452,16,4,1450.72,15,1233.11
4360,1453,2,1,163.95,0,163.95
4361,1453,32,3,939.08,0,939.08
4362,1453,27,3,295.55,0,295.55
4363,1454,50,1,1462.98,5,1389.83
4364,1455,34,1,1101.51,15,936.28
4365,1455,75,3,403.38,0,403.38
4366,1455,60,3,485.33,10,436.8
4367,1455,1,1,322.54,0,322.54
4368,1456,94,4,620.17,5,589.16
4369,1456,84,3,411.12,0,411.12
4370,1456,13,4,1655.28,20,1324.22
4371,1457,67,2,98.23,0,98.23
4372,1457,1,1,322.54,0,322.54
4373,1458,1,1,322.54,15,274.16
4374,1458,41,4,1707.07,10,1536.36
4375,1458,105,4,145.52,0,145.52
4376,1459,16,2,1450.72,15,1233.11
4377,1459,43,3,470.47,0,470.47
4378,1460,90,2,1058.02,0,1058.02
4379,1460,32,1,939.08,0,939.08
4380,1461,108,4,34.47,15,29.3
4381,1461,71,3,741.1,0,741.1
4382,1461,25,3,294.34,0,294.34
4383,1461,59,1,1073.3,15,912.3
4384,1461,83,3,1712.06,5,1626.46
4385,1462,23,2,294.57,10,265.11
4386,1462,44,3,1125.17,0,1125.17
4387,1462,96,1,1186.97,0,1186.97
4388,1462,112,1,588.08,0,588.08
4389,1463,105,3,145.52,10,130.97
4390,1463,42,4,991.9,20,793.52
4391,1464,60,2,485.33,5,461.06
4392,1464,58,1,710.63,0,710.63
4393,1465,57,3,391.73,10,352.56
4394,1466,3,1,157.77,15,134.1
4395,1466,31,4,571.41,0,571.41
4396,1466,33,4,81.59,0,81.59
4397,1466,117,3,562.18,20,449.74
4398,1466,46,2,591.45,0,591.45
4399,1467,115,3,773.15,15,657.18
4400,1467,29,3,1039.47,10,935.52
4401,1467,48,2,1326.91,0,1326.91
4402,1467,90,3,1058.02,15,899.32
4403,1467,43,3,470.47,10,423.42
4404,1468,57,1,391.73,0,391.73
4405,1468,42,2,991.9,20,793.52
4406,1468,64,4,975.06,10,877.55
4407,1468,77,2,1305.38,0,1305.38
4408,1469,98,4,316.71,0,316.71
4409,1469,43,4,470.47,20,376.38
4410,1469,60,3,485.33,0,485.33
4411,1470,12,4,719.76,0,719.76
4412,1471,73,4,1445.84,0,1445.84
4413,1471,115,1,773.15,0,773.15
4414,1471,109,2,1167.12,0,1167.12
4415,1471,46,1,591.45,20,473.16
4416,1471,68,2,738.25,0,738.25
4417,1472,91,4,686.63,0,686.63
4418,1472,67,1,98.23,10,88.41
4419,1472,77,2,1305.38,0,1305.38
4420,1472,100,4,856.08,5,813.28
4421,1473,17,2,961.4,0,961.4
4422,1474,36,1,1158.32,15,984.57
4423,1474,50,2,1462.98,15,1243.53
4424,1474,116,4,164.08,10,147.67
4425,1474,14,2,176.35,5,167.53
4426,1475,82,3,1060.64,15,901.54
4427,1476,120,2,619.03,0,619.03
4428,1476,7,4,1212.38,15,1030.52
4429,1476,117,3,562.18,20,449.74
4430,1476,101,2,694.55,10,625.1
4431,1477,94,4,620.17,10,558.15
4432,1477,83,1,1712.06,10,1540.85
4433,1477,72,3,1538.12,20,1230.5
4434,1478,74,4,316.46,15,268.99
4435,1478,60,2,485.33,0,485.33
4436,1479,2,4,163.95,10,147.56
4437,1479,83,3,1712.06,10,1540.85
4438,1479,1,3,322.54,20,258.03
4439,1479,61,3,817.65,0,817.65
4440,1479,31,4,571.41,15,485.7
4441,1480,112,3,588.08,0,588.08
4442,1480,103,1,196.23,5,186.42
4443,1480,40,4,370.53,10,333.48
4444,1481,96,2,1186.97,5,1127.62
4445,1481,55,3,558.58,0,558.58
4446,1482,39,4,696.94,20,557.55
4447,1482,99,3,158.54,10,142.69
4448,1483,89,4,1283.76,0,1283.76
4449,1484,32,2,939.08,10,845.17
4450,1484,44,3,1125.17,15,956.39
4451,1484,75,1,403.38,5,383.21
4452,1485,91,3,686.63,5,652.3
4453,1485,101,2,694.55,15,590.37
4454,1485,74,4,316.46,0,316.46
4455,1485,55,4,558.58,15,474.79
4456,1485,47,1,1826.55,5,1735.22
4457,1486,68,3,738.25,15,627.51
4458,1486,40,1,370.53,5,352.0
4459,1486,106,2,136.09,0,136.09
4460,1486,28,4,1431.57,15,1216.83
4461,1487,104,4,497.57,5,472.69
4462,1488,13,2,1655.28,0,1655.28
4463,1488,113,1,392.3,15,333.45
4464,1488,118,1,666.62,5,633.29
4465,1488,88,2,1564.93,5,1486.68
4466,1489,21,3,211.59,0,211.59
4467,1489,20,1,1103.14,0,1103.14
4468,1489,25,2,294.34,5,279.62
4469,1489,26,3,318.31,0,318.31
4470,1489,92,3,991.45,15,842.73
4471,1490,94,2,620.17,0,620.17
4472,1491,98,2,316.71,20,253.37
4473,1492,41,2,1707.07,0,1707.07
4474,1492,26,3,318.31,20,254.65
4475,1492,21,1,211.59,0,211.59
4476,1492,59,4,1073.3,0,1073.3
4477,1493,77,2,1305.38,0,1305.38
4478,1493,89,2,1283.76,0,1283.76
4479,1493,7,3,1212.38,5,1151.76
4480,1494,10,3,62.65,0,62.65
4481,1494,38,2,1470.45,15,1249.88
4482,1494,55,3,558.58,0,558.58
4483,1494,102,3,1036.41,0,1036.41
4484,1495,6,1,1063.05,5,1009.9
4485,1495,117,1,562.18,5,534.07
4486,1495,20,3,1103.14,0,1103.14
4487,1495,5,2,911.59,5,866.01
4488,1496,34,3,1101.51,10,991.36
4489,1496,120,3,619.03,20,495.22
4490,1496,102,4,1036.41,20,829.13
4491,1497,15,2,935.03,15,794.78
4492,1497,99,1,158.54,15,134.76
4493,1497,21,2,211.59,5,201.01
4494,1497,14,1,176.35,20,141.08
4495,1498,42,4,991.9,0,991.9
4496,1498,4,2,718.58,0,718.58
4497,1498,57,2,391.73,10,352.56
4498,1498,95,2,1360.9,15,1156.77
4499,1499,47,4,1826.55,0,1826.55
4500,1500,54,3,1069.07,0,1069.07
4501,1500,72,1,1538.12,0,1538.12
4502,1500,89,3,1283.76,0,1283.76
4503,1501,104,3,497.57,0,497.57
4504,1501,44,2,1125.17,5,1068.91
4505,1501,75,2,403.38,15,342.87
4506,1502,55,4,558.58,5,530.65
4507,1502,1,3,322.54,20,258.03
4508,1502,64,2,975.06,0,975.06
4509,1503,63,2,364.09,10,327.68
4510,1503,53,1,854.86,0,854.86
4511,1504,5,2,911.59,5,866.01
4512,1504,4,4,718.58,15,610.79
4513,1504,67,2,98.23,5,93.32
4514,1504,23,1,294.57,0,294.57
4515,1505,20,4,1103.14,0,1103.14
4516,1505,8,3,741.42,15,630.21
4517,1506,52,1,452.83,5,430.19
4518,1507,5,1,911.59,15,774.85
4519,1507,56,1,847.46,0,847.46
4520,1507,83,1,1712.06,0,1712.06
4521,1507,118,1,666.62,0,666.62
4522,1507,60,2,485.33,10,436.8
4523,1508,33,1,81.59,5,77.51
4524,1508,40,4,370.53,10,333.48
4525,1509,115,4,773.15,0,773.15
4526,1509,21,1,211.59,10,190.43
4527,1509,117,2,562.18,15,477.85
4528,1509,15,2,935.03,20,748.02
4529,1510,76,1,1456.37,15,1237.91
4530,1510,95,2,1360.9,10,1224.81
4531,1511,101,1,694.55,0,694.55
4532,1511,84,3,411.12,0,411.12
4533,1511,79,1,150.11,5,142.6
4534,1511,19,1,1076.96,0,1076.96
4535,1512,118,1,666.62,20,533.3
4536,1512,54,1,1069.07,10,962.16
4537,1513,114,2,711.52,15,604.79
4538,1513,19,4,1076.96,5,1023.11
4539,1514,24,1,769.21,0,769.21
4540,1514,59,3,1073.3,10,965.97
4541,1514,100,3,856.08,5,813.28
4542,1515,69,2,754.87,0,754.87
4543,1515,114,4,711.52,0,711.52
4544,1515,57,2,391.73,0,391.73
4545,1515,102,1,1036.41,0,1036.41
4546,1515,22,2,72.59,5,68.96
4547,1516,71,4,741.1,15,629.94
4548,1516,7,4,1212.38,0,1212.38
4549,1516,116,3,164.08,0,164.08
4550,1516,38,3,1470.45,5,1396.93
4551,1516,34,4,1101.51,0,1101.51
4552,1517,54,4,1069.07,20,855.26
4553,1517,105,3,145.52,5,138.24
4554,1517,89,2,1283.76,15,1091.2
4555,1517,106,3,136.09,20,108.87
4556,1517,3,3,157.77,0,157.77
4557,1518,60,4,485.33,15,412.53
4558,1518,28,3,1431.57,5,1359.99
4559,1518,58,4,710.63,10,639.57
4560,1519,34,3,1101.51,5,1046.43
4561,1519,2,3,163.95,5,155.75
4562,1519,57,4,391.73,5,372.14
4563,1519,1,1,322.54,5,306.41
4564,1519,104,1,497.57,0,497.57
4565,1520,66,2,773.07,10,695.76
4566,1520,65,3,1604.38,0,1604.38
4567,1520,78,4,1222.29,10,1100.06
4568,1520,59,1,1073.3,20,858.64
4569,1520,118,2,666.62,10,599.96
4570,1521,115,1,773.15,15,657.18
4571,1521,52,4,452.83,0,452.83
4572,1522,57,1,391.73,0,391.73
4573,1523,26,1,318.31,15,270.56
4574,1523,111,4,242.17,0,242.17
4575,1523,64,3,975.06,5,926.31
4576,1524,70,2,36.02,0,36.02
4577,1524,66,4,773.07,5,734.42
4578,1524,2,3,163.95,5,155.75
4579,1524,102,3,1036.41,15,880.95
4580,1525,19,4,1076.96,10,969.26
4581,1526,25,3,294.34,0,294.34
4582,1526,115,3,773.15,0,773.15
4583,1526,16,3,1450.72,15,1233.11
4584,1526,113,3,392.3,0,392.3
4585,1526,23,4,294.57,20,235.66
4586,1527,11,1,1507.26,10,1356.53
4587,1528,88,4,1564.93,0,1564.93
4588,1528,34,1,1101.51,5,1046.43
4589,1528,72,1,1538.12,15,1307.4
4590,1528,3,4,157.77,5,149.88
4591,1528,67,1,98.23,0,98.23
4592,1529,6,4,1063.05,15,903.59
4593,1529,62,1,310.74,15,264.13
4594,1530,61,3,817.65,0,817.65
4595,1531,29,3,1039.47,15,883.55
4596,1531,55,4,558.58,10,502.72
4597,1531,71,4,741.1,5,704.04
4598,1532,83,3,1712.06,5,1626.46
4599,1532,117,1,562.18,15,477.85
4600,1533,42,1,991.9,0,991.9
4601,1534,119,1,505.7,0,505.7
4602,1535,7,3,1212.38,0,1212.38
4603,1535,105,2,145.52,0,145.52
4604,1535,14,3,176.35,0,176.35
4605,1535,64,2,975.06,0,975.06
4606,1536,73,2,1445.84,15,1228.96
4607,1536,61,2,817.65,0,817.65
4608,1536,21,1,211.59,0,211.59
4609,1537,80,4,75.46,0,75.46
4610,1537,116,4,164.08,0,164.08
4611,1538,87,3,349.08,15,296.72
4612,1538,89,2,1283.76,20,1027.01
4613,1538,84,4,411.12,0,411.12
4614,1538,85,4,534.69,15,454.49
4615,1539,33,2,81.59,0,81.59
4616,1539,107,2,1079.93,5,1025.93
4617,1539,98,3,316.71,15,269.2
4618,1540,8,1,741.42,5,704.35
4619,1540,37,3,533.72,0,533.72
4620,1541,100,4,856.08,0,856.08
4621,1541,93,1,142.55,20,114.04
4622,1541,28,3,1431.57,0,1431.57
4623,1542,31,2,571.41,20,457.13
4624,1542,59,4,1073.3,20,858.64
4625,1543,102,4,1036.41,5,984.59
4626,1543,97,1,700.41,15,595.35
4627,1543,51,4,612.81,20,490.25
4628,1543,95,1,1360.9,20,1088.72
4629,1544,41,4,1707.07,0,1707.07
4630,1544,44,1,1125.17,20,900.14
4631,1544,64,3,975.06,10,877.55
4632,1544,99,3,158.54,10,142.69
4633,1544,12,4,719.76,10,647.78
4634,1545,11,1,1507.26,10,1356.53
4635,1545,36,1,1158.32,0,1158.32
4636,1545,35,3,573.05,10,515.75
4637,1545,76,4,1456.37,0,1456.37
4638,1545,79,3,150.11,15,127.59
4639,1546,87,3,349.08,5,331.63
4640,1547,34,4,1101.51,0,1101.51
4641,1547,43,2,470.47,0,470.47
4642,1547,4,3,718.58,20,574.86
4643,1548,41,4,1707.07,15,1451.01
4644,1548,19,1,1076.96,0,1076.96
4645,1549,12,1,719.76,15,611.8
4646,1550,48,3,1326.91,5,1260.56
4647,1550,103,4,196.23,10,176.61
4648,1550,89,3,1283.76,10,1155.38
4649,1550,111,2,242.17,20,193.74
4650,1550,10,2,62.65,0,62.65
4651,1551,46,4,591.45,0,591.45
4652,1551,106,2,136.09,0,136.09
4653,1552,93,3,142.55,15,121.17
4654,1552,89,1,1283.76,20,1027.01
4655,1552,26,1,318.31,0,318.31
4656,1552,84,2,411.12,15,349.45
4657,1553,34,4,1101.51,15,936.28
4658,1553,20,2,1103.14,0,1103.14
4659,1553,45,3,906.51,20,725.21
4660,1553,79,3,150.11,0,150.11
4661,1554,106,4,136.09,20,108.87
4662,1554,21,1,211.59,15,179.85
4663,1554,74,2,316.46,0,316.46
4664,1554,67,3,98.23,5,93.32
4665,1554,112,3,588.08,10,529.27
4666,1555,36,3,1158.32,0,1158.32
4667,1555,58,2,710.63,5,675.1
4668,1555,40,1,370.53,5,352.0
4669,1555,50,3,1462.98,15,1243.53
4670,1555,1,4,322.54,20,258.03
4671,1556,11,4,1507.26,0,1507.26
4672,1556,34,4,1101.51,0,1101.51
4673,1557,44,3,1125.17,0,1125.17
4674,1557,69,2,754.87,10,679.38
4675,1557,7,2,1212.38,5,1151.76
4676,1557,104,4,497.57,20,398.06
4677,1558,80,4,75.46,10,67.91
4678,1558,118,4,666.62,5,633.29
4679,1558,65,3,1604.38,0,1604.38
4680,1558,67,3,98.23,0,98.23
4681,1559,34,1,1101.51,0,1101.51
4682,1559,114,3,711.52,0,711.52
4683,1559,58,1,710.63,10,639.57
4684,1559,98,2,316.71,15,269.2
4685,1559,38,2,1470.45,5,1396.93
4686,1560,89,3,1283.76,10,1155.38
4687,1561,24,1,769.21,15,653.83
4688,1561,90,2,1058.02,0,1058.02
4689,1561,59,4,1073.3,0,1073.3
4690,1561,43,1,470.47,0,470.47
4691,1562,108,3,34.47,20,27.58
4692,1562,36,3,1158.32,5,1100.4
4693,1563,32,3,939.08,5,892.13
4694,1563,55,1,558.58,0,558.58
4695,1563,93,3,142.55,5,135.42
4696,1563,101,4,694.55,0,694.55
4697,1563,86,2,1446.82,15,1229.8
4698,1564,112,1,588.08,20,470.46
4699,1564,115,4,773.15,0,773.15
4700,1565,43,1,470.47,20,376.38
4701,1565,79,3,150.11,0,150.11
4702,1565,33,1,81.59,5,77.51
4703,1565,67,1,98.23,0,98.23
4704,1566,58,3,710.63,0,710.63
4705,1566,82,2,1060.64,0,1060.64
4706,1567,108,2,34.47,20,27.58
4707,1567,57,4,391.73,0,391.73
4708,1568,53,3,854.86,5,812.12
4709,1568,82,3,1060.64,5,1007.61
4710,1568,84,2,411.12,20,328.9
4711,1568,21,1,211.59,20,169.27
4712,1568,37,1,533.72,0,533.72
4713,1569,27,1,295.55,5,280.77
4714,1570,109,1,1167.12,5,1108.76
4715,1570,24,4,769.21,0,769.21
4716,1570,72,3,1538.12,15,1307.4
4717,1570,116,3,164.08,0,164.08
4718,1570,63,3,364.09,10,327.68
4719,1571,49,3,1207.0,15,1025.95
4720,1571,30,3,459.89,0,459.89
4721,1571,46,1,591.45,0,591.45
4722,1571,56,2,847.46,0,847.46
4723,1572,10,4,62.65,5,59.52
4724,1572,22,1,72.59,0,72.59
4725,1573,35,3,573.05,0,573.05
4726,1573,50,2,1462.98,15,1243.53
4727,1573,76,3,1456.37,5,1383.55
4728,1573,119,1,505.7,0,505.7
4729,1573,92,2,991.45,0,991.45
4730,1574,11,2,1507.26,20,1205.81
4731,1574,86,2,1446.82,20,1157.46
4732,1575,70,1,36.02,20,28.82
4733,1575,72,2,1538.12,0,1538.12
4734,1575,111,2,242.17,0,242.17
4735,1575,116,2,164.08,20,131.26
4736,1575,59,4,1073.3,5,1019.63
4737,1576,56,4,847.46,10,762.71
4738,1576,38,4,1470.45,0,1470.45
4739,1576,17,4,961.4,10,865.26
4740,1576,101,3,694.55,0,694.55
4741,1576,57,4,391.73,0,391.73
4742,1577,60,2,485.33,0,485.33
4743,1577,95,1,1360.9,10,1224.81
4744,1577,49,4,1207.0,5,1146.65
4745,1577,4,2,718.58,20,574.86
4746,1577,93,3,142.55,5,135.42
4747,1578,96,1,1186.97,5,1127.62
4748,1579,86,2,1446.82,20,1157.46
4749,1579,69,2,754.87,0,754.87
4750,1580,105,3,145.52,5,138.24
4751,1580,112,2,588.08,0,588.08
4752,1580,97,4,700.41,0,700.41
4753,1581,84,4,411.12,5,390.56
4754,1581,17,1,961.4,0,961.4
4755,1582,43,3,470.47,15,399.9
4756,1582,28,4,1431.57,0,1431.57
4757,1582,44,1,1125.17,0,1125.17
4758,1583,29,2,1039.47,0,1039.47
4759,1583,96,3,1186.97,20,949.58
4760,1583,82,4,1060.64,0,1060.64
4761,1583,86,3,1446.82,15,1229.8
4762,1584,101,1,694.55,20,555.64
4763,1584,33,2,81.59,0,81.59
4764,1585,44,4,1125.17,10,1012.65
4765,1585,38,2,1470.45,10,1323.4
4766,1585,117,4,562.18,5,534.07
4767,1586,38,1,1470.45,0,1470.45
4768,1587,62,1,310.74,0,310.74
4769,1587,72,4,1538.12,15,1307.4
4770,1587,69,3,754.87,5,717.13
4771,1587,110,4,732.42,0,732.42
4772,1588,51,4,612.81,10,551.53
4773,1588,108,1,34.47,0,34.47
4774,1588,101,3,694.55,10,625.1
4775,1588,112,3,588.08,15,499.87
4776,1588,44,4,1125.17,5,1068.91
4777,1589,27,2,295.55,10,266.0
4778,1589,24,1,769.21,15,653.83
4779,1590,37,3,533.72,0,533.72
4780,1590,70,4,36.02,15,30.62
4781,1591,4,4,718.58,0,718.58
4782,1591,2,2,163.95,15,139.36
4783,1591,85,3,534.69,0,534.69
4784,1591,109,3,1167.12,0,1167.12
4785,1592,36,1,1158.32,15,984.57
4786,1592,5,3,911.59,0,911.59
4787,1592,63,1,364.09,0,364.09
4788,1592,53,2,854.86,15,726.63
4789,1593,29,2,1039.47,10,935.52
4790,1594,4,4,718.58,0,718.58
4791,1594,89,4,1283.76,0,1283.76
4792,1594,16,2,1450.72,0,1450.72
4793,1594,31,3,571.41,5,542.84
4794,1594,93,1,142.55,0,142.55
4795,1595,100,1,856.08,0,856.08
4796,1595,10,3,62.65,20,50.12
4797,1595,5,2,911.59,0,911.59
4798,1595,70,4,36.02,0,36.02
4799,1595,87,2,349.08,0,349.08
4800,1596,59,4,1073.3,5,1019.63
4801,1596,3,2,157.77,10,141.99
4802,1596,17,4,961.4,0,961.4
4803,1596,82,3,1060.64,5,1007.61
4804,1597,78,3,1222.29,5,1161.18
4805,1597,56,3,847.46,0,847.46
4806,1597,85,4,534.69,0,534.69
4807,1598,44,3,1125.17,0,1125.17
4808,1598,79,2,150.11,15,127.59
4809,1598,73,4,1445.84,0,1445.84
4810,1598,48,1,1326.91,5,1260.56
4811,1598,4,1,718.58,0,718.58
4812,1599,47,1,1826.55,10,1643.89
4813,1599,113,2,392.3,10,353.07
4814,1599,114,3,711.52,0,711.52
4815,1599,108,3,34.47,0,34.47
4816,1599,37,3,533.72,0,533.72
4817,1600,59,2,1073.3,20,858.64
4818,1601,51,3,612.81,0,612.81
4819,1602,79,2,150.11,0,150.11
4820,1603,107,4,1079.93,0,1079.93
4821,1603,117,3,562.18,0,562.18
4822,1603,48,2,1326.91,0,1326.91
4823,1604,6,2,1063.05,5,1009.9
4824,1604,102,4,1036.41,20,829.13
4825,1605,113,2,392.3,0,392.3
4826,1605,34,1,1101.51,0,1101.51
4827,1605,60,3,485.33,15,412.53
4828,1605,26,2,318.31,0,318.31
4829,1605,4,1,718.58,20,574.86
4830,1606,95,3,1360.9,0,1360.9
4831,1606,37,2,533.72,10,480.35
4832,1607,99,2,158.54,0,158.54
4833,1607,56,1,847.46,10,762.71
4834,1608,12,1,719.76,20,575.81
4835,1608,23,1,294.57,0,294.57
4836,1608,103,2,196.23,0,196.23
4837,1609,74,1,316.46,15,268.99
4838,1609,41,1,1707.07,0,1707.07
4839,1609,75,4,403.38,10,363.04
4840,1609,73,3,1445.84,0,1445.84
4841,1610,103,2,196.23,0,196.23
4842,1610,117,3,562.18,0,562.18
4843,1611,2,1,163.95,20,131.16
4844,1611,12,1,719.76,0,719.76
4845,1611,71,3,741.1,15,629.94
4846,1611,116,2,164.08,0,164.08
4847,1612,91,2,686.63,10,617.97
4848,1612,47,4,1826.55,15,1552.57
4849,1612,61,2,817.65,5,776.77
4850,1612,9,4,1107.42,10,996.68
4851,1612,26,4,318.31,0,318.31
4852,1613,64,3,975.06,20,780.05
4853,1613,31,2,571.41,0,571.41
4854,1614,20,1,1103.14,20,882.51
4855,1615,80,2,75.46,10,67.91
4856,1615,12,1,719.76,0,719.76
4857,1616,12,3,719.76,10,647.78
4858,1617,72,1,1538.12,10,1384.31
4859,1617,5,1,911.59,10,820.43
4860,1617,21,4,211.59,15,179.85
4861,1618,39,2,696.94,0,696.94
4862,1618,104,1,497.57,15,422.93
4863,1618,47,1,1826.55,10,1643.89
4864,1618,21,2,211.59,0,211.59
4865,1619,25,4,294.34,10,264.91
4866,1619,42,2,991.9,0,991.9
4867,1620,20,4,1103.14,5,1047.98
4868,1620,30,1,459.89,0,459.89
4869,1620,98,1,316.71,5,300.87
4870,1620,56,1,847.46,0,847.46
4871,1621,89,1,1283.76,10,1155.38
4872,1621,71,1,741.1,10,666.99
4873,1622,38,1,1470.45,0,1470.45
4874,1622,5,2,911.59,15,774.85
4875,1622,42,2,991.9,20,793.52
4876,1622,105,2,145.52,0,145.52
4877,1623,35,3,573.05,10,515.75
4878,1623,103,3,196.23,5,186.42
4879,1624,64,1,975.06,0,975.06
4880,1625,61,4,817.65,5,776.77
4881,1625,99,3,158.54,20,126.83
4882,1625,51,2,612.81,0,612.81
4883,1625,45,4,906.51,0,906.51
4884,1625,8,2,741.42,0,741.42
4885,1626,97,4,700.41,0,700.41
4886,1626,96,2,1186.97,15,1008.92
4887,1626,27,4,295.55,15,251.22
4888,1626,16,1,1450.72,0,1450.72
4889,1627,41,4,1707.07,20,1365.66
4890,1628,25,4,294.34,20,235.47
4891,1629,8,4,741.42,20,593.14
4892,1629,55,4,558.58,0,558.58
4893,1630,45,3,906.51,5,861.18
4894,1631,111,2,242.17,20,193.74
4895,1631,108,2,34.47,20,27.58
4896,1631,51,2,612.81,0,612.81
4897,1631,88,4,1564.93,0,1564.93
4898,1631,78,1,1222.29,5,1161.18
4899,1632,96,3,1186.97,10,1068.27
4900,1633,101,1,694.55,10,625.1
4901,1634,111,1,242.17,10,217.95
4902,1634,117,4,562.18,0,562.18
4903,1634,9,2,1107.42,0,1107.42
4904,1634,36,2,1158.32,0,1158.32
4905,1635,109,4,1167.12,0,1167.12
4906,1635,4,4,718.58,0,718.58
4907,1636,113,2,392.3,10,353.07
4908,1636,90,2,1058.02,0,1058.02
4909,1636,70,4,36.02,0,36.02
4910,1637,94,2,620.17,0,620.17
4911,1637,1,3,322.54,10,290.29
4912,1637,108,2,34.47,15,29.3
4913,1637,74,3,316.46,10,284.81
4914,1637,64,3,975.06,15,828.8
4915,1638,46,1,591.45,0,591.45
4916,1638,41,1,1707.07,10,1536.36
4917,1638,112,4,588.08,20,470.46
4918,1639,28,3,1431.57,10,1288.41
4919,1640,100,2,856.08,5,813.28
4920,1640,97,4,700.41,10,630.37
4921,1641,117,2,562.18,5,534.07
4922,1641,27,2,295.55,0,295.55
4923,1641,71,2,741.1,10,666.99
4924,1641,91,1,686.63,0,686.63
4925,1641,63,3,364.09,15,309.48
4926,1642,53,4,854.86,0,854.86
4927,1642,33,3,81.59,5,77.51
4928,1643,116,4,164.08,15,139.47
4929,1643,103,4,196.23,15,166.8
4930,1643,36,3,1158.32,0,1158.32
4931,1643,67,4,98.23,0,98.23
4932,1644,99,4,158.54,0,158.54
4933,1644,12,1,719.76,5,683.77
4934,1644,17,3,961.4,0,961.4
4935,1644,5,2,911.59,10,820.43
4936,1645,62,3,310.74,0,310.74
4937,1645,52,3,452.83,0,452.83
4938,1645,5,1,911.59,0,911.59
4939,1645,16,3,1450.72,0,1450.72
4940,1646,48,4,1326.91,0,1326.91
4941,1647,15,4,935.03,0,935.03
4942,1647,91,1,686.63,5,652.3
4943,1647,40,4,370.53,0,370.53
4944,1647,92,1,991.45,0,991.45
4945,1647,28,4,1431.57,0,1431.57
4946,1648,113,1,392.3,0,392.3
4947,1648,49,2,1207.0,5,1146.65
4948,1649,101,3,694.55,0,694.55
4949,1650,91,4,686.63,0,686.63
4950,1650,81,3,171.62,0,171.62
4951,1650,35,4,573.05,10,515.75
4952,1651,49,3,1207.0,20,965.6
4953,1651,65,2,1604.38,5,1524.16
4954,1652,12,2,719.76,0,719.76
4955,1652,35,3,573.05,15,487.09
4956,1652,104,3,497.57,0,497.57
4957,1652,4,3,718.58,20,574.86
4958,1653,46,1,591.45,0,591.45
4959,1653,87,2,349.08,0,349.08
4960,1653,53,1,854.86,0,854.86
4961,1653,101,4,694.55,15,590.37
4962,1653,55,2,558.58,0,558.58
4963,1654,100,4,856.08,20,684.86
4964,1654,20,4,1103.14,0,1103.14
4965,1654,29,2,1039.47,15,883.55
4966,1654,67,1,98.23,15,83.5
4967,1655,96,4,1186.97,20,949.58
4968,1655,112,2,588.08,10,529.27
4969,1655,103,3,196.23,15,166.8
4970,1655,27,1,295.55,10,266.0
4971,1656,108,4,34.47,0,34.47
4972,1656,87,2,349.08,0,349.08
4973,1656,81,1,171.62,20,137.3
4974,1657,74,3,316.46,0,316.46
4975,1657,11,1,1507.26,0,1507.26
4976,1657,53,2,854.86,5,812.12
4977,1657,88,3,1564.93,20,1251.94
4978,1657,118,1,666.62,0,666.62
4979,1658,105,3,145.52,10,130.97
4980,1658,68,3,738.25,0,738.25
4981,1658,81,4,171.62,20,137.3
4982,1659,5,2,911.59,20,729.27
4983,1659,2,4,163.95,10,147.56
4984,1659,89,3,1283.76,15,1091.2
4985,1659,54,3,1069.07,15,908.71
4986,1660,40,2,370.53,10,333.48
4987,1661,33,4,81.59,5,77.51
4988,1661,37,3,533.72,0,533.72
4989,1661,79,2,150.11,20,120.09
4990,1662,95,4,1360.9,20,1088.72
4991,1663,109,4,1167.12,0,1167.12
4992,1663,56,2,847.46,10,762.71
4993,1663,17,1,961.4,0,961.4
4994,1664,54,1,1069.07,15,908.71
4995,1665,27,3,295.55,15,251.22
4996,1665,35,3,573.05,10,515.75
4997,1665,40,2,370.53,0,370.53
4998,1665,60,3,485.33,15,412.53
4999,1666,105,4,145.52,15,123.69
5000,1667,71,2,741.1,5,704.04
5001,1667,30,3,459.89,15,390.91
5002,1668,78,1,1222.29,0,1222.29
5003,1668,63,1,364.09,5,345.89
5004,1668,92,1,991.45,5,941.88
5005,1668,12,1,719.76,0,719.76
5006,1668,88,3,1564.93,15,1330.19
5007,1669,58,2,710.63,0,710.63
5008,1669,52,3,452.83,20,362.26
5009,1669,10,3,62.65,10,56.38
5010,1670,12,3,719.76,0,719.76
5011,1670,90,2,1058.02,0,1058.02
5012,1670,118,3,666.62,20,533.3
5013,1671,101,2,694.55,15,590.37
5014,1671,114,2,711.52,5,675.94
5015,1672,87,4,349.08,15,296.72
5016,1672,69,3,754.87,20,603.9
5017,1673,85,1,534.69,15,454.49
5018,1673,63,2,364.09,0,364.09
5019,1673,74,2,316.46,5,300.64
5020,1673,72,3,1538.12,5,1461.21
5021,1674,82,4,1060.64,0,1060.64
5022,1674,59,1,1073.3,0,1073.3
5023,1674,92,2,991.45,15,842.73
5024,1675,107,4,1079.93,0,1079.93
5025,1676,102,1,1036.41,5,984.59
5026,1676,77,1,1305.38,0,1305.38
5027,1676,36,4,1158.32,0,1158.32
5028,1676,10,1,62.65,0,62.65
5029,1676,120,4,619.03,0,619.03
5030,1677,49,1,1207.0,0,1207.0
5031,1677,92,2,991.45,0,991.45
5032,1677,84,4,411.12,0,411.12
5033,1678,23,3,294.57,20,235.66
5034,1678,94,4,620.17,0,620.17
5035,1678,99,3,158.54,15,134.76
5036,1679,31,4,571.41,0,571.41
5037,1679,64,4,975.06,5,926.31
5038,1680,8,4,741.42,10,667.28
5039,1681,114,2,711.52,0,711.52
5040,1681,16,3,1450.72,0,1450.72
5041,1681,81,2,171.62,0,171.62
5042,1681,19,1,1076.96,10,969.26
5043,1681,44,2,1125.17,20,900.14
5044,1682,52,1,452.83,10,407.55
5045,1682,62,4,310.74,15,264.13
5046,1683,53,4,854.86,0,854.86
5047,1683,94,2,620.17,10,558.15
5048,1683,3,2,157.77,20,126.22
5049,1683,19,3,1076.96,5,1023.11
5050,1684,53,3,854.86,5,812.12
5051,1685,18,1,1488.64,0,1488.64
5052,1685,14,4,176.35,0,176.35
5053,1685,99,1,158.54,5,150.61
5054,1685,92,1,991.45,20,793.16
5055,1685,1,2,322.54,5,306.41
5056,1686,100,4,856.08,15,727.67
5057,1686,8,4,741.42,20,593.14
5058,1686,68,2,738.25,0,738.25
5059,1686,81,1,171.62,5,163.04
5060,1686,66,1,773.07,10,695.76
5061,1687,31,4,571.41,5,542.84
5062,1687,35,3,573.05,10,515.75
5063,1687,65,4,1604.38,20,1283.5
5064,1687,77,4,1305.38,15,1109.57
5065,1687,20,2,1103.14,10,992.83
5066,1688,45,3,906.51,15,770.53
5067,1688,8,3,741.42,20,593.14
5068,1688,110,3,732.42,5,695.8
5069,1688,61,3,817.65,5,776.77
5070,1689,55,4,558.58,0,558.58
5071,1689,61,3,817.65,0,817.65
5072,1690,66,3,773.07,5,734.42
5073,1690,21,4,211.59,10,190.43
5074,1690,65,3,1604.38,0,1604.38
5075,1690,14,1,176.35,0,176.35
5076,1690,58,3,710.63,0,710.63
5077,1691,97,1,700.41,0,700.41
5078,1691,20,4,1103.14,0,1103.14
5079,1692,79,2,150.11,20,120.09
5080,1692,29,4,1039.47,15,883.55
5081,1692,8,3,741.42,0,741.42
5082,1692,28,2,1431.57,0,1431.57
5083,1693,29,1,1039.47,5,987.5
5084,1693,31,3,571.41,20,457.13
5085,1693,2,1,163.95,15,139.36
5086,1693,79,4,150.11,0,150.11
5087,1694,12,3,719.76,0,719.76
5088,1694,56,2,847.46,0,847.46
5089,1694,66,4,773.07,5,734.42
5090,1695,48,2,1326.91,5,1260.56
5091,1695,16,1,1450.72,0,1450.72
5092,1695,17,3,961.4,20,769.12
5093,1695,44,2,1125.17,5,1068.91
5094,1696,77,2,1305.38,5,1240.11
5095,1696,120,4,619.03,0,619.03
5096,1696,27,2,295.55,0,295.55
5097,1696,25,2,294.34,0,294.34
5098,1697,46,2,591.45,5,561.88
5099,1697,90,2,1058.02,20,846.42
5100,1697,52,2,452.83,5,430.19
5101,1697,21,2,211.59,0,211.59
5102,1697,99,3,158.54,20,126.83
5103,1698,27,2,295.55,15,251.22
5104,1698,14,4,176.35,20,141.08
5105,1698,5,1,911.59,0,911.59
5106,1698,30,3,459.89,0,459.89
5107,1698,104,2,497.57,0,497.57
5108,1699,27,4,295.55,0,295.55
5109,1700,26,2,318.31,15,270.56
5110,1700,25,1,294.34,15,250.19
5111,1700,30,2,459.89,10,413.9
5112,1701,47,1,1826.55,0,1826.55
5113,1701,52,3,452.83,15,384.91
5114,1701,82,4,1060.64,10,954.58
5115,1702,35,4,573.05,0,573.05
5116,1703,13,3,1655.28,20,1324.22
5117,1703,76,1,1456.37,5,1383.55
5118,1703,68,4,738.25,10,664.43
5119,1703,103,4,196.23,10,176.61
5120,1704,115,4,773.15,0,773.15
5121,1705,109,3,1167.12,0,1167.12
5122,1705,91,2,686.63,0,686.63
5123,1705,46,3,591.45,5,561.88
5124,1706,102,2,1036.41,5,984.59
5125,1706,29,3,1039.47,0,1039.47
5126,1706,60,3,485.33,0,485.33
5127,1706,80,2,75.46,15,64.14
5128,1706,86,4,1446.82,0,1446.82
5129,1707,55,2,558.58,0,558.58
5130,1707,67,2,98.23,10,88.41
5131,1707,68,2,738.25,15,627.51
5132,1707,47,1,1826.55,0,1826.55
5133,1707,79,4,150.11,10,135.1
5134,1708,60,2,485.33,15,412.53
5135,1708,117,2,562.18,0,562.18
5136,1708,118,3,666.62,0,666.62
5137,1708,87,2,349.08,0,349.08
5138,1708,67,1,98.23,10,88.41
5139,1709,48,4,1326.91,0,1326.91
5140,1709,97,3,700.41,20,560.33
5141,1709,75,1,403.38,15,342.87
5142,1709,106,1,136.09,0,136.09
5143,1709,87,3,349.08,0,349.08
5144,1710,56,4,847.46,15,720.34
5145,1710,113,1,392.3,5,372.69
5146,1710,117,4,562.18,0,562.18
5147,1710,95,3,1360.9,5,1292.86
5148,1711,61,4,817.65,0,817.65
5149,1711,12,2,719.76,10,647.78
5150,1711,112,3,588.08,15,499.87
5151,1711,39,1,696.94,15,592.4
5152,1712,30,3,459.89,0,459.89
5153,1713,19,4,1076.96,0,1076.96
5154,1713,110,2,732.42,0,732.42
5155,1713,61,3,817.65,0,817.65
5156,1714,98,4,316.71,0,316.71
5157,1714,52,2,452.83,10,407.55
5158,1714,31,4,571.41,0,571.41
5159,1714,117,3,562.18,10,505.96
5160,1714,87,3,349.08,10,314.17
5161,1715,1,3,322.54,0,322.54
5162,1715,26,3,318.31,5,302.39
5163,1715,72,3,1538.12,5,1461.21
5164,1716,26,1,318.31,10,286.48
5165,1716,10,4,62.65,0,62.65
5166,1716,61,1,817.65,0,817.65
5167,1717,95,1,1360.9,0,1360.9
5168,1717,110,2,732.42,15,622.56
5169,1718,27,2,295.55,0,295.55
5170,1718,49,4,1207.0,15,1025.95
5171,1718,86,4,1446.82,0,1446.82
5172,1718,29,2,1039.47,0,1039.47
5173,1719,37,4,533.72,0,533.72
5174,1719,118,2,666.62,10,599.96
5175,1720,55,4,558.58,0,558.58
5176,1721,75,1,403.38,0,403.38
5177,1722,2,4,163.95,15,139.36
5178,1722,39,1,696.94,15,592.4
5179,1722,71,4,741.1,0,741.1
5180,1722,67,2,98.23,5,93.32
5181,1722,56,3,847.46,0,847.46
5182,1723,100,2,856.08,15,727.67
5183,1723,99,4,158.54,10,142.69
5184,1723,72,3,1538.12,10,1384.31
5185,1723,114,3,711.52,15,604.79
5186,1724,12,1,719.76,20,575.81
5187,1724,62,1,310.74,10,279.67
5188,1724,56,2,847.46,5,805.09
5189,1725,118,4,666.62,0,666.62
5190,1726,82,1,1060.64,0,1060.64
5191,1726,72,3,1538.12,20,1230.5
5192,1726,14,4,176.35,20,141.08
5193,1727,92,4,991.45,5,941.88
5194,1727,35,3,573.05,0,573.05
5195,1728,102,4,1036.41,20,829.13
5196,1728,28,1,1431.57,15,1216.83
5197,1728,89,3,1283.76,0,1283.76
5198,1728,30,1,459.89,15,390.91
5199,1729,50,1,1462.98,10,1316.68
5200,1729,56,2,847.46,5,805.09
5201,1729,45,3,906.51,15,770.53
5202,1730,57,2,391.73,5,372.14
5203,1730,12,3,719.76,0,719.76
5204,1730,76,3,1456.37,0,1456.37
5205,1730,68,1,738.25,10,664.43
5206,1731,66,1,773.07,5,734.42
5207,1731,41,2,1707.07,15,1451.01
5208,1731,80,3,75.46,0,75.46
5209,1731,28,2,1431.57,0,1431.57
5210,1732,66,4,773.07,0,773.07
5211,1733,103,3,196.23,0,196.23
5212,1733,78,3,1222.29,20,977.83
5213,1733,82,2,1060.64,0,1060.64
5214,1733,22,3,72.59,10,65.33
5215,1734,77,2,1305.38,20,1044.3
5216,1734,43,1,470.47,15,399.9
5217,1734,23,3,294.57,5,279.84
5218,1734,15,1,935.03,20,748.02
5219,1735,65,1,1604.38,0,1604.38
5220,1735,58,1,710.63,0,710.63
5221,1736,112,3,588.08,5,558.68
5222,1736,40,4,370.53,0,370.53
5223,1736,54,3,1069.07,10,962.16
5224,1737,28,4,1431.57,5,1359.99
5225,1738,57,4,391.73,15,332.97
5226,1738,36,1,1158.32,15,984.57
5227,1738,59,1,1073.3,5,1019.63
5228,1739,24,2,769.21,0,769.21
5229,1740,6,4,1063.05,15,903.59
5230,1740,97,3,700.41,0,700.41
5231,1740,31,4,571.41,15,485.7
5232,1741,92,1,991.45,0,991.45
5233,1741,119,3,505.7,0,505.7
5234,1741,90,3,1058.02,10,952.22
5235,1741,9,2,1107.42,0,1107.42
5236,1741,82,2,1060.64,0,1060.64
5237,1742,109,4,1167.12,15,992.05
5238,1742,70,4,36.02,0,36.02
5239,1743,105,2,145.52,10,130.97
5240,1744,41,1,1707.07,0,1707.07
5241,1744,96,3,1186.97,20,949.58
5242,1744,1,4,322.54,0,322.54
5243,1745,2,1,163.95,0,163.95
5244,1745,14,3,176.35,20,141.08
5245,1745,113,3,392.3,20,313.84
5246,1745,114,4,711.52,0,711.52
5247,1745,4,1,718.58,0,718.58
5248,1746,8,1,741.42,10,667.28
5249,1746,50,3,1462.98,10,1316.68
5250,1746,96,1,1186.97,0,1186.97
5251,1746,118,4,666.62,15,566.63
5252,1746,84,3,411.12,0,411.12
5253,1747,44,1,1125.17,15,956.39
5254,1747,16,2,1450.72,20,1160.58
5255,1747,74,4,316.46,10,284.81
5256,1748,11,4,1507.26,0,1507.26
5257,1748,65,4,1604.38,0,1604.38
5258,1748,56,1,847.46,15,720.34
5259,1748,102,3,1036.41,10,932.77
5260,1749,77,2,1305.38,15,1109.57
5261,1749,109,2,1167.12,20,933.7
5262,1750,117,3,562.18,0,562.18
5263,1750,92,4,991.45,15,842.73
5264,1750,101,1,694.55,10,625.1
5265,1750,109,4,1167.12,0,1167.12
5266,1750,120,2,619.03,10,557.13
5267,1751,27,2,295.55,0,295.55
5268,1751,105,2,145.52,0,145.52
5269,1752,46,3,591.45,0,591.45
5270,1752,21,1,211.59,20,169.27
5271,1752,18,2,1488.64,5,1414.21
5272,1752,6,1,1063.05,5,1009.9
5273,1752,73,4,1445.84,0,1445.84
5274,1753,72,4,1538.12,0,1538.12
5275,1753,45,1,906.51,5,861.18
5276,1753,50,4,1462.98,0,1462.98
5277,1753,20,1,1103.14,15,937.67
5278,1753,92,2,991.45,5,941.88
5279,1754,93,2,142.55,0,142.55
5280,1754,5,4,911.59,10,820.43
5281,1755,10,4,62.65,15,53.25
5282,1755,55,1,558.58,0,558.58
5283,1755,41,1,1707.07,0,1707.07
5284,1756,56,1,847.46,0,847.46
5285,1756,7,2,1212.38,20,969.9
5286,1756,107,2,1079.93,20,863.94
5287,1756,83,2,1712.06,0,1712.06
5288,1756,9,1,1107.42,0,1107.42
5289,1757,46,4,591.45,10,532.31
5290,1757,75,2,403.38,0,403.38
5291,1757,112,4,588.08,20,470.46
5292,1758,29,3,1039.47,20,831.58
5293,1758,15,3,935.03,10,841.53
5294,1759,72,1,1538.12,20,1230.5
5295,1759,85,1,534.69,10,481.22
5296,1759,89,4,1283.76,15,1091.2
5297,1759,65,1,1604.38,10,1443.94
5298,1760,111,3,242.17,0,242.17
5299,1760,71,3,741.1,0,741.1
5300,1760,7,1,1212.38,0,1212.38
5301,1760,37,2,533.72,20,426.98
5302,1761,108,2,34.47,20,27.58
5303,1762,1,3,322.54,20,258.03
5304,1762,67,1,98.23,15,83.5
5305,1762,16,1,1450.72,0,1450.72
5306,1762,52,3,452.83,15,384.91
5307,1763,108,1,34.47,15,29.3
5308,1763,6,4,1063.05,0,1063.05
5309,1763,113,3,392.3,0,392.3
5310,1763,70,2,36.02,0,36.02
5311,1764,73,3,1445.84,0,1445.84
5312,1764,42,4,991.9,0,991.9
5313,1764,34,3,1101.51,20,881.21
5314,1764,36,1,1158.32,5,1100.4
5315,1765,89,3,1283.76,0,1283.76
5316,1765,59,4,1073.3,5,1019.63
5317,1766,72,3,1538.12,10,1384.31
5318,1766,29,1,1039.47,5,987.5
5319,1766,88,3,1564.93,0,1564.93
5320,1766,80,3,75.46,0,75.46
5321,1766,82,3,1060.64,0,1060.64
5322,1767,85,4,534.69,20,427.75
5323,1767,3,4,157.77,5,149.88
5324,1767,38,2,1470.45,0,1470.45
5325,1767,80,2,75.46,15,64.14
5326,1767,46,3,591.45,5,561.88
5327,1768,97,3,700.41,0,700.41
5328,1768,50,1,1462.98,0,1462.98
5329,1768,78,4,1222.29,20,977.83
5330,1768,11,3,1507.26,5,1431.9
5331,1769,68,4,738.25,0,738.25
5332,1769,81,4,171.62,0,171.62
5333,1770,114,1,711.52,0,711.52
5334,1770,67,4,98.23,0,98.23
5335,1770,41,4,1707.07,5,1621.72
5336,1770,75,1,403.38,0,403.38
5337,1771,50,4,1462.98,5,1389.83
5338,1771,18,1,1488.64,20,1190.91
5339,1771,99,2,158.54,0,158.54
5340,1771,93,2,142.55,0,142.55
5341,1772,113,4,392.3,5,372.69
5342,1772,71,1,741.1,0,741.1
5343,1772,77,4,1305.38,0,1305.38
5344,1772,118,4,666.62,0,666.62
5345,1773,96,3,1186.97,0,1186.97
5346,1773,63,2,364.09,0,364.09
5347,1773,106,3,136.09,20,108.87
5348,1773,88,4,1564.93,0,1564.93
5349,1774,12,2,719.76,0,719.76
5350,1774,92,2,991.45,0,991.45
5351,1775,26,2,318.31,0,318.31
5352,1775,44,4,1125.17,20,900.14
5353,1776,1,3,322.54,15,274.16
5354,1777,108,1,34.47,5,32.75
5355,1777,80,2,75.46,0,75.46
5356,1777,40,3,370.53,20,296.42
5357,1777,77,1,1305.38,0,1305.38
5358,1777,50,2,1462.98,0,1462.98
5359,1778,117,2,562.18,0,562.18
5360,1778,94,2,620.17,20,496.14
5361,1778,115,1,773.15,0,773.15
5362,1779,66,3,773.07,0,773.07
5363,1780,3,2,157.77,0,157.77
5364,1780,43,2,470.47,0,470.47
5365,1780,79,2,150.11,0,150.11
5366,1780,107,1,1079.93,0,1079.93
5367,1781,11,3,1507.26,0,1507.26
5368,1781,114,2,711.52,15,604.79
5369,1781,19,1,1076.96,20,861.57
5370,1781,118,3,666.62,15,566.63
5371,1781,113,1,392.3,0,392.3
5372,1782,104,4,497.57,10,447.81
5373,1783,34,2,1101.51,15,936.28
5374,1783,89,4,1283.76,20,1027.01
5375,1784,76,3,1456.37,0,1456.37
5376,1784,98,2,316.71,0,316.71
5377,1784,70,1,36.02,5,34.22
5378,1784,20,2,1103.14,0,1103.14
5379,1785,28,4,1431.57,10,1288.41
5380,1786,111,1,242.17,10,217.95
5381,1786,88,1,1564.93,15,1330.19
5382,1786,116,1,164.08,0,164.08
5383,1786,96,4,1186.97,0,1186.97
5384,1786,67,3,98.23,0,98.23
5385,1787,45,4,906.51,20,725.21
5386,1787,60,2,485.33,15,412.53
5387,1787,67,3,98.23,0,98.23
5388,1787,99,4,158.54,5,150.61
5389,1788,100,2,856.08,5,813.28
5390,1788,112,2,588.08,20,470.46
5391,1788,45,3,906.51,10,815.86
5392,1789,69,4,754.87,20,603.9
5393,1789,19,2,1076.96,0,1076.96
5394,1789,26,3,318.31,0,318.31
5395,1789,96,2,1186.97,0,1186.97
5396,1789,97,3,700.41,0,700.41
5397,1790,15,4,935.03,10,841.53
5398,1790,9,2,1107.42,10,996.68
5399,1790,116,1,164.08,0,164.08
5400,1791,32,3,939.08,0,939.08
5401,1792,30,2,459.89,10,413.9
5402,1792,71,4,741.1,0,741.1
5403,1792,95,1,1360.9,0,1360.9
5404,1793,51,4,612.81,15,520.89
5405,1793,61,1,817.65,10,735.88
5406,1793,56,2,847.46,10,762.71
5407,1793,49,4,1207.0,0,1207.0
5408,1794,91,4,686.63,0,686.63
5409,1794,90,2,1058.02,0,1058.02
5410,1794,106,4,136.09,0,136.09
5411,1795,10,2,62.65,15,53.25
5412,1795,88,4,1564.93,10,1408.44
5413,1796,78,3,1222.29,20,977.83
5414,1796,25,2,294.34,5,279.62
5415,1796,14,2,176.35,0,176.35
5416,1797,62,3,310.74,15,264.13
5417,1798,33,3,81.59,0,81.59
5418,1799,82,1,1060.64,0,1060.64
5419,1800,11,3,1507.26,0,1507.26
5420,1800,36,4,1158.32,0,1158.32
5421,1800,119,3,505.7,15,429.84
5422,1800,37,4,533.72,0,533.72
5423,1801,120,1,619.03,10,557.13
5424,1801,27,4,295.55,0,295.55
5425,1801,28,1,1431.57,15,1216.83
5426,1802,30,3,459.89,20,367.91
5427,1802,105,4,145.52,0,145.52
5428,1802,32,4,939.08,20,751.26
5429,1803,60,2,485.33,20,388.26
5430,1803,4,3,718.58,0,718.58
5431,1803,12,3,719.76,0,719.76
5432,1803,97,4,700.41,0,700.41
5433,1803,6,3,1063.05,20,850.44
5434,1804,92,1,991.45,20,793.16
5435,1804,53,4,854.86,10,769.37
5436,1804,81,4,171.62,0,171.62
5437,1804,9,2,1107.42,0,1107.42
5438,1804,94,3,620.17,10,558.15
5439,1805,20,4,1103.14,5,1047.98
5440,1805,64,2,975.06,10,877.55
5441,1805,78,2,1222.29,5,1161.18
5442,1805,33,3,81.59,10,73.43
5443,1805,28,1,1431.57,0,1431.57
5444,1806,16,2,1450.72,0,1450.72
5445,1806,21,2,211.59,20,169.27
5446,1807,42,4,991.9,0,991.9
5447,1807,34,3,1101.51,5,1046.43
5448,1807,72,2,1538.12,15,1307.4
5449,1807,6,1,1063.05,0,1063.05
5450,1807,119,2,505.7,20,404.56
5451,1808,72,4,1538.12,15,1307.4
5452,1808,60,4,485.33,0,485.33
5453,1808,40,1,370.53,5,352.0
5454,1808,59,1,1073.3,0,1073.3
5455,1809,50,3,1462.98,5,1389.83
5456,1809,53,1,854.86,0,854.86
5457,1809,111,4,242.17,5,230.06
5458,1809,98,2,316.71,0,316.71
5459,1810,110,2,732.42,0,732.42
5460,1810,20,2,1103.14,20,882.51
5461,1810,16,4,1450.72,20,1160.58
5462,1810,111,2,242.17,5,230.06
5463,1810,24,3,769.21,20,615.37
5464,1811,18,2,1488.64,10,1339.78
5465,1811,55,2,558.58,0,558.58
5466,1811,34,1,1101.51,0,1101.51
5467,1811,91,3,686.63,15,583.64
5468,1812,108,1,34.47,5,32.75
5469,1812,56,4,847.46,15,720.34
5470,1812,73,4,1445.84,0,1445.84
5471,1812,22,3,72.59,10,65.33
5472,1812,85,3,534.69,0,534.69
5473,1813,24,2,769.21,0,769.21
5474,1814,27,3,295.55,10,266.0
5475,1814,44,1,1125.17,0,1125.17
5476,1814,67,3,98.23,20,78.58
5477,1815,45,2,906.51,0,906.51
5478,1815,13,1,1655.28,20,1324.22
5479,1815,20,4,1103.14,15,937.67
5480,1815,34,2,1101.51,5,1046.43
5481,1816,88,1,1564.93,0,1564.93
5482,1816,12,2,719.76,20,575.81
5483,1816,61,4,817.65,0,817.65
5484,1816,97,1,700.41,0,700.41
5485,1816,91,4,686.63,15,583.64
5486,1817,75,3,403.38,15,342.87
5487,1817,45,3,906.51,10,815.86
5488,1817,119,3,505.7,0,505.7
5489,1818,80,2,75.46,5,71.69
5490,1819,97,4,700.41,0,700.41
5491,1819,26,4,318.31,0,318.31
5492,1819,118,4,666.62,0,666.62
5493,1819,14,4,176.35,5,167.53
5494,1819,27,4,295.55,5,280.77
5495,1820,64,2,975.06,0,975.06
5496,1820,61,4,817.65,0,817.65
5497,1820,63,2,364.09,20,291.27
5498,1820,47,3,1826.55,0,1826.55
5499,1820,73,4,1445.84,0,1445.84
5500,1821,10,1,62.65,10,56.38
5501,1821,75,3,403.38,0,403.38
5502,1821,45,4,906.51,20,725.21
5503,1821,29,4,1039.47,20,831.58
5504,1821,100,2,856.08,0,856.08
5505,1822,78,4,1222.29,20,977.83
5506,1822,2,4,163.95,0,163.95
5507,1823,111,1,242.17,0,242.17
5508,1823,4,1,718.58,0,718.58
5509,1823,5,1,911.59,0,911.59
5510,1824,68,3,738.25,0,738.25
5511,1824,1,2,322.54,5,306.41
5512,1824,40,3,370.53,5,352.0
5513,1825,21,1,211.59,0,211.59
5514,1825,98,1,316.71,20,253.37
5515,1825,10,4,62.65,0,62.65
5516,1825,34,4,1101.51,20,881.21
5517,1825,75,3,403.38,20,322.7
5518,1826,91,1,686.63,0,686.63
5519,1826,78,4,1222.29,0,1222.29
5520,1826,3,1,157.77,5,149.88
5521,1826,40,4,370.53,10,333.48
5522,1827,49,4,1207.0,0,1207.0
5523,1827,60,1,485.33,10,436.8
5524,1827,86,4,1446.82,0,1446.82
5525,1827,30,1,459.89,20,367.91
5526,1827,50,2,1462.98,20,1170.38
5527,1828,59,4,1073.3,0,1073.3
5528,1828,24,2,769.21,15,653.83
5529,1829,8,4,741.42,10,667.28
5530,1829,47,4,1826.55,0,1826.55
5531,1830,117,4,562.18,0,562.18
5532,1830,47,3,1826.55,0,1826.55
5533,1830,80,4,75.46,10,67.91
5534,1831,21,4,211.59,5,201.01
5535,1831,99,1,158.54,0,158.54
5536,1832,88,3,1564.93,0,1564.93
5537,1833,13,2,1655.28,15,1406.99
5538,1833,107,2,1079.93,15,917.94
5539,1833,60,4,485.33,0,485.33
5540,1833,87,4,349.08,10,314.17
5541,1833,64,3,975.06,5,926.31
5542,1834,71,4,741.1,20,592.88
5543,1834,89,1,1283.76,0,1283.76
5544,1834,69,3,754.87,15,641.64
5545,1834,112,4,588.08,0,588.08
5546,1834,83,3,1712.06,10,1540.85
5547,1835,62,3,310.74,20,248.59
5548,1835,111,2,242.17,15,205.84
5549,1835,107,2,1079.93,20,863.94
5550,1835,105,4,145.52,0,145.52
5551,1836,114,2,711.52,5,675.94
5552,1836,64,2,975.06,0,975.06
5553,1836,7,4,1212.38,5,1151.76
5554,1837,85,3,534.69,10,481.22
5555,1837,55,4,558.58,20,446.86
5556,1837,114,3,711.52,15,604.79
5557,1837,103,3,196.23,10,176.61
5558,1838,84,3,411.12,20,328.9
5559,1838,95,3,1360.9,5,1292.86
5560,1838,50,1,1462.98,0,1462.98
5561,1838,80,3,75.46,20,60.37
5562,1839,36,4,1158.32,0,1158.32
5563,1839,110,3,732.42,15,622.56
5564,1840,92,2,991.45,0,991.45
5565,1841,100,3,856.08,0,856.08
5566,1842,64,1,975.06,10,877.55
5567,1842,22,3,72.59,15,61.7
5568,1842,77,4,1305.38,0,1305.38
5569,1842,83,2,1712.06,15,1455.25
5570,1843,34,4,1101.51,20,881.21
5571,1843,43,3,470.47,0,470.47
5572,1843,113,1,392.3,20,313.84
5573,1843,4,4,718.58,10,646.72
5574,1843,31,1,571.41,0,571.41
5575,1844,69,2,754.87,15,641.64
5576,1844,28,3,1431.57,5,1359.99
5577,1845,25,2,294.34,5,279.62
5578,1845,24,4,769.21,0,769.21
5579,1845,93,1,142.55,15,121.17
5580,1845,78,3,1222.29,20,977.83
5581,1845,16,1,1450.72,5,1378.18
5582,1846,59,1,1073.3,20,858.64
5583,1846,27,3,295.55,0,295.55
5584,1847,1,4,322.54,0,322.54
5585,1847,93,2,142.55,20,114.04
5586,1847,113,3,392.3,20,313.84
5587,1848,41,1,1707.07,0,1707.07
5588,1849,53,2,854.86,20,683.89
5589,1849,47,4,1826.55,15,1552.57
5590,1850,56,4,847.46,5,805.09
5591,1850,27,3,295.55,15,251.22
5592,1850,26,4,318.31,0,318.31
5593,1850,115,4,773.15,20,618.52
5594,1850,38,4,1470.45,15,1249.88
5595,1851,32,2,939.08,20,751.26
5596,1852,116,2,164.08,20,131.26
5597,1852,63,4,364.09,0,364.09
5598,1853,43,2,470.47,20,376.38
5599,1854,91,3,686.63,20,549.3
5600,1855,7,1,1212.38,0,1212.38
5601,1856,81,4,171.62,0,171.62
5602,1856,63,4,364.09,20,291.27
5603,1857,15,1,935.03,5,888.28
5604,1857,88,3,1564.93,10,1408.44
5605,1857,112,3,588.08,10,529.27
5606,1857,77,4,1305.38,5,1240.11
5607,1857,42,4,991.9,0,991.9
5608,1858,26,4,318.31,0,318.31
5609,1858,31,3,571.41,0,571.41
5610,1858,111,2,242.17,0,242.17
5611,1858,107,4,1079.93,20,863.94
5612,1858,3,3,157.77,0,157.77
5613,1859,68,3,738.25,0,738.25
5614,1859,76,3,1456.37,15,1237.91
5615,1859,27,2,295.55,5,280.77
5616,1859,110,1,732.42,0,732.42
5617,1860,4,4,718.58,0,718.58
5618,1860,93,4,142.55,20,114.04
5619,1860,52,4,452.83,0,452.83
5620,1860,111,4,242.17,0,242.17
5621,1861,88,2,1564.93,15,1330.19
5622,1861,16,4,1450.72,0,1450.72
5623,1861,21,2,211.59,10,190.43
5624,1861,77,1,1305.38,0,1305.38
5625,1861,24,2,769.21,5,730.75
5626,1862,33,3,81.59,15,69.35
5627,1862,47,1,1826.55,15,1552.57
5628,1862,77,2,1305.38,0,1305.38
5629,1862,83,4,1712.06,5,1626.46
5630,1863,58,1,710.63,5,675.1
5631,1863,2,1,163.95,20,131.16
5632,1863,43,1,470.47,15,399.9
5633,1863,118,4,666.62,20,533.3
5634,1863,89,3,1283.76,0,1283.76
5635,1864,105,4,145.52,0,145.52
5636,1865,64,1,975.06,5,926.31
5637,1866,27,3,295.55,5,280.77
5638,1866,98,3,316.71,10,285.04
5639,1866,69,2,754.87,20,603.9
5640,1866,88,1,1564.93,0,1564.93
5641,1866,83,3,1712.06,10,1540.85
5642,1867,60,3,485.33,15,412.53
5643,1867,28,3,1431.57,15,1216.83
5644,1867,56,1,847.46,20,677.97
5645,1868,113,2,392.3,5,372.69
5646,1868,34,2,1101.51,10,991.36
5647,1868,80,1,75.46,10,67.91
5648,1869,25,1,294.34,20,235.47
5649,1870,71,2,741.1,20,592.88
5650,1870,112,4,588.08,20,470.46
5651,1870,105,3,145.52,0,145.52
5652,1870,65,1,1604.38,5,1524.16
5653,1871,96,3,1186.97,0,1186.97
5654,1871,67,3,98.23,0,98.23
5655,1871,42,3,991.9,15,843.12
5656,1871,80,2,75.46,0,75.46
5657,1872,24,1,769.21,5,730.75
5658,1872,81,3,171.62,5,163.04
5659,1873,109,3,1167.12,0,1167.12
5660,1874,80,3,75.46,0,75.46
5661,1874,100,2,856.08,20,684.86
5662,1874,7,1,1212.38,0,1212.38
5663,1874,16,4,1450.72,5,1378.18
5664,1875,29,2,1039.47,0,1039.47
5665,1875,3,3,157.77,20,126.22
5666,1876,46,1,591.45,5,561.88
5667,1876,34,1,1101.51,20,881.21
5668,1876,1,3,322.54,0,322.54
5669,1876,32,1,939.08,20,751.26
5670,1877,88,2,1564.93,0,1564.93
5671,1877,60,1,485.33,0,485.33
5672,1878,111,3,242.17,0,242.17
5673,1878,81,1,171.62,10,154.46
5674,1879,1,2,322.54,0,322.54
5675,1879,3,1,157.77,15,134.1
5676,1879,38,2,1470.45,15,1249.88
5677,1880,98,4,316.71,10,285.04
5678,1881,104,1,497.57,0,497.57
5679,1881,117,1,562.18,20,449.74
5680,1882,73,2,1445.84,0,1445.84
5681,1883,39,4,696.94,0,696.94
5682,1883,68,3,738.25,5,701.34
5683,1883,37,4,533.72,10,480.35
5684,1884,114,2,711.52,0,711.52
5685,1884,27,3,295.55,15,251.22
5686,1884,76,3,1456.37,0,1456.37
5687,1884,104,1,497.57,0,497.57
5688,1885,69,2,754.87,5,717.13
5689,1886,111,2,242.17,20,193.74
5690,1886,87,2,349.08,5,331.63
5691,1887,110,3,732.42,20,585.94
5692,1887,17,1,961.4,10,865.26
5693,1887,76,3,1456.37,0,1456.37
5694,1888,47,4,1826.55,20,1461.24
5695,1888,83,1,1712.06,0,1712.06
5696,1888,60,3,485.33,10,436.8
5697,1889,32,1,939.08,10,845.17
5698,1890,74,4,316.46,15,268.99
5699,1891,43,4,470.47,5,446.95
5700,1891,109,1,1167.12,15,992.05
5701,1891,39,3,696.94,0,696.94
5702,1891,34,3,1101.51,10,991.36
5703,1891,95,3,1360.9,10,1224.81
5704,1892,114,3,711.52,15,604.79
5705,1893,66,2,773.07,15,657.11
5706,1894,37,3,533.72,0,533.72
5707,1894,53,2,854.86,0,854.86
5708,1894,92,1,991.45,5,941.88
5709,1895,77,3,1305.38,10,1174.84
5710,1895,120,2,619.03,0,619.03
5711,1895,47,3,1826.55,10,1643.89
5712,1895,45,1,906.51,20,725.21
5713,1896,65,2,1604.38,15,1363.72
5714,1897,58,3,710.63,0,710.63
5715,1897,57,4,391.73,20,313.38
5716,1898,81,3,171.62,10,154.46
5717,1898,64,2,975.06,0,975.06
5718,1898,120,3,619.03,15,526.18
5719,1898,35,1,573.05,0,573.05
5720,1899,66,2,773.07,20,618.46
5721,1899,58,3,710.63,15,604.04
5722,1900,104,1,497.57,0,497.57
5723,1900,32,4,939.08,0,939.08
5724,1900,62,3,310.74,20,248.59
5725,1900,77,3,1305.38,0,1305.38
5726,1900,61,3,817.65,10,735.88
5727,1901,73,4,1445.84,5,1373.55
5728,1901,89,3,1283.76,15,1091.2
5729,1901,95,1,1360.9,5,1292.86
5730,1902,17,3,961.4,20,769.12
5731,1902,26,4,318.31,15,270.56
5732,1902,87,4,349.08,0,349.08
5733,1902,73,2,1445.84,0,1445.84
5734,1903,76,1,1456.37,0,1456.37
5735,1903,29,4,1039.47,5,987.5
5736,1903,44,4,1125.17,0,1125.17
5737,1904,94,1,620.17,20,496.14
5738,1904,102,2,1036.41,20,829.13
5739,1904,3,2,157.77,5,149.88
5740,1904,49,2,1207.0,15,1025.95
5741,1904,39,4,696.94,5,662.09
5742,1905,26,3,318.31,20,254.65
5743,1905,104,3,497.57,0,497.57
5744,1905,9,2,1107.42,0,1107.42
5745,1906,64,1,975.06,0,975.06
5746,1907,37,2,533.72,20,426.98
5747,1907,47,3,1826.55,0,1826.55
5748,1907,44,3,1125.17,10,1012.65
5749,1908,114,4,711.52,20,569.22
5750,1908,107,2,1079.93,0,1079.93
5751,1908,47,4,1826.55,10,1643.89
5752,1909,27,4,295.55,15,251.22
5753,1909,48,4,1326.91,5,1260.56
5754,1910,7,3,1212.38,20,969.9
5755,1910,72,1,1538.12,0,1538.12
5756,1910,106,1,136.09,0,136.09
5757,1910,101,4,694.55,20,555.64
5758,1910,79,1,150.11,0,150.11
5759,1911,11,1,1507.26,0,1507.26
5760,1911,61,3,817.65,15,695.0
5761,1912,72,1,1538.12,15,1307.4
5762,1912,42,4,991.9,10,892.71
5763,1912,99,2,158.54,0,158.54
5764,1912,21,4,211.59,10,190.43
5765,1913,114,2,711.52,20,569.22
5766,1913,6,1,1063.05,15,903.59
5767,1913,100,4,856.08,0,856.08
5768,1913,79,3,150.11,15,127.59
5769,1914,12,1,719.76,0,719.76
5770,1915,102,2,1036.41,10,932.77
5771,1915,98,1,316.71,0,316.71
5772,1915,71,1,741.1,0,741.1
5773,1916,23,2,294.57,5,279.84
5774,1916,6,3,1063.05,0,1063.05
5775,1917,79,2,150.11,15,127.59
5776,1918,91,4,686.63,0,686.63
5777,1918,28,4,1431.57,10,1288.41
5778,1919,24,1,769.21,15,653.83
5779,1920,70,4,36.02,10,32.42
5780,1920,72,2,1538.12,15,1307.4
5781,1921,72,2,1538.12,10,1384.31
5782,1922,37,1,533.72,20,426.98
5783,1922,58,4,710.63,20,568.5
5784,1922,67,4,98.23,5,93.32
5785,1923,32,2,939.08,15,798.22
5786,1923,96,1,1186.97,10,1068.27
5787,1923,113,2,392.3,0,392.3
5788,1923,35,1,573.05,0,573.05
5789,1924,24,4,769.21,5,730.75
5790,1924,96,3,1186.97,5,1127.62
5791,1924,99,3,158.54,0,158.54
5792,1925,40,3,370.53,5,352.0
5793,1925,36,2,1158.32,20,926.66
5794,1925,109,2,1167.12,20,933.7
5795,1925,4,4,718.58,10,646.72
5796,1926,53,3,854.86,10,769.37
5797,1926,31,1,571.41,15,485.7
5798,1926,57,4,391.73,5,372.14
5799,1926,77,3,1305.38,0,1305.38
5800,1927,73,4,1445.84,15,1228.96
5801,1927,22,1,72.59,0,72.59
5802,1927,40,3,370.53,5,352.0
5803,1927,50,2,1462.98,20,1170.38
5804,1927,68,3,738.25,0,738.25
5805,1928,104,3,497.57,0,497.57
5806,1929,52,2,452.83,10,407.55
5807,1929,40,3,370.53,0,370.53
5808,1929,84,2,411.12,15,349.45
5809,1929,19,4,1076.96,20,861.57
5810,1930,98,4,316.71,0,316.71
5811,1930,2,4,163.95,5,155.75
5812,1930,109,4,1167.12,15,992.05
5813,1930,72,1,1538.12,0,1538.12
5814,1930,73,2,1445.84,20,1156.67
5815,1931,74,2,316.46,0,316.46
5816,1931,101,2,694.55,0,694.55
5817,1932,72,1,1538.12,0,1538.12
5818,1932,63,4,364.09,0,364.09
5819,1932,18,2,1488.64,5,1414.21
5820,1932,24,3,769.21,0,769.21
5821,1933,87,4,349.08,5,331.63
5822,1933,92,3,991.45,15,842.73
5823,1933,9,3,1107.42,5,1052.05
5824,1933,27,2,295.55,0,295.55
5825,1934,101,4,694.55,15,590.37
5826,1934,43,3,470.47,15,399.9
5827,1934,42,4,991.9,15,843.12
5828,1935,84,3,411.12,20,328.9
5829,1935,105,4,145.52,10,130.97
5830,1935,86,4,1446.82,10,1302.14
5831,1935,118,1,666.62,0,666.62
5832,1936,44,2,1125.17,5,1068.91
5833,1936,9,4,1107.42,15,941.31
5834,1936,109,4,1167.12,0,1167.12
5835,1937,78,4,1222.29,0,1222.29
5836,1937,34,2,1101.51,5,1046.43
5837,1937,28,1,1431.57,0,1431.57
5838,1938,14,2,176.35,0,176.35
5839,1938,33,3,81.59,0,81.59
5840,1938,56,1,847.46,0,847.46
5841,1938,46,3,591.45,0,591.45
5842,1939,88,4,1564.93,5,1486.68
5843,1940,59,3,1073.3,0,1073.3
5844,1940,92,1,991.45,0,991.45
5845,1940,13,3,1655.28,0,1655.28
5846,1941,12,1,719.76,20,575.81
5847,1941,74,3,316.46,5,300.64
5848,1941,68,3,738.25,15,627.51
5849,1941,45,1,906.51,0,906.51
5850,1941,86,2,1446.82,0,1446.82
5851,1942,41,3,1707.07,0,1707.07
5852,1942,7,2,1212.38,20,969.9
5853,1942,70,2,36.02,15,30.62
5854,1942,12,4,719.76,5,683.77
5855,1942,81,4,171.62,15,145.88
5856,1943,24,4,769.21,15,653.83
5857,1943,110,1,732.42,20,585.94
5858,1944,17,1,961.4,0,961.4
5859,1944,27,4,295.55,0,295.55
5860,1944,71,1,741.1,15,629.94
5861,1945,6,2,1063.05,10,956.75
5862,1945,5,1,911.59,10,820.43
5863,1945,47,3,1826.55,0,1826.55
5864,1945,20,4,1103.14,20,882.51
5865,1946,75,4,403.38,0,403.38
5866,1946,107,1,1079.93,0,1079.93
5867,1946,99,2,158.54,5,150.61
5868,1947,91,2,686.63,0,686.63
5869,1948,80,3,75.46,0,75.46
5870,1948,55,3,558.58,10,502.72
5871,1948,13,2,1655.28,0,1655.28
5872,1948,15,3,935.03,20,748.02
5873,1948,103,1,196.23,15,166.8
5874,1949,62,3,310.74,0,310.74
5875,1949,94,2,620.17,0,620.17
5876,1949,115,4,773.15,0,773.15
5877,1949,95,1,1360.9,10,1224.81
5878,1950,115,2,773.15,0,773.15
5879,1950,114,4,711.52,10,640.37
5880,1951,59,2,1073.3,20,858.64
5881,1951,37,4,533.72,0,533.72
5882,1951,44,3,1125.17,5,1068.91
5883,1951,103,2,196.23,20,156.98
5884,1951,120,2,619.03,0,619.03
5885,1952,32,2,939.08,5,892.13
5886,1952,11,3,1507.26,0,1507.26
5887,1952,79,1,150.11,0,150.11
5888,1953,55,1,558.58,0,558.58
5889,1953,53,2,854.86,0,854.86
5890,1953,45,4,906.51,0,906.51
5891,1953,51,4,612.81,0,612.81
5892,1954,66,2,773.07,0,773.07
5893,1954,3,4,157.77,0,157.77
5894,1954,54,3,1069.07,0,1069.07
5895,1955,54,2,1069.07,0,1069.07
5896,1955,59,2,1073.3,5,1019.63
5897,1956,96,3,1186.97,0,1186.97
5898,1956,8,1,741.42,0,741.42
5899,1956,19,3,1076.96,15,915.42
5900,1956,59,4,1073.3,10,965.97
5901,1957,6,3,1063.05,5,1009.9
5902,1957,55,1,558.58,20,446.86
5903,1957,75,1,403.38,0,403.38
5904,1957,1,1,322.54,15,274.16
5905,1958,12,2,719.76,20,575.81
5906,1958,109,2,1167.12,0,1167.12
5907,1958,50,3,1462.98,20,1170.38
5908,1958,59,2,1073.3,10,965.97
5909,1958,112,2,588.08,20,470.46
5910,1959,3,3,157.77,0,157.77
5911,1959,81,3,171.62,15,145.88
5912,1960,90,3,1058.02,5,1005.12
5913,1960,41,1,1707.07,5,1621.72
5914,1960,11,3,1507.26,0,1507.26
5915,1960,112,2,588.08,20,470.46
5916,1960,54,1,1069.07,15,908.71
5917,1961,30,4,459.89,15,390.91
5918,1961,5,3,911.59,5,866.01
5919,1961,19,3,1076.96,15,915.42
5920,1961,35,3,573.05,15,487.09
5921,1961,23,1,294.57,10,265.11
5922,1962,19,1,1076.96,0,1076.96
5923,1963,110,1,732.42,0,732.42
5924,1964,70,3,36.02,0,36.02
5925,1964,65,1,1604.38,10,1443.94
5926,1964,5,2,911.59,0,911.59
5927,1965,51,2,612.81,0,612.81
5928,1965,100,4,856.08,0,856.08
5929,1965,47,2,1826.55,0,1826.55
5930,1966,62,3,310.74,15,264.13
5931,1966,91,3,686.63,0,686.63
5932,1966,99,4,158.54,15,134.76
5933,1967,1,3,322.54,0,322.54
5934,1968,99,4,158.54,0,158.54
5935,1968,34,2,1101.51,0,1101.51
5936,1968,30,4,459.89,0,459.89
5937,1968,58,3,710.63,5,675.1
5938,1969,15,2,935.03,0,935.03
5939,1970,22,2,72.59,20,58.07
5940,1970,71,2,741.1,15,629.94
5941,1970,116,4,164.08,0,164.08
5942,1970,88,4,1564.93,15,1330.19
5943,1970,107,3,1079.93,5,1025.93
5944,1971,14,3,176.35,0,176.35
5945,1971,59,3,1073.3,10,965.97
5946,1971,49,1,1207.0,5,1146.65
5947,1971,78,2,1222.29,15,1038.95
5948,1971,57,2,391.73,0,391.73
5949,1972,8,3,741.42,15,630.21
5950,1973,115,1,773.15,20,618.52
5951,1973,106,4,136.09,10,122.48
5952,1973,76,2,1456.37,0,1456.37
5953,1974,63,2,364.09,5,345.89
5954,1975,83,3,1712.06,15,1455.25
5955,1975,64,3,975.06,0,975.06
5956,1975,4,4,718.58,0,718.58
5957,1976,119,2,505.7,15,429.84
5958,1976,112,3,588.08,10,529.27
5959,1976,46,2,591.45,20,473.16
5960,1977,60,4,485.33,20,388.26
5961,1977,3,4,157.77,20,126.22
5962,1977,85,3,534.69,0,534.69
5963,1978,34,4,1101.51,10,991.36
5964,1978,51,3,612.81,5,582.17
5965,1978,24,2,769.21,15,653.83
5966,1978,112,2,588.08,5,558.68
5967,1978,2,1,163.95,10,147.56
5968,1979,53,2,854.86,20,683.89
5969,1979,4,4,718.58,20,574.86
5970,1980,16,4,1450.72,10,1305.65
5971,1981,95,1,1360.9,0,1360.9
5972,1982,114,1,711.52,10,640.37
5973,1982,101,1,694.55,10,625.1
5974,1982,29,3,1039.47,20,831.58
5975,1982,56,1,847.46,20,677.97
5976,1982,108,1,34.47,15,29.3
5977,1983,7,4,1212.38,15,1030.52
5978,1983,112,4,588.08,15,499.87
5979,1983,26,2,318.31,10,286.48
5980,1983,18,1,1488.64,0,1488.64
5981,1984,60,1,485.33,0,485.33
5982,1984,106,3,136.09,15,115.68
5983,1984,63,4,364.09,0,364.09
5984,1984,109,4,1167.12,10,1050.41
5985,1984,64,2,975.06,0,975.06
5986,1985,73,3,1445.84,5,1373.55
5987,1986,117,4,562.18,5,534.07
5988,1986,52,2,452.83,15,384.91
5989,1986,40,3,370.53,10,333.48
5990,1986,56,3,847.46,5,805.09
5991,1986,4,1,718.58,10,646.72
5992,1987,20,3,1103.14,20,882.51
5993,1987,5,1,911.59,0,911.59
5994,1988,52,4,452.83,20,362.26
5995,1988,31,3,571.41,15,485.7
5996,1988,110,2,732.42,0,732.42
5997,1989,7,4,1212.38,0,1212.38
5998,1990,55,4,558.58,15,474.79
5999,1991,113,4,392.3,15,333.45
6000,1991,104,4,497.57,0,497.57
6001,1991,93,3,142.55,10,128.3
6002,1992,71,2,741.1,15,629.94
6003,1993,63,4,364.09,0,364.09
6004,1994,58,3,710.63,20,568.5
6005,1994,37,3,533.72,15,453.66
6006,1994,64,3,975.06,0,975.06
6007,1994,78,2,1222.29,0,1222.29
6008,1994,31,4,571.41,10,514.27
6009,1995,76,3,1456.37,0,1456.37
6010,1995,61,1,817.65,20,654.12
6011,1995,97,1,700.41,10,630.37
6012,1995,16,2,1450.72,0,1450.72
6013,1995,23,4,294.57,0,294.57
6014,1996,82,4,1060.64,20,848.51
6015,1996,74,4,316.46,0,316.46
6016,1996,16,1,1450.72,10,1305.65
6017,1996,20,4,1103.14,10,992.83
6018,1997,25,1,294.34,0,294.34
6019,1997,27,1,295.55,0,295.55
6020,1997,48,4,1326.91,10,1194.22
6021,1997,31,2,571.41,0,571.41
6022,1997,87,3,349.08,15,296.72
6023,1998,68,4,738.25,0,738.25
6024,1998,17,2,961.4,0,961.4
6025,1998,66,3,773.07,20,618.46
6026,1998,103,3,196.23,0,196.23
6027,1999,89,3,1283.76,20,1027.01
6028,1999,22,4,72.59,0,72.59
6029,1999,7,4,1212.38,10,1091.14
6030,1999,18,1,1488.64,0,1488.64
6031,2000,72,4,1538.12,10,1384.31
6032,2000,21,2,211.59,0,211.59
6033,2001,16,2,1450.72,20,1160.58
6034,2001,58,2,710.63,0,710.63
6035,2001,30,2,459.89,0,459.89
6036,2002,83,3,1712.06,0,1712.06
6037,2002,59,2,1073.3,10,965.97
6038,2002,66,3,773.07,15,657.11
6039,2002,56,4,847.46,0,847.46
6040,2003,41,3,1707.07,5,1621.72
6041,2004,93,1,142.55,5,135.42
6042,2004,62,3,310.74,0,310.74
6043,2004,100,1,856.08,0,856.08
6044,2004,109,3,1167.12,0,1167.12
6045,2005,83,3,1712.06,0,1712.06
6046,2005,41,1,1707.07,0,1707.07
6047,2005,27,3,295.55,5,280.77
6048,2006,5,2,911.59,5,866.01
6049,2006,110,2,732.42,0,732.42
6050,2006,76,3,1456.37,10,1310.73
6051,2007,94,2,620.17,5,589.16
6052,2008,90,3,1058.02,5,1005.12
6053,2008,110,2,732.42,10,659.18
6054,2008,48,3,1326.91,0,1326.91
6055,2008,58,2,710.63,10,639.57
6056,2008,83,1,1712.06,5,1626.46
6057,2009,49,1,1207.0,20,965.6
6058,2009,114,3,711.52,0,711.52
6059,2009,106,1,136.09,5,129.29
6060,2009,102,3,1036.41,0,1036.41
6061,2009,59,3,1073.3,0,1073.3
6062,2010,8,1,741.42,0,741.42
6063,2011,19,4,1076.96,0,1076.96
6064,2011,110,2,732.42,0,732.42
6065,2011,63,3,364.09,20,291.27
6066,2012,20,1,1103.14,10,992.83
6067,2012,15,4,935.03,10,841.53
6068,2012,118,1,666.62,0,666.62
6069,2012,1,2,322.54,20,258.03
6070,2012,14,2,176.35,0,176.35
6071,2013,42,1,991.9,0,991.9
6072,2013,27,1,295.55,0,295.55
6073,2013,68,4,738.25,0,738.25
6074,2013,40,2,370.53,0,370.53
6075,2014,48,1,1326.91,20,1061.53
6076,2014,51,4,612.81,0,612.81
6077,2014,7,2,1212.38,5,1151.76
6078,2014,83,2,1712.06,0,1712.06
6079,2015,117,4,562.18,0,562.18
6080,2015,42,1,991.9,0,991.9
6081,2015,37,1,533.72,20,426.98
6082,2016,44,3,1125.17,20,900.14
6083,2016,91,4,686.63,10,617.97
6084,2017,19,2,1076.96,10,969.26
6085,2017,85,3,534.69,0,534.69
6086,2018,108,4,34.47,0,34.47
6087,2018,111,3,242.17,0,242.17
6088,2018,11,3,1507.26,5,1431.9
6089,2018,97,4,700.41,0,700.41
6090,2019,119,1,505.7,15,429.84
6091,2019,44,1,1125.17,5,1068.91
6092,2019,107,1,1079.93,20,863.94
6093,2019,34,2,1101.51,10,991.36
6094,2019,61,1,817.65,0,817.65
6095,2020,74,4,316.46,0,316.46
6096,2020,100,3,856.08,0,856.08
6097,2020,46,1,591.45,0,591.45
6098,2020,14,1,176.35,15,149.9
6099,2021,1,2,322.54,0,322.54
6100,2021,117,3,562.18,15,477.85
6101,2022,63,3,364.09,5,345.89
6102,2023,50,1,1462.98,10,1316.68
6103,2024,56,1,847.46,10,762.71
6104,2024,33,3,81.59,0,81.59
6105,2024,86,1,1446.82,0,1446.82
6106,2025,87,4,349.08,5,331.63
6107,2025,26,3,318.31,15,270.56
6108,2026,18,3,1488.64,10,1339.78
6109,2027,43,4,470.47,15,399.9
6110,2028,71,1,741.1,15,629.94
6111,2028,15,3,935.03,15,794.78
6112,2028,57,4,391.73,10,352.56
6113,2029,73,3,1445.84,0,1445.84
6114,2029,8,3,741.42,10,667.28
6115,2030,22,1,72.59,15,61.7
6116,2030,11,1,1507.26,15,1281.17
6117,2031,21,3,211.59,10,190.43
6118,2031,74,1,316.46,0,316.46
6119,2031,75,1,403.38,0,403.38
6120,2032,97,1,700.41,0,700.41
6121,2033,47,2,1826.55,10,1643.89
6122,2033,89,1,1283.76,0,1283.76
6123,2033,91,2,686.63,5,652.3
6124,2033,51,3,612.81,0,612.81
6125,2033,116,1,164.08,0,164.08
6126,2034,106,1,136.09,0,136.09
6127,2034,91,4,686.63,0,686.63
6128,2035,20,1,1103.14,10,992.83
6129,2036,83,4,1712.06,5,1626.46
6130,2036,39,3,696.94,10,627.25
6131,2036,90,3,1058.02,10,952.22
6132,2036,40,1,370.53,15,314.95
6133,2036,56,2,847.46,5,805.09
6134,2037,103,1,196.23,0,196.23
6135,2037,77,4,1305.38,5,1240.11
6136,2038,78,4,1222.29,0,1222.29
6137,2038,14,3,176.35,15,149.9
6138,2038,117,1,562.18,0,562.18
6139,2039,102,1,1036.41,10,932.77
6140,2039,20,1,1103.14,0,1103.14
6141,2040,25,1,294.34,10,264.91
6142,2041,113,1,392.3,0,392.3
6143,2041,18,4,1488.64,20,1190.91
6144,2041,28,2,1431.57,0,1431.57
6145,2042,24,1,769.21,15,653.83
6146,2042,70,2,36.02,0,36.02
6147,2042,33,3,81.59,5,77.51
6148,2043,51,1,612.81,15,520.89
6149,2043,62,2,310.74,20,248.59
6150,2044,2,3,163.95,0,163.95
6151,2044,18,3,1488.64,0,1488.64
6152,2045,69,4,754.87,20,603.9
6153,2045,55,1,558.58,20,446.86
6154,2046,61,2,817.65,10,735.88
6155,2046,50,2,1462.98,15,1243.53
6156,2046,4,4,718.58,15,610.79
6157,2046,40,4,370.53,15,314.95
6158,2047,117,4,562.18,5,534.07
6159,2047,61,2,817.65,0,817.65
6160,2047,39,1,696.94,5,662.09
6161,2047,7,3,1212.38,0,1212.38
6162,2048,108,1,34.47,0,34.47
6163,2048,89,2,1283.76,15,1091.2
6164,2048,7,1,1212.38,20,969.9
6165,2049,110,4,732.42,0,732.42
6166,2049,10,3,62.65,20,50.12
6167,2049,3,4,157.77,20,126.22
6168,2050,45,2,906.51,5,861.18
6169,2050,36,3,1158.32,0,1158.32
6170,2051,56,2,847.46,10,762.71
6171,2052,63,4,364.09,20,291.27
6172,2052,109,2,1167.12,10,1050.41
6173,2053,41,1,1707.07,20,1365.66
6174,2053,90,2,1058.02,20,846.42
6175,2053,24,2,769.21,5,730.75
6176,2053,29,2,1039.47,15,883.55
6177,2053,72,2,1538.12,20,1230.5
6178,2054,71,1,741.1,5,704.04
6179,2054,84,1,411.12,0,411.12
6180,2054,55,2,558.58,15,474.79
6181,2054,67,2,98.23,0,98.23
6182,2055,99,3,158.54,10,142.69
6183,2055,84,2,411.12,0,411.12
6184,2055,30,1,459.89,15,390.91
6185,2055,11,4,1507.26,15,1281.17
6186,2056,76,2,1456.37,0,1456.37
6187,2056,24,2,769.21,0,769.21
6188,2056,87,4,349.08,15,296.72
6189,2056,11,1,1507.26,0,1507.26
6190,2056,84,1,411.12,20,328.9
6191,2057,110,4,732.42,0,732.42
6192,2057,84,1,411.12,15,349.45
6193,2057,1,3,322.54,10,290.29
6194,2057,64,3,975.06,15,828.8
6195,2058,79,3,150.11,5,142.6
6196,2058,102,4,1036.41,10,932.77
6197,2058,117,4,562.18,15,477.85
6198,2058,52,4,452.83,0,452.83
6199,2058,26,1,318.31,0,318.31
6200,2059,120,3,619.03,0,619.03
6201,2059,2,3,163.95,10,147.56
6202,2059,104,3,497.57,15,422.93
6203,2059,42,3,991.9,0,991.9
6204,2059,117,2,562.18,0,562.18
6205,2060,75,1,403.38,0,403.38
6206,2060,43,2,470.47,15,399.9
6207,2060,44,1,1125.17,15,956.39
6208,2061,79,3,150.11,0,150.11
6209,2061,9,4,1107.42,0,1107.42
6210,2061,45,3,906.51,0,906.51
6211,2062,4,4,718.58,5,682.65
6212,2063,44,2,1125.17,20,900.14
6213,2063,14,4,176.35,0,176.35
6214,2063,87,4,349.08,20,279.26
6215,2064,94,3,620.17,15,527.14
6216,2064,78,1,1222.29,0,1222.29
6217,2064,2,1,163.95,5,155.75
6218,2065,64,2,975.06,0,975.06
6219,2065,114,2,711.52,0,711.52
6220,2066,54,4,1069.07,20,855.26
6221,2066,111,4,242.17,20,193.74
6222,2067,91,2,686.63,20,549.3
6223,2068,28,1,1431.57,0,1431.57
6224,2068,82,1,1060.64,5,1007.61
6225,2069,114,2,711.52,0,711.52
6226,2070,87,3,349.08,0,349.08
6227,2070,57,1,391.73,0,391.73
6228,2070,95,2,1360.9,5,1292.86
6229,2071,75,4,403.38,20,322.7
6230,2071,55,2,558.58,0,558.58
6231,2071,32,1,939.08,0,939.08
6232,2072,108,1,34.47,10,31.02
6233,2072,27,4,295.55,0,295.55
6234,2072,31,2,571.41,0,571.41
6235,2072,14,4,176.35,15,149.9
6236,2072,115,3,773.15,20,618.52
6237,2073,114,1,711.52,0,711.52
6238,2073,34,1,1101.51,10,991.36
6239,2073,87,1,349.08,0,349.08
6240,2073,107,4,1079.93,0,1079.93
6241,2073,4,3,718.58,15,610.79
6242,2074,87,1,349.08,0,349.08
6243,2075,9,2,1107.42,0,1107.42
6244,2075,65,1,1604.38,15,1363.72
6245,2076,4,4,718.58,0,718.58
6246,2076,70,2,36.02,10,32.42
6247,2076,12,3,719.76,5,683.77
6248,2077,55,4,558.58,10,502.72
6249,2078,83,2,1712.06,20,1369.65
6250,2078,102,1,1036.41,0,1036.41
6251,2078,81,4,171.62,20,137.3
6252,2078,25,1,294.34,0,294.34
6253,2079,3,2,157.77,15,134.1
6254,2079,36,3,1158.32,15,984.57
6255,2080,33,3,81.59,0,81.59
6256,2080,28,2,1431.57,0,1431.57
6257,2080,93,1,142.55,5,135.42
6258,2080,27,3,295.55,0,295.55
6259,2081,104,1,497.57,0,497.57
6260,2082,1,3,322.54,0,322.54
6261,2082,9,2,1107.42,0,1107.42
6262,2082,2,2,163.95,0,163.95
6263,2082,81,3,171.62,0,171.62
6264,2083,74,4,316.46,20,253.17
6265,2083,39,2,696.94,15,592.4
6266,2083,18,2,1488.64,15,1265.34
6267,2083,7,2,1212.38,10,1091.14
6268,2084,55,4,558.58,0,558.58
6269,2084,97,1,700.41,5,665.39
6270,2084,111,4,242.17,20,193.74
6271,2085,91,4,686.63,15,583.64
6272,2086,116,4,164.08,5,155.88
6273,2086,109,4,1167.12,0,1167.12
6274,2086,106,1,136.09,0,136.09
6275,2086,59,4,1073.3,5,1019.63
6276,2086,63,1,364.09,0,364.09
6277,2087,78,1,1222.29,10,1100.06
6278,2087,69,2,754.87,10,679.38
6279,2088,83,1,1712.06,0,1712.06
6280,2088,82,4,1060.64,0,1060.64
6281,2088,103,1,196.23,0,196.23
6282,2088,21,3,211.59,0,211.59
6283,2089,33,4,81.59,10,73.43
6284,2089,41,1,1707.07,15,1451.01
6285,2089,44,4,1125.17,20,900.14
6286,2089,95,2,1360.9,0,1360.9
6287,2089,65,1,1604.38,10,1443.94
6288,2090,116,4,164.08,20,131.26
6289,2090,88,3,1564.93,15,1330.19
6290,2090,4,1,718.58,0,718.58
6291,2090,64,1,975.06,0,975.06
6292,2090,75,4,403.38,20,322.7
6293,2091,66,2,773.07,10,695.76
6294,2091,43,1,470.47,20,376.38
6295,2091,80,3,75.46,0,75.46
6296,2092,93,3,142.55,20,114.04
6297,2092,18,3,1488.64,10,1339.78
6298,2092,5,2,911.59,20,729.27
6299,2092,47,2,1826.55,10,1643.89
6300,2093,58,3,710.63,0,710.63
6301,2093,11,1,1507.26,5,1431.9
6302,2094,67,4,98.23,5,93.32
6303,2094,41,1,1707.07,0,1707.07
6304,2095,95,4,1360.9,15,1156.77
6305,2096,99,3,158.54,0,158.54
6306,2097,72,1,1538.12,15,1307.4
6307,2097,85,3,534.69,0,534.69
6308,2097,36,3,1158.32,15,984.57
6309,2097,24,3,769.21,20,615.37
6310,2098,87,3,349.08,0,349.08
6311,2098,41,1,1707.07,5,1621.72
6312,2099,91,4,686.63,15,583.64
6313,2099,76,2,1456.37,15,1237.91
6314,2099,87,2,349.08,20,279.26
6315,2099,53,1,854.86,20,683.89
6316,2099,59,1,1073.3,15,912.3
6317,2100,59,2,1073.3,15,912.3
6318,2101,119,3,505.7,0,505.7
6319,2102,40,2,370.53,0,370.53
6320,2102,64,4,975.06,0,975.06
6321,2102,98,4,316.71,0,316.71
6322,2102,9,4,1107.42,10,996.68
6323,2102,16,1,1450.72,0,1450.72
6324,2103,114,1,711.52,15,604.79
6325,2104,71,4,741.1,0,741.1
6326,2104,55,4,558.58,0,558.58
6327,2104,53,3,854.86,0,854.86
6328,2105,17,4,961.4,0,961.4
6329,2105,99,3,158.54,10,142.69
6330,2105,38,4,1470.45,5,1396.93
6331,2105,39,1,696.94,0,696.94
6332,2106,16,4,1450.72,5,1378.18
6333,2107,30,2,459.89,0,459.89
6334,2108,60,3,485.33,15,412.53
6335,2108,100,3,856.08,0,856.08
6336,2108,7,1,1212.38,5,1151.76
6337,2109,18,4,1488.64,15,1265.34
6338,2109,40,4,370.53,20,296.42
6339,2110,73,3,1445.84,10,1301.26
6340,2110,79,1,150.11,20,120.09
6341,2110,112,2,588.08,15,499.87
6342,2110,62,1,310.74,0,310.74
6343,2110,85,2,534.69,10,481.22
6344,2111,103,4,196.23,5,186.42
6345,2112,77,2,1305.38,0,1305.38
6346,2112,113,4,392.3,20,313.84
6347,2112,95,2,1360.9,0,1360.9
6348,2112,65,4,1604.38,0,1604.38
6349,2112,120,3,619.03,20,495.22
6350,2113,16,2,1450.72,0,1450.72
6351,2113,14,1,176.35,10,158.72
6352,2113,119,4,505.7,20,404.56
6353,2113,120,3,619.03,0,619.03
6354,2113,88,2,1564.93,0,1564.93
6355,2114,105,3,145.52,0,145.52
6356,2115,105,1,145.52,0,145.52
6357,2115,48,4,1326.91,0,1326.91
6358,2115,13,1,1655.28,20,1324.22
6359,2115,66,4,773.07,0,773.07
6360,2116,32,3,939.08,0,939.08
6361,2117,35,2,573.05,0,573.05
6362,2117,26,4,318.31,20,254.65
6363,2117,94,4,620.17,0,620.17
6364,2117,108,1,34.47,20,27.58
6365,2118,27,3,295.55,0,295.55
6366,2118,49,2,1207.0,0,1207.0
6367,2118,18,1,1488.64,0,1488.64
6368,2119,34,1,1101.51,0,1101.51
6369,2119,14,1,176.35,15,149.9
6370,2119,82,2,1060.64,0,1060.64
6371,2120,2,4,163.95,15,139.36
6372,2120,63,2,364.09,0,364.09
6373,2120,14,1,176.35,0,176.35
6374,2120,32,2,939.08,0,939.08
6375,2121,87,3,349.08,0,349.08
6376,2122,83,4,1712.06,20,1369.65
6377,2122,111,4,242.17,15,205.84
6378,2123,96,3,1186.97,20,949.58
6379,2123,97,2,700.41,10,630.37
6380,2124,86,4,1446.82,0,1446.82
6381,2124,18,1,1488.64,20,1190.91
6382,2124,41,4,1707.07,0,1707.07
6383,2125,86,3,1446.82,0,1446.82
6384,2125,98,2,316.71,5,300.87
6385,2125,80,1,75.46,10,67.91
6386,2126,109,3,1167.12,0,1167.12
6387,2126,106,4,136.09,20,108.87
6388,2126,43,3,470.47,10,423.42
6389,2127,52,2,452.83,15,384.91
6390,2127,68,3,738.25,0,738.25
6391,2128,14,3,176.35,0,176.35
6392,2128,35,2,573.05,20,458.44
6393,2128,109,2,1167.12,0,1167.12
6394,2128,79,2,150.11,0,150.11
6395,2128,75,3,403.38,10,363.04
6396,2129,106,1,136.09,15,115.68
6397,2129,45,2,906.51,15,770.53
6398,2130,113,1,392.3,0,392.3
6399,2130,83,1,1712.06,20,1369.65
6400,2130,22,4,72.59,0,72.59
6401,2131,112,4,588.08,15,499.87
6402,2132,12,4,719.76,20,575.81
6403,2132,75,2,403.38,0,403.38
6404,2132,88,3,1564.93,20,1251.94
6405,2132,113,3,392.3,0,392.3
6406,2132,115,3,773.15,0,773.15
6407,2133,91,4,686.63,5,652.3
6408,2133,90,4,1058.02,0,1058.02
6409,2133,61,3,817.65,20,654.12
6410,2134,73,2,1445.84,0,1445.84
6411,2134,50,3,1462.98,5,1389.83
6412,2134,34,3,1101.51,20,881.21
6413,2135,7,4,1212.38,0,1212.38
6414,2136,73,2,1445.84,5,1373.55
6415,2136,69,3,754.87,10,679.38
6416,2136,112,4,588.08,0,588.08
6417,2136,66,4,773.07,0,773.07
6418,2137,103,4,196.23,10,176.61
6419,2137,27,2,295.55,20,236.44
6420,2137,64,3,975.06,15,828.8
6421,2138,84,1,411.12,10,370.01
6422,2138,103,1,196.23,0,196.23
6423,2138,49,1,1207.0,0,1207.0
6424,2139,4,3,718.58,0,718.58
6425,2139,60,3,485.33,15,412.53
6426,2139,21,2,211.59,10,190.43
6427,2140,6,1,1063.05,10,956.75
6428,2140,12,2,719.76,0,719.76
6429,2140,97,3,700.41,5,665.39
6430,2140,56,1,847.46,5,805.09
6431,2141,19,1,1076.96,15,915.42
6432,2141,51,4,612.81,0,612.81
6433,2141,18,2,1488.64,0,1488.64
6434,2141,47,4,1826.55,20,1461.24
6435,2141,86,1,1446.82,0,1446.82
6436,2142,48,2,1326.91,15,1127.87
6437,2142,8,3,741.42,0,741.42
6438,2143,66,2,773.07,5,734.42
6439,2143,120,3,619.03,0,619.03
6440,2143,68,2,738.25,5,701.34
6441,2143,34,1,1101.51,20,881.21
6442,2143,35,4,573.05,10,515.75
6443,2144,73,3,1445.84,0,1445.84
6444,2144,54,3,1069.07,10,962.16
6445,2144,93,3,142.55,15,121.17
6446,2145,46,1,591.45,0,591.45
6447,2145,108,4,34.47,15,29.3
6448,2145,59,2,1073.3,15,912.3
6449,2145,94,1,620.17,5,589.16
6450,2145,65,3,1604.38,15,1363.72
6451,2146,57,1,391.73,10,352.56
6452,2146,94,2,620.17,0,620.17
6453,2147,120,3,619.03,0,619.03
6454,2147,88,2,1564.93,0,1564.93
6455,2148,27,2,295.55,5,280.77
6456,2148,51,4,612.81,0,612.81
6457,2148,111,4,242.17,5,230.06
6458,2148,86,3,1446.82,15,1229.8
6459,2148,118,1,666.62,20,533.3
6460,2149,6,4,1063.05,0,1063.05
6461,2149,36,3,1158.32,0,1158.32
6462,2149,94,1,620.17,0,620.17
6463,2150,49,1,1207.0,0,1207.0
6464,2150,30,1,459.89,0,459.89
6465,2150,65,2,1604.38,10,1443.94
6466,2150,11,2,1507.26,0,1507.26
6467,2150,16,4,1450.72,20,1160.58
6468,2151,87,3,349.08,0,349.08
6469,2151,82,2,1060.64,5,1007.61
6470,2151,44,4,1125.17,5,1068.91
6471,2152,102,2,1036.41,0,1036.41
6472,2152,35,3,573.05,0,573.05
6473,2152,24,2,769.21,20,615.37
6474,2152,27,4,295.55,0,295.55
6475,2153,92,2,991.45,10,892.31
6476,2153,57,4,391.73,20,313.38
6477,2154,24,1,769.21,0,769.21
6478,2154,11,2,1507.26,5,1431.9
6479,2154,106,1,136.09,5,129.29
6480,2154,45,4,906.51,20,725.21
6481,2154,16,2,1450.72,0,1450.72
6482,2155,25,3,294.34,15,250.19
6483,2155,115,4,773.15,10,695.84
6484,2155,81,4,171.62,20,137.3
6485,2156,28,1,1431.57,0,1431.57
6486,2156,112,3,588.08,5,558.68
6487,2156,64,2,975.06,0,975.06
6488,2157,46,2,591.45,0,591.45
6489,2158,73,2,1445.84,0,1445.84
6490,2158,72,3,1538.12,0,1538.12
6491,2158,25,4,294.34,10,264.91
6492,2158,9,2,1107.42,20,885.94
6493,2158,59,2,1073.3,5,1019.63
6494,2159,109,1,1167.12,0,1167.12
6495,2159,107,4,1079.93,0,1079.93
6496,2159,116,3,164.08,0,164.08
6497,2159,30,3,459.89,10,413.9
6498,2160,7,2,1212.38,15,1030.52
6499,2160,115,4,773.15,15,657.18
6500,2160,99,3,158.54,10,142.69
6501,2161,68,2,738.25,5,701.34
6502,2162,92,4,991.45,0,991.45
6503,2162,3,2,157.77,0,157.77
6504,2162,1,4,322.54,0,322.54
6505,2162,78,2,1222.29,20,977.83
6506,2162,8,1,741.42,10,667.28
6507,2163,109,2,1167.12,10,1050.41
6508,2163,97,3,700.41,10,630.37
6509,2163,36,4,1158.32,20,926.66
6510,2163,45,1,906.51,0,906.51
6511,2163,24,2,769.21,0,769.21
6512,2164,105,3,145.52,20,116.42
6513,2165,117,4,562.18,0,562.18
6514,2165,100,1,856.08,5,813.28
6515,2165,115,3,773.15,5,734.49
6516,2165,80,1,75.46,0,75.46
6517,2165,67,2,98.23,0,98.23
6518,2166,105,1,145.52,20,116.42
6519,2167,111,3,242.17,0,242.17
6520,2167,1,4,322.54,0,322.54
6521,2167,114,1,711.52,0,711.52
6522,2167,78,3,1222.29,0,1222.29
6523,2168,120,1,619.03,5,588.08
6524,2168,4,4,718.58,5,682.65
6525,2169,67,4,98.23,0,98.23
6526,2169,90,3,1058.02,15,899.32
6527,2169,101,3,694.55,0,694.55
6528,2170,44,3,1125.17,0,1125.17
6529,2170,74,3,316.46,10,284.81
6530,2170,97,4,700.41,0,700.41
6531,2170,13,2,1655.28,5,1572.52
6532,2170,39,4,696.94,10,627.25
6533,2171,87,4,349.08,0,349.08
6534,2171,51,4,612.81,0,612.81
6535,2171,17,1,961.4,10,865.26
6536,2172,37,2,533.72,0,533.72
6537,2173,102,3,1036.41,20,829.13
6538,2173,118,3,666.62,0,666.62
6539,2173,29,3,1039.47,5,987.5
6540,2174,14,4,176.35,0,176.35
6541,2174,63,2,364.09,0,364.09
6542,2175,112,3,588.08,0,588.08
6543,2175,26,4,318.31,20,254.65
6544,2175,110,4,732.42,5,695.8
6545,2175,74,3,316.46,0,316.46
6546,2175,116,4,164.08,10,147.67
6547,2176,87,3,349.08,10,314.17
6548,2176,113,3,392.3,5,372.69
6549,2176,89,3,1283.76,10,1155.38
6550,2176,54,1,1069.07,20,855.26
6551,2176,73,1,1445.84,0,1445.84
6552,2177,83,4,1712.06,15,1455.25
6553,2177,104,2,497.57,5,472.69
6554,2177,120,3,619.03,0,619.03
6555,2177,56,4,847.46,10,762.71
6556,2178,84,4,411.12,10,370.01
6557,2178,75,3,403.38,0,403.38
6558,2179,61,3,817.65,10,735.88
6559,2179,7,2,1212.38,20,969.9
6560,2179,10,1,62.65,5,59.52
6561,2179,21,3,211.59,0,211.59
6562,2180,67,2,98.23,5,93.32
6563,2180,19,1,1076.96,0,1076.96
6564,2180,119,4,505.7,0,505.7
6565,2180,115,3,773.15,0,773.15
6566,2180,34,4,1101.51,15,936.28
6567,2181,26,4,318.31,0,318.31
6568,2181,50,4,1462.98,20,1170.38
6569,2181,45,2,906.51,5,861.18
6570,2181,9,2,1107.42,20,885.94
6571,2181,103,1,196.23,20,156.98
6572,2182,86,2,1446.82,5,1374.48
6573,2182,93,2,142.55,0,142.55
6574,2183,16,4,1450.72,0,1450.72
6575,2183,19,1,1076.96,0,1076.96
6576,2183,47,2,1826.55,0,1826.55
6577,2183,50,1,1462.98,10,1316.68
6578,2184,59,3,1073.3,20,858.64
6579,2184,85,1,534.69,0,534.69
6580,2184,65,2,1604.38,0,1604.38
6581,2185,24,4,769.21,5,730.75
6582,2185,44,1,1125.17,0,1125.17
6583,2185,100,1,856.08,20,684.86
6584,2186,118,2,666.62,5,633.29
6585,2186,63,1,364.09,15,309.48
6586,2186,104,2,497.57,0,497.57
6587,2187,116,3,164.08,0,164.08
6588,2187,117,2,562.18,20,449.74
6589,2188,44,3,1125.17,5,1068.91
6590,2188,84,3,411.12,10,370.01
6591,2188,25,4,294.34,20,235.47
6592,2188,17,4,961.4,20,769.12
6593,2189,95,4,1360.9,20,1088.72
6594,2190,55,1,558.58,0,558.58
6595,2191,35,3,573.05,20,458.44
6596,2191,49,2,1207.0,0,1207.0
6597,2191,13,4,1655.28,0,1655.28
6598,2191,107,1,1079.93,20,863.94
6599,2192,94,4,620.17,0,620.17
6600,2192,76,3,1456.37,0,1456.37
6601,2192,11,4,1507.26,10,1356.53
6602,2193,11,4,1507.26,0,1507.26
6603,2193,85,4,534.69,5,507.96
6604,2193,94,2,620.17,20,496.14
6605,2193,82,1,1060.64,0,1060.64
6606,2194,91,1,686.63,15,583.64
6607,2194,63,3,364.09,0,364.09
6608,2194,103,3,196.23,20,156.98
6609,2194,39,4,696.94,5,662.09
6610,2195,68,2,738.25,0,738.25
6611,2196,93,2,142.55,5,135.42
6612,2196,64,3,975.06,0,975.06
6613,2196,40,1,370.53,0,370.53
6614,2196,9,1,1107.42,15,941.31
6615,2196,36,4,1158.32,0,1158.32
6616,2197,27,2,295.55,0,295.55
6617,2197,91,2,686.63,0,686.63
6618,2197,34,2,1101.51,15,936.28
6619,2197,88,2,1564.93,10,1408.44
6620,2198,107,2,1079.93,0,1079.93
6621,2198,103,3,196.23,10,176.61
6622,2198,68,1,738.25,0,738.25
6623,2198,115,4,773.15,15,657.18
6624,2198,108,1,34.47,0,34.47
6625,2199,85,1,534.69,0,534.69
6626,2199,90,3,1058.02,10,952.22
6627,2200,119,4,505.7,5,480.41
6628,2200,100,4,856.08,0,856.08
6629,2200,45,3,906.51,20,725.21
6630,2201,15,4,935.03,5,888.28
6631,2201,94,1,620.17,0,620.17
6632,2201,60,3,485.33,5,461.06
6633,2202,76,1,1456.37,5,1383.55
6634,2202,108,3,34.47,0,34.47
6635,2202,30,4,459.89,15,390.91
6636,2202,74,4,316.46,5,300.64
6637,2202,11,4,1507.26,20,1205.81
6638,2203,120,4,619.03,5,588.08
6639,2203,48,4,1326.91,20,1061.53
6640,2203,105,3,145.52,5,138.24
6641,2203,61,4,817.65,0,817.65
6642,2204,46,3,591.45,20,473.16
6643,2204,17,2,961.4,10,865.26
6644,2204,2,4,163.95,0,163.95
6645,2204,65,3,1604.38,0,1604.38
6646,2204,86,2,1446.82,0,1446.82
6647,2205,47,4,1826.55,10,1643.89
6648,2205,8,2,741.42,10,667.28
6649,2205,37,4,533.72,0,533.72
6650,2205,74,4,316.46,0,316.46
6651,2206,95,2,1360.9,0,1360.9
6652,2206,36,4,1158.32,0,1158.32
6653,2206,19,3,1076.96,15,915.42
6654,2207,54,2,1069.07,10,962.16
6655,2208,60,4,485.33,20,388.26
6656,2208,101,3,694.55,0,694.55
6657,2208,87,1,349.08,5,331.63
6658,2208,30,4,459.89,0,459.89
6659,2208,83,3,1712.06,5,1626.46
6660,2209,26,2,318.31,20,254.65
6661,2209,75,1,403.38,0,403.38
6662,2209,5,2,911.59,0,911.59
6663,2209,32,2,939.08,0,939.08
6664,2210,90,2,1058.02,0,1058.02
6665,2210,25,1,294.34,0,294.34
6666,2210,73,1,1445.84,0,1445.84
6667,2210,106,3,136.09,15,115.68
6668,2210,115,1,773.15,5,734.49
6669,2211,33,3,81.59,0,81.59
6670,2211,65,4,1604.38,0,1604.38
6671,2211,69,3,754.87,0,754.87
6672,2212,46,4,591.45,0,591.45
6673,2212,20,3,1103.14,0,1103.14
6674,2212,73,3,1445.84,0,1445.84
6675,2213,78,3,1222.29,5,1161.18
6676,2213,59,2,1073.3,0,1073.3
6677,2213,120,1,619.03,5,588.08
6678,2213,33,2,81.59,15,69.35
6679,2214,59,2,1073.3,0,1073.3
6680,2214,92,3,991.45,5,941.88
6681,2214,119,4,505.7,10,455.13
6682,2214,12,4,719.76,0,719.76
6683,2214,85,2,534.69,20,427.75
6684,2215,92,4,991.45,15,842.73
6685,2215,104,3,497.57,0,497.57
6686,2215,74,4,316.46,15,268.99
6687,2215,46,2,591.45,0,591.45
6688,2215,91,4,686.63,0,686.63
6689,2216,77,1,1305.38,20,1044.3
6690,2217,17,3,961.4,15,817.19
6691,2217,34,4,1101.51,5,1046.43
6692,2217,111,2,242.17,10,217.95
6693,2217,55,2,558.58,5,530.65
6694,2218,37,3,533.72,20,426.98
6695,2218,18,1,1488.64,5,1414.21
6696,2218,56,4,847.46,0,847.46
6697,2218,68,4,738.25,5,701.34
6698,2218,111,1,242.17,0,242.17
6699,2219,17,4,961.4,20,769.12
6700,2220,78,1,1222.29,15,1038.95
6701,2221,41,2,1707.07,20,1365.66
6702,2221,110,1,732.42,0,732.42
6703,2221,93,4,142.55,0,142.55
6704,2221,95,1,1360.9,0,1360.9
6705,2221,87,1,349.08,20,279.26
6706,2222,82,1,1060.64,15,901.54
6707,2222,10,3,62.65,0,62.65
6708,2222,74,4,316.46,0,316.46
6709,2223,105,4,145.52,15,123.69
6710,2223,93,2,142.55,0,142.55
6711,2223,35,1,573.05,0,573.05
6712,2224,44,2,1125.17,10,1012.65
6713,2224,55,2,558.58,15,474.79
6714,2224,53,3,854.86,0,854.86
6715,2224,28,2,1431.57,0,1431.57
6716,2225,94,4,620.17,0,620.17
6717,2225,17,3,961.4,0,961.4
6718,2226,12,4,719.76,0,719.76
6719,2226,36,3,1158.32,20,926.66
6720,2226,2,3,163.95,0,163.95
6721,2226,31,3,571.41,0,571.41
6722,2226,7,1,1212.38,0,1212.38
6723,2227,68,3,738.25,0,738.25
6724,2227,39,4,696.94,0,696.94
6725,2227,25,3,294.34,0,294.34
6726,2228,28,1,1431.57,20,1145.26
6727,2228,95,4,1360.9,0,1360.9
6728,2228,111,2,242.17,0,242.17
6729,2228,32,3,939.08,0,939.08
6730,2228,24,3,769.21,20,615.37
6731,2229,12,1,719.76,5,683.77
6732,2229,4,4,718.58,0,718.58
6733,2230,23,2,294.57,0,294.57
6734,2230,31,4,571.41,5,542.84
6735,2230,87,2,349.08,5,331.63
6736,2230,43,4,470.47,0,470.47
6737,2230,90,3,1058.02,0,1058.02
6738,2231,51,4,612.81,0,612.81
6739,2231,9,4,1107.42,0,1107.42
6740,2231,57,3,391.73,0,391.73
6741,2231,17,3,961.4,10,865.26
6742,2232,37,4,533.72,0,533.72
6743,2233,117,4,562.18,5,534.07
6744,2233,50,1,1462.98,0,1462.98
6745,2234,75,2,403.38,10,363.04
6746,2234,28,3,1431.57,0,1431.57
6747,2235,91,1,686.63,0,686.63
6748,2235,7,1,1212.38,15,1030.52
6749,2235,107,1,1079.93,0,1079.93
6750,2235,18,3,1488.64,20,1190.91
6751,2236,82,1,1060.64,5,1007.61
6752,2236,32,2,939.08,5,892.13
6753,2237,110,3,732.42,10,659.18
6754,2237,95,2,1360.9,0,1360.9
6755,2237,70,4,36.02,5,34.22
6756,2237,79,2,150.11,0,150.11
6757,2237,83,1,1712.06,20,1369.65
6758,2238,78,1,1222.29,0,1222.29
6759,2238,111,4,242.17,0,242.17
6760,2239,15,2,935.03,10,841.53
6761,2239,19,3,1076.96,0,1076.96
6762,2239,57,4,391.73,15,332.97
6763,2239,45,1,906.51,0,906.51
6764,2239,77,2,1305.38,0,1305.38
6765,2240,54,2,1069.07,0,1069.07
6766,2241,107,4,1079.93,20,863.94
6767,2242,77,1,1305.38,15,1109.57
6768,2242,12,3,719.76,20,575.81
6769,2242,6,3,1063.05,0,1063.05
6770,2243,33,3,81.59,0,81.59
6771,2243,113,3,392.3,0,392.3
6772,2243,28,2,1431.57,15,1216.83
6773,2243,51,4,612.81,10,551.53
6774,2244,33,2,81.59,0,81.59
6775,2245,81,1,171.62,5,163.04
6776,2246,22,4,72.59,5,68.96
6777,2246,118,2,666.62,0,666.62
6778,2247,60,1,485.33,20,388.26
6779,2247,66,4,773.07,10,695.76
6780,2248,86,1,1446.82,10,1302.14
6781,2248,62,2,310.74,0,310.74
6782,2248,14,3,176.35,0,176.35
6783,2249,2,1,163.95,10,147.56
6784,2250,116,1,164.08,15,139.47
6785,2251,28,4,1431.57,15,1216.83
6786,2251,82,4,1060.64,5,1007.61
6787,2251,18,3,1488.64,0,1488.64
6788,2251,44,4,1125.17,0,1125.17
6789,2252,53,3,854.86,5,812.12
6790,2252,16,1,1450.72,0,1450.72
6791,2252,62,3,310.74,0,310.74
6792,2252,22,4,72.59,15,61.7
6793,2252,71,2,741.1,0,741.1
6794,2253,92,4,991.45,0,991.45
6795,2253,37,4,533.72,20,426.98
6796,2254,37,3,533.72,15,453.66
6797,2254,106,4,136.09,15,115.68
6798,2254,99,2,158.54,0,158.54
6799,2254,9,1,1107.42,5,1052.05
6800,2254,43,3,470.47,5,446.95
6801,2255,41,1,1707.07,20,1365.66
6802,2255,97,3,700.41,0,700.41
6803,2256,51,3,612.81,15,520.89
6804,2256,73,3,1445.84,10,1301.26
6805,2256,87,4,349.08,0,349.08
6806,2256,50,4,1462.98,0,1462.98
6807,2257,101,2,694.55,15,590.37
6808,2258,58,3,710.63,0,710.63
6809,2258,96,2,1186.97,10,1068.27
6810,2259,95,2,1360.9,0,1360.9
6811,2259,35,1,573.05,10,515.75
6812,2259,67,2,98.23,0,98.23
6813,2259,33,2,81.59,0,81.59
6814,2260,94,3,620.17,0,620.17
6815,2261,62,3,310.74,20,248.59
6816,2261,118,2,666.62,5,633.29
6817,2261,76,2,1456.37,0,1456.37
6818,2262,51,1,612.81,0,612.81
6819,2262,53,2,854.86,5,812.12
6820,2262,6,3,1063.05,0,1063.05
6821,2262,35,1,573.05,0,573.05
6822,2263,109,2,1167.12,20,933.7
6823,2263,61,4,817.65,0,817.65
6824,2263,6,2,1063.05,10,956.75
6825,2263,70,2,36.02,0,36.02
6826,2263,10,1,62.65,10,56.38
6827,2264,47,2,1826.55,0,1826.55
6828,2264,82,2,1060.64,10,954.58
6829,2265,22,3,72.59,0,72.59
6830,2265,78,1,1222.29,15,1038.95
6831,2266,73,2,1445.84,10,1301.26
6832,2266,51,3,612.81,0,612.81
6833,2266,115,4,773.15,20,618.52
6834,2267,87,3,349.08,0,349.08
6835,2267,83,1,1712.06,10,1540.85
6836,2267,86,4,1446.82,10,1302.14
6837,2267,76,2,1456.37,15,1237.91
6838,2268,97,4,700.41,15,595.35
6839,2268,64,1,975.06,0,975.06
6840,2268,52,4,452.83,10,407.55
6841,2269,40,4,370.53,5,352.0
6842,2269,39,4,696.94,5,662.09
6843,2270,40,1,370.53,15,314.95
6844,2270,89,3,1283.76,0,1283.76
6845,2270,72,4,1538.12,10,1384.31
6846,2270,29,2,1039.47,15,883.55
6847,2270,56,3,847.46,15,720.34
6848,2271,68,3,738.25,0,738.25
6849,2272,24,2,769.21,10,692.29
6850,2272,43,4,470.47,20,376.38
6851,2272,101,2,694.55,5,659.82
6852,2272,82,4,1060.64,10,954.58
6853,2272,55,2,558.58,0,558.58
6854,2273,42,2,991.9,5,942.3
6855,2273,58,2,710.63,15,604.04
6856,2274,92,4,991.45,10,892.31
6857,2274,106,2,136.09,5,129.29
6858,2274,113,1,392.3,15,333.45
6859,2275,60,2,485.33,0,485.33
6860,2275,23,3,294.57,5,279.84
6861,2275,25,4,294.34,5,279.62
6862,2276,6,3,1063.05,0,1063.05
6863,2277,77,4,1305.38,0,1305.38
6864,2277,94,1,620.17,5,589.16
6865,2277,96,4,1186.97,0,1186.97
6866,2278,105,4,145.52,10,130.97
6867,2278,71,2,741.1,0,741.1
6868,2278,50,3,1462.98,10,1316.68
6869,2278,97,3,700.41,0,700.41
6870,2278,95,2,1360.9,15,1156.77
6871,2279,47,3,1826.55,5,1735.22
6872,2279,11,1,1507.26,0,1507.26
6873,2279,67,3,98.23,0,98.23
6874,2279,55,1,558.58,20,446.86
6875,2279,80,2,75.46,15,64.14
6876,2280,112,2,588.08,10,529.27
6877,2280,13,1,1655.28,0,1655.28
6878,2281,75,4,403.38,5,383.21
6879,2281,95,1,1360.9,20,1088.72
6880,2281,25,2,294.34,15,250.19
6881,2281,35,2,573.05,5,544.4
6882,2282,78,1,1222.29,0,1222.29
6883,2282,101,2,694.55,0,694.55
6884,2282,32,1,939.08,0,939.08
6885,2282,81,4,171.62,0,171.62
6886,2283,65,3,1604.38,0,1604.38
6887,2284,1,2,322.54,0,322.54
6888,2285,13,2,1655.28,0,1655.28
6889,2285,47,4,1826.55,15,1552.57
6890,2285,20,2,1103.14,15,937.67
6891,2285,28,1,1431.57,0,1431.57
6892,2285,10,1,62.65,10,56.38
6893,2286,23,2,294.57,0,294.57
6894,2286,11,1,1507.26,10,1356.53
6895,2286,22,4,72.59,5,68.96
6896,2286,63,2,364.09,0,364.09
6897,2286,6,1,1063.05,0,1063.05
6898,2287,45,2,906.51,0,906.51
6899,2287,78,4,1222.29,5,1161.18
6900,2287,3,3,157.77,5,149.88
6901,2287,115,1,773.15,0,773.15
6902,2287,109,1,1167.12,15,992.05
6903,2288,84,1,411.12,5,390.56
6904,2289,112,2,588.08,20,470.46
6905,2289,44,2,1125.17,0,1125.17
6906,2289,108,3,34.47,10,31.02
6907,2289,114,2,711.52,0,711.52
6908,2290,101,4,694.55,0,694.55
6909,2290,111,3,242.17,0,242.17
6910,2291,37,3,533.72,5,507.03
6911,2291,93,1,142.55,0,142.55
6912,2291,64,4,975.06,15,828.8
6913,2292,115,4,773.15,0,773.15
6914,2293,62,2,310.74,0,310.74
6915,2293,19,3,1076.96,0,1076.96
6916,2294,80,2,75.46,15,64.14
6917,2295,2,2,163.95,0,163.95
6918,2295,111,1,242.17,0,242.17
6919,2295,112,2,588.08,0,588.08
6920,2295,70,1,36.02,5,34.22
6921,2295,120,1,619.03,0,619.03
6922,2296,111,2,242.17,0,242.17
6923,2296,77,3,1305.38,15,1109.57
6924,2296,112,1,588.08,10,529.27
6925,2297,18,3,1488.64,0,1488.64
6926,2297,88,4,1564.93,5,1486.68
6927,2298,47,1,1826.55,0,1826.55
6928,2298,19,1,1076.96,0,1076.96
6929,2299,13,4,1655.28,5,1572.52
6930,2300,45,2,906.51,0,906.51
6931,2300,93,4,142.55,5,135.42
6932,2300,38,1,1470.45,0,1470.45
6933,2300,22,1,72.59,5,68.96
6934,2300,68,4,738.25,10,664.43
6935,2301,15,4,935.03,5,888.28
6936,2302,53,2,854.86,0,854.86
6937,2302,95,1,1360.9,0,1360.9
6938,2302,18,2,1488.64,10,1339.78
6939,2302,77,4,1305.38,20,1044.3
6940,2302,1,3,322.54,20,258.03
6941,2303,56,2,847.46,20,677.97
6942,2303,57,1,391.73,0,391.73
6943,2304,6,3,1063.05,0,1063.05
6944,2304,79,4,150.11,15,127.59
6945,2305,27,1,295.55,0,295.55
6946,2305,83,1,1712.06,0,1712.06
6947,2305,110,2,732.42,0,732.42
6948,2306,67,3,98.23,0,98.23
6949,2306,36,4,1158.32,0,1158.32
6950,2306,100,3,856.08,0,856.08
6951,2306,10,3,62.65,10,56.38
6952,2306,8,3,741.42,0,741.42
6953,2307,38,1,1470.45,0,1470.45
6954,2307,53,4,854.86,10,769.37
6955,2307,119,3,505.7,5,480.41
6956,2307,63,4,364.09,10,327.68
6957,2307,58,4,710.63,0,710.63
6958,2308,72,2,1538.12,0,1538.12
6959,2309,51,1,612.81,0,612.81
6960,2309,35,2,573.05,0,573.05
6961,2309,85,3,534.69,15,454.49
6962,2309,38,1,1470.45,0,1470.45
6963,2310,116,4,164.08,15,139.47
6964,2310,21,4,211.59,0,211.59
6965,2310,57,2,391.73,10,352.56
6966,2310,22,2,72.59,10,65.33
6967,2311,16,2,1450.72,0,1450.72
6968,2312,47,1,1826.55,0,1826.55
6969,2313,9,2,1107.42,0,1107.42
6970,2313,106,1,136.09,5,129.29
6971,2314,109,1,1167.12,0,1167.12
6972,2314,50,1,1462.98,0,1462.98
6973,2315,23,3,294.57,0,294.57
6974,2316,41,3,1707.07,20,1365.66
6975,2316,9,4,1107.42,20,885.94
6976,2316,87,1,349.08,15,296.72
6977,2316,61,1,817.65,5,776.77
6978,2317,86,4,1446.82,0,1446.82
6979,2318,46,4,591.45,10,532.31
6980,2318,104,4,497.57,0,497.57
6981,2318,110,1,732.42,0,732.42
6982,2318,57,3,391.73,20,313.38
6983,2318,73,1,1445.84,5,1373.55
6984,2319,4,1,718.58,0,718.58
6985,2319,40,1,370.53,10,333.48
6986,2319,82,1,1060.64,0,1060.64
6987,2319,39,1,696.94,20,557.55
6988,2319,70,3,36.02,20,28.82
6989,2320,90,4,1058.02,5,1005.12
6990,2320,53,4,854.86,5,812.12
6991,2320,64,1,975.06,10,877.55
6992,2321,17,4,961.4,15,817.19
6993,2321,35,1,573.05,0,573.05
6994,2321,73,4,1445.84,0,1445.84
6995,2322,20,3,1103.14,0,1103.14
6996,2322,102,1,1036.41,5,984.59
6997,2322,13,4,1655.28,20,1324.22
6998,2322,58,1,710.63,0,710.63
6999,2322,55,2,558.58,15,474.79
7000,2323,72,3,1538.12,15,1307.4
7001,2323,1,3,322.54,0,322.54
7002,2324,58,2,710.63,5,675.1
7003,2324,65,4,1604.38,15,1363.72
7004,2324,112,2,588.08,0,588.08
7005,2325,94,1,620.17,10,558.15
7006,2325,20,3,1103.14,15,937.67
7007,2326,83,4,1712.06,20,1369.65
7008,2326,89,2,1283.76,0,1283.76
7009,2326,24,4,769.21,0,769.21
7010,2326,69,4,754.87,0,754.87
7011,2326,35,2,573.05,0,573.05
7012,2327,90,1,1058.02,0,1058.02
7013,2327,61,3,817.65,0,817.65
7014,2327,115,2,773.15,10,695.84
7015,2328,52,3,452.83,20,362.26
7016,2328,86,4,1446.82,0,1446.82
7017,2328,55,3,558.58,0,558.58
7018,2328,26,2,318.31,15,270.56
7019,2328,92,4,991.45,0,991.45
7020,2329,72,4,1538.12,20,1230.5
7021,2329,30,3,459.89,0,459.89
7022,2329,41,2,1707.07,10,1536.36
7023,2329,93,1,142.55,10,128.3
7024,2329,98,4,316.71,15,269.2
7025,2330,52,4,452.83,0,452.83
7026,2330,22,3,72.59,20,58.07
7027,2330,101,2,694.55,20,555.64
7028,2330,20,2,1103.14,20,882.51
7029,2331,115,2,773.15,0,773.15
7030,2331,1,1,322.54,5,306.41
7031,2331,50,4,1462.98,0,1462.98
7032,2332,35,1,573.05,0,573.05
7033,2332,100,3,856.08,15,727.67
7034,2333,12,4,719.76,15,611.8
7035,2333,48,2,1326.91,0,1326.91
7036,2334,23,2,294.57,5,279.84
7037,2334,112,2,588.08,20,470.46
7038,2334,54,4,1069.07,0,1069.07
7039,2335,25,4,294.34,0,294.34
7040,2335,47,3,1826.55,0,1826.55
7041,2336,47,1,1826.55,15,1552.57
7042,2336,103,3,196.23,0,196.23
7043,2336,92,3,991.45,20,793.16
7044,2337,120,1,619.03,0,619.03
7045,2337,19,4,1076.96,0,1076.96
7046,2337,11,3,1507.26,10,1356.53
7047,2338,38,4,1470.45,15,1249.88
7048,2338,73,3,1445.84,0,1445.84
7049,2338,43,1,470.47,15,399.9
7050,2339,69,3,754.87,5,717.13
7051,2339,92,2,991.45,10,892.31
7052,2339,39,1,696.94,0,696.94
7053,2339,23,1,294.57,0,294.57
7054,2339,110,1,732.42,0,732.42
7055,2340,35,2,573.05,0,573.05
7056,2340,97,4,700.41,0,700.41
7057,2340,63,2,364.09,10,327.68
7058,2340,83,4,1712.06,0,1712.06
7059,2341,57,3,391.73,0,391.73
7060,2341,94,4,620.17,0,620.17
7061,2341,27,1,295.55,0,295.55
7062,2342,110,1,732.42,5,695.8
7063,2342,1,3,322.54,20,258.03
7064,2343,34,3,1101.51,15,936.28
7065,2344,103,2,196.23,20,156.98
7066,2345,62,2,310.74,15,264.13
7067,2345,114,2,711.52,0,711.52
7068,2345,73,3,1445.84,5,1373.55
7069,2346,22,1,72.59,0,72.59
7070,2346,34,1,1101.51,0,1101.51
7071,2346,42,3,991.9,5,942.3
7072,2346,95,3,1360.9,0,1360.9
7073,2346,26,4,318.31,10,286.48
7074,2347,22,1,72.59,20,58.07
7075,2347,40,1,370.53,0,370.53
7076,2347,27,4,295.55,0,295.55
7077,2347,96,4,1186.97,5,1127.62
7078,2348,50,4,1462.98,0,1462.98
7079,2348,15,4,935.03,0,935.03
7080,2348,93,1,142.55,20,114.04
7081,2348,4,2,718.58,20,574.86
7082,2348,49,1,1207.0,10,1086.3
7083,2349,77,4,1305.38,0,1305.38
7084,2349,90,1,1058.02,5,1005.12
7085,2349,81,1,171.62,20,137.3
7086,2349,5,3,911.59,5,866.01
7087,2350,45,1,906.51,0,906.51
7088,2351,116,2,164.08,0,164.08
7089,2352,18,2,1488.64,0,1488.64
7090,2353,6,1,1063.05,0,1063.05
7091,2353,1,4,322.54,0,322.54
7092,2353,117,4,562.18,20,449.74
7093,2353,33,2,81.59,15,69.35
7094,2354,15,2,935.03,0,935.03
7095,2354,119,4,505.7,0,505.7
7096,2355,96,3,1186.97,0,1186.97
7097,2355,90,3,1058.02,0,1058.02
7098,2355,79,4,150.11,10,135.1
7099,2356,98,4,316.71,10,285.04
7100,2356,49,3,1207.0,0,1207.0
7101,2356,80,1,75.46,0,75.46
7102,2356,78,1,1222.29,0,1222.29
7103,2357,36,3,1158.32,0,1158.32
7104,2358,51,4,612.81,0,612.81
7105,2358,2,4,163.95,0,163.95
7106,2358,83,2,1712.06,15,1455.25
7107,2359,118,3,666.62,0,666.62
7108,2359,55,3,558.58,15,474.79
7109,2359,9,3,1107.42,5,1052.05
7110,2359,92,3,991.45,15,842.73
7111,2359,46,4,591.45,15,502.73
7112,2360,28,2,1431.57,10,1288.41
7113,2360,115,2,773.15,0,773.15
7114,2360,97,3,700.41,0,700.41
7115,2360,63,4,364.09,5,345.89
7116,2361,61,2,817.65,5,776.77
7117,2361,85,4,534.69,5,507.96
7118,2361,106,1,136.09,5,129.29
7119,2361,77,3,1305.38,15,1109.57
7120,2361,83,1,1712.06,0,1712.06
7121,2362,76,3,1456.37,15,1237.91
7122,2362,28,1,1431.57,0,1431.57
7123,2362,78,1,1222.29,20,977.83
7124,2363,105,1,145.52,0,145.52
7125,2363,109,3,1167.12,20,933.7
7126,2363,30,4,459.89,15,390.91
7127,2364,112,2,588.08,10,529.27
7128,2365,99,4,158.54,10,142.69
7129,2365,71,4,741.1,5,704.04
7130,2365,81,1,171.62,20,137.3
7131,2366,54,4,1069.07,5,1015.62
7132,2366,28,1,1431.57,5,1359.99
7133,2366,46,3,591.45,20,473.16
7134,2366,40,1,370.53,20,296.42
7135,2366,87,2,349.08,0,349.08
7136,2367,12,3,719.76,0,719.76
7137,2368,22,3,72.59,20,58.07
7138,2368,85,3,534.69,0,534.69
7139,2368,18,1,1488.64,20,1190.91
7140,2368,49,2,1207.0,20,965.6
7141,2369,45,1,906.51,10,815.86
7142,2369,75,3,403.38,20,322.7
7143,2369,38,2,1470.45,0,1470.45
7144,2370,48,3,1326.91,15,1127.87
7145,2370,31,2,571.41,5,542.84
7146,2370,44,4,1125.17,20,900.14
7147,2370,21,3,211.59,0,211.59
7148,2371,93,3,142.55,20,114.04
7149,2371,115,3,773.15,5,734.49
7150,2371,54,2,1069.07,5,1015.62
7151,2371,118,3,666.62,10,599.96
7152,2372,94,2,620.17,0,620.17
7153,2372,118,1,666.62,0,666.62
7154,2372,96,2,1186.97,0,1186.97
7155,2373,107,1,1079.93,0,1079.93
7156,2373,38,4,1470.45,20,1176.36
7157,2373,54,3,1069.07,20,855.26
7158,2373,59,2,1073.3,20,858.64
7159,2373,102,2,1036.41,20,829.13
7160,2374,76,2,1456.37,10,1310.73
7161,2374,97,3,700.41,10,630.37
7162,2374,82,4,1060.64,0,1060.64
7163,2374,117,2,562.18,0,562.18
7164,2375,51,1,612.81,0,612.81
7165,2375,64,1,975.06,20,780.05
7166,2375,33,2,81.59,15,69.35
7167,2375,87,3,349.08,0,349.08
7168,2375,112,1,588.08,5,558.68
7169,2376,8,3,741.42,20,593.14
7170,2377,44,1,1125.17,0,1125.17
7171,2378,19,3,1076.96,5,1023.11
7172,2378,54,3,1069.07,0,1069.07
7173,2378,73,3,1445.84,0,1445.84
7174,2379,87,4,349.08,5,331.63
7175,2379,78,2,1222.29,0,1222.29
7176,2380,79,4,150.11,0,150.11
7177,2380,37,3,533.72,0,533.72
7178,2381,96,1,1186.97,10,1068.27
7179,2381,22,3,72.59,0,72.59
7180,2381,3,1,157.77,5,149.88
7181,2381,35,2,573.05,0,573.05
7182,2382,114,1,711.52,10,640.37
7183,2382,53,4,854.86,10,769.37
7184,2382,10,4,62.65,0,62.65
7185,2383,19,4,1076.96,0,1076.96
7186,2383,67,2,98.23,15,83.5
7187,2383,23,2,294.57,15,250.38
7188,2383,84,1,411.12,0,411.12
7189,2384,92,1,991.45,5,941.88
7190,2385,103,4,196.23,0,196.23
7191,2386,26,2,318.31,0,318.31
7192,2386,107,3,1079.93,0,1079.93
7193,2387,12,3,719.76,0,719.76
7194,2387,68,4,738.25,15,627.51
7195,2387,84,4,411.12,0,411.12
7196,2388,87,2,349.08,0,349.08
7197,2388,3,2,157.77,5,149.88
7198,2389,70,1,36.02,0,36.02
7199,2389,7,2,1212.38,5,1151.76
7200,2389,94,4,620.17,15,527.14
7201,2389,21,4,211.59,5,201.01
7202,2389,88,4,1564.93,20,1251.94
7203,2390,59,3,1073.3,20,858.64
7204,2390,31,4,571.41,5,542.84
7205,2390,110,3,732.42,0,732.42
7206,2390,54,3,1069.07,0,1069.07
7207,2391,80,2,75.46,0,75.46
7208,2391,114,1,711.52,10,640.37
7209,2391,8,3,741.42,20,593.14
7210,2392,26,1,318.31,0,318.31
7211,2392,46,1,591.45,0,591.45
7212,2392,99,4,158.54,10,142.69
7213,2393,74,3,316.46,0,316.46
7214,2393,41,2,1707.07,20,1365.66
7215,2394,69,2,754.87,0,754.87
7216,2395,25,1,294.34,0,294.34
7217,2395,84,3,411.12,15,349.45
7218,2396,40,3,370.53,0,370.53
7219,2397,60,1,485.33,0,485.33
7220,2398,33,4,81.59,0,81.59
7221,2398,3,4,157.77,5,149.88
7222,2398,56,3,847.46,15,720.34
7223,2398,18,1,1488.64,0,1488.64
7224,2399,96,3,1186.97,0,1186.97
7225,2400,62,4,310.74,0,310.74
7226,2400,56,2,847.46,15,720.34
7227,2400,21,3,211.59,15,179.85
7228,2400,14,2,176.35,5,167.53
7229,2400,120,4,619.03,0,619.03
7230,2401,23,3,294.57,0,294.57
7231,2402,73,2,1445.84,0,1445.84
7232,2402,42,2,991.9,15,843.12
7233,2402,106,1,136.09,0,136.09
7234,2402,62,2,310.74,15,264.13
7235,2403,65,4,1604.38,5,1524.16
7236,2403,80,1,75.46,0,75.46
7237,2403,27,3,295.55,10,266.0
7238,2404,69,1,754.87,10,679.38
7239,2404,34,3,1101.51,20,881.21
7240,2405,46,3,591.45,10,532.31
7241,2405,11,1,1507.26,15,1281.17
7242,2405,50,3,1462.98,0,1462.98
7243,2405,87,4,349.08,15,296.72
7244,2405,93,3,142.55,0,142.55
7245,2406,33,2,81.59,20,65.27
7246,2406,99,1,158.54,0,158.54
7247,2406,42,3,991.9,0,991.9
7248,2406,19,3,1076.96,0,1076.96
7249,2407,112,4,588.08,5,558.68
7250,2407,20,3,1103.14,0,1103.14
7251,2407,113,3,392.3,5,372.69
7252,2408,101,1,694.55,10,625.1
7253,2409,61,3,817.65,20,654.12
7254,2409,98,1,316.71,0,316.71
7255,2409,63,3,364.09,5,345.89
7256,2409,77,4,1305.38,0,1305.38
7257,2409,88,2,1564.93,5,1486.68
7258,2410,19,1,1076.96,15,915.42
7259,2410,98,2,316.71,10,285.04
7260,2410,83,1,1712.06,0,1712.06
7261,2410,44,3,1125.17,15,956.39
7262,2411,60,4,485.33,15,412.53
7263,2412,107,4,1079.93,0,1079.93
7264,2413,90,1,1058.02,15,899.32
7265,2413,109,2,1167.12,0,1167.12
7266,2413,55,4,558.58,0,558.58
7267,2414,85,1,534.69,15,454.49
7268,2414,39,4,696.94,10,627.25
7269,2415,17,4,961.4,0,961.4
7270,2415,103,3,196.23,5,186.42
7271,2415,88,3,1564.93,20,1251.94
7272,2415,96,2,1186.97,5,1127.62
7273,2415,12,3,719.76,0,719.76
7274,2416,92,2,991.45,20,793.16
7275,2416,65,2,1604.38,20,1283.5
7276,2417,97,3,700.41,0,700.41
7277,2417,52,3,452.83,15,384.91
7278,2417,63,1,364.09,5,345.89
7279,2417,88,4,1564.93,10,1408.44
7280,2417,116,1,164.08,0,164.08
7281,2418,96,3,1186.97,0,1186.97
7282,2418,60,4,485.33,15,412.53
7283,2418,15,4,935.03,0,935.03
7284,2419,54,3,1069.07,0,1069.07
7285,2419,72,2,1538.12,5,1461.21
7286,2419,75,2,403.38,5,383.21
7287,2419,115,3,773.15,5,734.49
7288,2420,44,3,1125.17,0,1125.17
7289,2421,90,4,1058.02,0,1058.02
7290,2422,29,2,1039.47,10,935.52
7291,2423,54,2,1069.07,0,1069.07
7292,2423,25,3,294.34,0,294.34
7293,2423,24,2,769.21,0,769.21
7294,2424,78,2,1222.29,0,1222.29
7295,2424,52,2,452.83,15,384.91
7296,2424,9,4,1107.42,10,996.68
7297,2424,76,4,1456.37,20,1165.1
7298,2425,72,4,1538.12,10,1384.31
7299,2425,108,4,34.47,10,31.02
7300,2425,98,3,316.71,10,285.04
7301,2426,74,4,316.46,15,268.99
7302,2426,97,2,700.41,0,700.41
7303,2426,106,4,136.09,0,136.09
7304,2426,65,1,1604.38,0,1604.38
7305,2427,64,1,975.06,0,975.06
7306,2427,81,2,171.62,5,163.04
7307,2428,113,1,392.3,5,372.69
7308,2428,107,3,1079.93,0,1079.93
7309,2428,24,2,769.21,0,769.21
7310,2428,98,1,316.71,0,316.71
7311,2428,45,4,906.51,0,906.51
7312,2429,76,1,1456.37,0,1456.37
7313,2429,118,4,666.62,5,633.29
7314,2429,92,2,991.45,0,991.45
7315,2429,99,1,158.54,10,142.69
7316,2430,111,1,242.17,20,193.74
7317,2430,55,3,558.58,15,474.79
7318,2430,32,3,939.08,0,939.08
7319,2430,60,4,485.33,0,485.33
7320,2430,88,4,1564.93,20,1251.94
7321,2431,23,1,294.57,5,279.84
7322,2431,25,2,294.34,0,294.34
7323,2432,61,3,817.65,5,776.77
7324,2432,27,4,295.55,0,295.55
7325,2432,83,4,1712.06,10,1540.85
7326,2432,95,3,1360.9,0,1360.9
7327,2433,67,3,98.23,0,98.23
7328,2433,40,1,370.53,0,370.53
7329,2433,103,2,196.23,5,186.42
7330,2433,9,2,1107.42,0,1107.42
7331,2433,1,2,322.54,20,258.03
7332,2434,40,2,370.53,15,314.95
7333,2434,99,4,158.54,0,158.54
7334,2435,27,2,295.55,15,251.22
7335,2435,96,2,1186.97,20,949.58
7336,2435,102,3,1036.41,20,829.13
7337,2435,42,4,991.9,0,991.9
7338,2436,72,2,1538.12,0,1538.12
7339,2437,107,1,1079.93,15,917.94
7340,2437,70,4,36.02,20,28.82
7341,2438,43,1,470.47,10,423.42
7342,2438,65,3,1604.38,0,1604.38
7343,2438,86,1,1446.82,15,1229.8
7344,2438,53,1,854.86,0,854.86
7345,2438,18,2,1488.64,10,1339.78
7346,2439,60,4,485.33,20,388.26
7347,2440,4,4,718.58,5,682.65
7348,2440,104,4,497.57,0,497.57
7349,2440,27,4,295.55,15,251.22
7350,2440,82,3,1060.64,5,1007.61
7351,2440,51,2,612.81,10,551.53
7352,2441,84,2,411.12,0,411.12
7353,2442,109,3,1167.12,0,1167.12
7354,2442,42,1,991.9,0,991.9
7355,2442,75,2,403.38,15,342.87
7356,2442,66,4,773.07,10,695.76
7357,2443,92,2,991.45,15,842.73
7358,2444,36,3,1158.32,0,1158.32
7359,2444,4,3,718.58,15,610.79
7360,2444,107,2,1079.93,15,917.94
7361,2444,29,1,1039.47,15,883.55
7362,2444,63,2,364.09,0,364.09
7363,2445,95,4,1360.9,15,1156.77
7364,2445,44,3,1125.17,5,1068.91
7365,2445,17,4,961.4,20,769.12
7366,2446,75,3,403.38,0,403.38
7367,2447,7,4,1212.38,10,1091.14
7368,2447,48,4,1326.91,10,1194.22
7369,2448,59,1,1073.3,0,1073.3
7370,2449,43,3,470.47,20,376.38
7371,2449,20,1,1103.14,10,992.83
7372,2449,37,3,533.72,0,533.72
7373,2449,109,2,1167.12,10,1050.41
7374,2450,116,1,164.08,0,164.08
7375,2450,22,1,72.59,0,72.59
7376,2450,117,4,562.18,5,534.07
7377,2450,1,4,322.54,5,306.41
7378,2450,92,3,991.45,10,892.31
7379,2451,32,4,939.08,15,798.22
7380,2452,53,3,854.86,5,812.12
7381,2453,108,2,34.47,0,34.47
7382,2453,45,4,906.51,0,906.51
7383,2453,18,3,1488.64,15,1265.34
7384,2453,66,3,773.07,15,657.11
7385,2454,86,2,1446.82,10,1302.14
7386,2454,105,3,145.52,10,130.97
7387,2454,4,3,718.58,10,646.72
7388,2454,114,3,711.52,0,711.52
7389,2454,110,3,732.42,15,622.56
7390,2455,59,4,1073.3,20,858.64
7391,2455,62,4,310.74,0,310.74
7392,2455,107,2,1079.93,10,971.94
7393,2456,109,1,1167.12,15,992.05
7394,2456,56,1,847.46,15,720.34
7395,2456,44,3,1125.17,10,1012.65
7396,2456,81,3,171.62,15,145.88
7397,2456,3,4,157.77,15,134.1
7398,2457,66,3,773.07,20,618.46
7399,2457,25,2,294.34,5,279.62
7400,2457,19,1,1076.96,0,1076.96
7401,2457,27,3,295.55,0,295.55
7402,2458,82,1,1060.64,5,1007.61
7403,2458,59,4,1073.3,0,1073.3
7404,2459,100,1,856.08,15,727.67
7405,2459,42,4,991.9,10,892.71
7406,2459,86,1,1446.82,5,1374.48
7407,2459,30,2,459.89,0,459.89
7408,2459,53,2,854.86,0,854.86
7409,2460,119,2,505.7,10,455.13
7410,2460,82,1,1060.64,0,1060.64
7411,2461,2,4,163.95,5,155.75
7412,2461,98,4,316.71,5,300.87
7413,2462,57,1,391.73,0,391.73
7414,2462,21,4,211.59,0,211.59
7415,2463,100,2,856.08,5,813.28
7416,2463,33,3,81.59,5,77.51
7417,2463,65,4,1604.38,0,1604.38
7418,2464,82,1,1060.64,0,1060.64
7419,2464,13,4,1655.28,15,1406.99
7420,2464,75,3,403.38,5,383.21
7421,2464,81,3,171.62,20,137.3
7422,2465,76,4,1456.37,5,1383.55
7423,2465,53,1,854.86,0,854.86
7424,2466,51,2,612.81,10,551.53
7425,2466,105,2,145.52,0,145.52
7426,2466,58,4,710.63,0,710.63
7427,2467,1,4,322.54,10,290.29
7428,2467,76,4,1456.37,15,1237.91
7429,2467,96,2,1186.97,15,1008.92
7430,2467,44,1,1125.17,20,900.14
7431,2467,35,3,573.05,10,515.75
7432,2468,55,2,558.58,0,558.58
7433,2468,69,2,754.87,0,754.87
7434,2468,16,2,1450.72,10,1305.65
7435,2468,8,2,741.42,5,704.35
7436,2468,109,4,1167.12,0,1167.12
7437,2469,35,1,573.05,15,487.09
7438,2469,64,1,975.06,10,877.55
7439,2469,100,3,856.08,10,770.47
7440,2470,40,1,370.53,20,296.42
7441,2471,100,3,856.08,5,813.28
7442,2472,107,3,1079.93,10,971.94
7443,2473,99,1,158.54,0,158.54
7444,2473,94,1,620.17,0,620.17
7445,2473,2,4,163.95,0,163.95
7446,2473,6,3,1063.05,0,1063.05
7447,2474,57,2,391.73,15,332.97
7448,2474,118,3,666.62,15,566.63
7449,2474,98,4,316.71,0,316.71
7450,2474,91,2,686.63,20,549.3
7451,2475,97,1,700.41,10,630.37
7452,2475,74,3,316.46,0,316.46
7453,2475,30,2,459.89,0,459.89
7454,2475,105,3,145.52,10,130.97
7455,2476,64,2,975.06,0,975.06
7456,2476,9,2,1107.42,0,1107.42
7457,2476,68,3,738.25,0,738.25
7458,2476,29,2,1039.47,15,883.55
7459,2477,82,2,1060.64,0,1060.64
7460,2477,33,1,81.59,0,81.59
7461,2477,84,1,411.12,10,370.01
7462,2477,102,1,1036.41,0,1036.41
7463,2477,91,3,686.63,10,617.97
7464,2478,111,3,242.17,0,242.17
7465,2478,96,3,1186.97,0,1186.97
7466,2478,2,2,163.95,0,163.95
7467,2479,58,1,710.63,15,604.04
7468,2479,80,2,75.46,20,60.37
7469,2479,95,2,1360.9,0,1360.9
7470,2479,106,4,136.09,15,115.68
7471,2479,76,4,1456.37,5,1383.55
7472,2480,110,4,732.42,20,585.94
7473,2480,56,2,847.46,20,677.97
7474,2480,5,3,911.59,20,729.27
7475,2480,81,1,171.62,0,171.62
7476,2481,3,4,157.77,10,141.99
7477,2481,83,2,1712.06,10,1540.85
7478,2481,28,4,1431.57,0,1431.57
7479,2482,86,2,1446.82,0,1446.82
7480,2482,90,1,1058.02,10,952.22
7481,2482,84,2,411.12,5,390.56
7482,2483,21,2,211.59,15,179.85
7483,2483,89,4,1283.76,15,1091.2
7484,2484,24,4,769.21,20,615.37
7485,2485,32,1,939.08,5,892.13
7486,2485,66,1,773.07,0,773.07
7487,2485,22,3,72.59,10,65.33
7488,2485,113,1,392.3,10,353.07
7489,2486,16,1,1450.72,0,1450.72
7490,2486,29,4,1039.47,10,935.52
7491,2486,106,4,136.09,0,136.09
7492,2487,57,4,391.73,20,313.38
7493,2487,107,4,1079.93,5,1025.93
7494,2487,58,1,710.63,10,639.57
7495,2488,91,2,686.63,20,549.3
7496,2488,101,1,694.55,20,555.64
7497,2489,8,2,741.42,10,667.28
7498,2489,118,4,666.62,0,666.62
7499,2490,35,2,573.05,0,573.05
7500,2490,5,1,911.59,0,911.59
7501,2490,46,4,591.45,0,591.45
7502,2490,65,4,1604.38,5,1524.16
7503,2491,68,2,738.25,0,738.25
7504,2491,62,4,310.74,15,264.13
7505,2491,15,2,935.03,5,888.28
7506,2491,77,3,1305.38,0,1305.38
7507,2492,9,3,1107.42,10,996.68
7508,2492,25,4,294.34,5,279.62
7509,2492,119,3,505.7,15,429.84
7510,2492,52,3,452.83,0,452.83
7511,2493,41,3,1707.07,20,1365.66
7512,2493,30,2,459.89,0,459.89
7513,2493,58,4,710.63,15,604.04
7514,2494,104,2,497.57,20,398.06
7515,2494,39,3,696.94,0,696.94
7516,2494,87,4,349.08,15,296.72
7517,2495,74,3,316.46,0,316.46
7518,2495,7,1,1212.38,20,969.9
7519,2495,91,1,686.63,0,686.63
7520,2495,15,4,935.03,5,888.28
7521,2495,105,2,145.52,20,116.42
7522,2496,70,3,36.02,0,36.02
7523,2496,111,3,242.17,5,230.06
7524,2497,37,1,533.72,15,453.66
7525,2497,95,3,1360.9,0,1360.9
7526,2497,54,4,1069.07,20,855.26
7527,2497,64,1,975.06,10,877.55
7528,2498,26,2,318.31,0,318.31
7529,2498,65,4,1604.38,0,1604.38
7530,2498,95,1,1360.9,0,1360.9
7531,2498,27,4,295.55,0,295.55
7532,2498,9,4,1107.42,0,1107.42
7533,2499,118,3,666.62,15,566.63
7534,2499,81,3,171.62,5,163.04
7535,2500,89,2,1283.76,20,1027.01
7536,2500,31,2,571.41,0,571.41
7537,2501,80,2,75.46,0,75.46
7538,2501,114,3,711.52,5,675.94
7539,2501,47,1,1826.55,0,1826.55
7540,2502,41,3,1707.07,15,1451.01
7541,2503,110,4,732.42,0,732.42
7542,2503,68,1,738.25,20,590.6
7543,2503,82,2,1060.64,20,848.51
7544,2503,18,2,1488.64,0,1488.64
7545,2504,60,4,485.33,0,485.33
7546,2504,12,4,719.76,20,575.81
7547,2505,92,4,991.45,10,892.31
7548,2505,119,4,505.7,15,429.84
7549,2506,62,2,310.74,0,310.74
7550,2506,54,4,1069.07,0,1069.07
7551,2506,93,2,142.55,15,121.17
7552,2507,45,4,906.51,20,725.21
7553,2507,84,2,411.12,5,390.56
7554,2507,36,1,1158.32,10,1042.49
7555,2507,61,2,817.65,0,817.65
7556,2507,72,2,1538.12,0,1538.12
7557,2508,36,2,1158.32,15,984.57
7558,2508,12,2,719.76,0,719.76
7559,2508,99,1,158.54,20,126.83
7560,2508,102,4,1036.41,0,1036.41
7561,2508,92,3,991.45,0,991.45
7562,2509,33,3,81.59,0,81.59
7563,2509,112,3,588.08,0,588.08
7564,2509,94,3,620.17,0,620.17
7565,2509,13,2,1655.28,0,1655.28
7566,2509,117,2,562.18,0,562.18
7567,2510,99,2,158.54,0,158.54
7568,2510,1,4,322.54,0,322.54
7569,2510,7,1,1212.38,0,1212.38
7570,2511,65,4,1604.38,5,1524.16
7571,2511,20,2,1103.14,0,1103.14
7572,2512,112,3,588.08,5,558.68
7573,2512,79,4,150.11,0,150.11
7574,2512,2,4,163.95,0,163.95
7575,2513,107,4,1079.93,15,917.94
7576,2513,102,2,1036.41,0,1036.41
7577,2513,65,2,1604.38,0,1604.38
7578,2513,75,3,403.38,0,403.38
7579,2514,54,3,1069.07,5,1015.62
7580,2514,23,3,294.57,15,250.38
7581,2514,109,2,1167.12,0,1167.12
7582,2514,70,4,36.02,5,34.22
7583,2514,53,1,854.86,15,726.63
7584,2515,106,1,136.09,10,122.48
7585,2515,112,2,588.08,20,470.46
7586,2515,69,3,754.87,10,679.38
7587,2515,23,4,294.57,0,294.57
7588,2515,27,3,295.55,5,280.77
7589,2516,120,4,619.03,0,619.03
7590,2516,113,1,392.3,5,372.69
7591,2516,86,2,1446.82,0,1446.82
7592,2516,28,1,1431.57,20,1145.26
7593,2517,38,2,1470.45,15,1249.88
7594,2517,50,4,1462.98,0,1462.98
7595,2517,6,1,1063.05,0,1063.05
7596,2517,14,2,176.35,15,149.9
7597,2517,61,4,817.65,0,817.65
7598,2518,7,4,1212.38,0,1212.38
7599,2518,66,1,773.07,15,657.11
7600,2518,106,1,136.09,5,129.29
7601,2518,104,2,497.57,0,497.57
7602,2518,37,2,533.72,20,426.98
7603,2519,30,1,459.89,0,459.89
7604,2520,50,4,1462.98,0,1462.98
7605,2521,56,3,847.46,0,847.46
7606,2521,23,3,294.57,0,294.57
7607,2521,97,1,700.41,0,700.41
7608,2521,19,1,1076.96,10,969.26
7609,2522,59,4,1073.3,0,1073.3
7610,2522,79,2,150.11,10,135.1
7611,2522,117,3,562.18,0,562.18
7612,2523,82,1,1060.64,10,954.58
7613,2524,68,1,738.25,5,701.34
7614,2524,55,4,558.58,15,474.79
7615,2524,11,1,1507.26,15,1281.17
7616,2525,24,4,769.21,0,769.21
7617,2526,54,1,1069.07,5,1015.62
7618,2526,76,3,1456.37,10,1310.73
7619,2526,3,3,157.77,0,157.77
7620,2527,107,4,1079.93,20,863.94
7621,2527,82,2,1060.64,0,1060.64
7622,2527,80,3,75.46,0,75.46
7623,2527,14,1,176.35,5,167.53
7624,2527,117,4,562.18,15,477.85
7625,2528,70,2,36.02,20,28.82
7626,2528,37,2,533.72,0,533.72
7627,2528,41,4,1707.07,0,1707.07
7628,2528,61,1,817.65,20,654.12
7629,2529,117,3,562.18,0,562.18
7630,2529,88,2,1564.93,20,1251.94
7631,2530,74,3,316.46,20,253.17
7632,2530,25,1,294.34,5,279.62
7633,2530,45,1,906.51,20,725.21
7634,2530,35,1,573.05,15,487.09
7635,2530,96,1,1186.97,15,1008.92
7636,2531,97,3,700.41,0,700.41
7637,2531,22,2,72.59,0,72.59
7638,2531,79,1,150.11,0,150.11
7639,2531,67,1,98.23,20,78.58
7640,2532,56,3,847.46,0,847.46
7641,2532,57,2,391.73,15,332.97
7642,2532,13,2,1655.28,20,1324.22
7643,2532,33,1,81.59,5,77.51
7644,2533,33,4,81.59,10,73.43
7645,2534,46,1,591.45,0,591.45
7646,2534,33,2,81.59,0,81.59
7647,2534,95,2,1360.9,0,1360.9
7648,2535,106,2,136.09,10,122.48
7649,2536,10,1,62.65,10,56.38
7650,2536,46,3,591.45,0,591.45
7651,2536,101,1,694.55,20,555.64
7652,2536,84,4,411.12,20,328.9
7653,2536,24,4,769.21,10,692.29
7654,2537,16,2,1450.72,5,1378.18
7655,2538,56,3,847.46,20,677.97
7656,2538,22,1,72.59,5,68.96
7657,2538,43,2,470.47,15,399.9
7658,2538,6,2,1063.05,0,1063.05
7659,2538,109,1,1167.12,0,1167.12
7660,2539,38,2,1470.45,0,1470.45
7661,2539,31,1,571.41,15,485.7
7662,2539,7,2,1212.38,5,1151.76
7663,2539,32,3,939.08,10,845.17
7664,2539,105,4,145.52,20,116.42
7665,2540,101,2,694.55,10,625.1
7666,2540,31,3,571.41,0,571.41
7667,2541,98,2,316.71,5,300.87
7668,2542,46,3,591.45,0,591.45
7669,2542,33,3,81.59,15,69.35
7670,2542,27,1,295.55,0,295.55
7671,2542,77,2,1305.38,0,1305.38
7672,2543,53,3,854.86,10,769.37
7673,2543,82,4,1060.64,15,901.54
7674,2543,33,2,81.59,20,65.27
7675,2543,106,2,136.09,10,122.48
7676,2543,13,1,1655.28,10,1489.75
7677,2544,104,1,497.57,20,398.06
7678,2544,3,3,157.77,15,134.1
7679,2544,43,4,470.47,15,399.9
7680,2545,43,1,470.47,20,376.38
7681,2546,16,2,1450.72,5,1378.18
7682,2546,72,4,1538.12,0,1538.12
7683,2546,17,1,961.4,0,961.4
7684,2547,7,2,1212.38,10,1091.14
7685,2547,62,1,310.74,15,264.13
7686,2547,33,1,81.59,5,77.51
7687,2547,37,1,533.72,5,507.03
7688,2547,61,3,817.65,20,654.12
7689,2548,4,2,718.58,15,610.79
7690,2549,46,3,591.45,10,532.31
7691,2549,51,4,612.81,0,612.81
7692,2549,68,4,738.25,20,590.6
7693,2550,62,3,310.74,10,279.67
7694,2550,38,4,1470.45,5,1396.93
7695,2551,1,4,322.54,5,306.41
7696,2551,57,1,391.73,20,313.38
7697,2551,18,3,1488.64,20,1190.91
7698,2551,29,4,1039.47,0,1039.47
7699,2552,19,1,1076.96,10,969.26
7700,2553,70,1,36.02,0,36.02
7701,2554,67,2,98.23,0,98.23
7702,2554,77,2,1305.38,20,1044.3
7703,2554,27,3,295.55,0,295.55
7704,2554,65,3,1604.38,0,1604.38
7705,2555,32,1,939.08,0,939.08
7706,2555,100,4,856.08,10,770.47
7707,2555,47,3,1826.55,5,1735.22
7708,2555,15,4,935.03,0,935.03
7709,2555,52,2,452.83,15,384.91
7710,2556,54,1,1069.07,0,1069.07
7711,2556,72,1,1538.12,5,1461.21
7712,2556,38,2,1470.45,5,1396.93
7713,2556,120,4,619.03,10,557.13
7714,2557,59,3,1073.3,0,1073.3
7715,2558,107,1,1079.93,0,1079.93
7716,2558,83,3,1712.06,0,1712.06
7717,2558,71,4,741.1,5,704.04
7718,2559,21,2,211.59,20,169.27
7719,2559,79,2,150.11,0,150.11
7720,2559,107,2,1079.93,10,971.94
7721,2560,31,2,571.41,15,485.7
7722,2560,77,4,1305.38,0,1305.38
7723,2560,47,3,1826.55,0,1826.55
7724,2561,77,4,1305.38,0,1305.38
7725,2561,104,3,497.57,15,422.93
7726,2562,12,1,719.76,0,719.76
7727,2563,104,3,497.57,5,472.69
7728,2563,78,3,1222.29,0,1222.29
7729,2563,63,4,364.09,0,364.09
7730,2563,107,4,1079.93,20,863.94
7731,2563,93,4,142.55,0,142.55
7732,2564,98,1,316.71,10,285.04
7733,2564,76,4,1456.37,5,1383.55
7734,2564,79,1,150.11,10,135.1
7735,2565,47,4,1826.55,20,1461.24
7736,2565,106,3,136.09,10,122.48
7737,2565,102,4,1036.41,5,984.59
7738,2566,79,1,150.11,20,120.09
7739,2566,50,1,1462.98,15,1243.53
7740,2567,99,3,158.54,0,158.54
7741,2567,88,3,1564.93,5,1486.68
7742,2568,117,4,562.18,10,505.96
7743,2568,115,1,773.15,0,773.15
7744,2569,111,1,242.17,15,205.84
7745,2569,96,4,1186.97,0,1186.97
7746,2569,3,4,157.77,10,141.99
7747,2569,38,3,1470.45,0,1470.45
7748,2569,104,1,497.57,5,472.69
7749,2570,104,4,497.57,15,422.93
7750,2570,14,4,176.35,20,141.08
7751,2571,87,4,349.08,10,314.17
7752,2572,13,2,1655.28,0,1655.28
7753,2572,50,4,1462.98,0,1462.98
7754,2572,41,3,1707.07,20,1365.66
7755,2572,65,1,1604.38,0,1604.38
7756,2572,60,1,485.33,0,485.33
7757,2573,110,4,732.42,5,695.8
7758,2573,43,1,470.47,0,470.47
7759,2573,57,4,391.73,0,391.73
7760,2573,72,4,1538.12,15,1307.4
7761,2573,118,2,666.62,10,599.96
7762,2574,71,2,741.1,20,592.88
7763,2575,108,3,34.47,15,29.3
7764,2575,16,2,1450.72,0,1450.72
7765,2575,22,1,72.59,10,65.33
7766,2575,109,4,1167.12,0,1167.12
7767,2575,63,3,364.09,0,364.09
7768,2576,87,3,349.08,0,349.08
7769,2576,72,2,1538.12,5,1461.21
7770,2576,100,2,856.08,0,856.08
7771,2577,28,4,1431.57,0,1431.57
7772,2577,59,1,1073.3,10,965.97
7773,2577,116,3,164.08,0,164.08
7774,2578,52,4,452.83,20,362.26
7775,2578,64,3,975.06,0,975.06
7776,2578,3,1,157.77,0,157.77
7777,2578,106,3,136.09,0,136.09
7778,2578,16,1,1450.72,0,1450.72
7779,2579,5,3,911.59,5,866.01
7780,2579,101,1,694.55,0,694.55
7781,2579,57,2,391.73,20,313.38
7782,2580,7,4,1212.38,0,1212.38
7783,2581,57,4,391.73,0,391.73
7784,2582,53,3,854.86,15,726.63
7785,2582,68,3,738.25,0,738.25
7786,2582,95,4,1360.9,0,1360.9
7787,2582,21,3,211.59,0,211.59
7788,2582,23,4,294.57,10,265.11
7789,2583,20,4,1103.14,15,937.67
7790,2583,115,2,773.15,20,618.52
7791,2583,111,4,242.17,5,230.06
7792,2583,48,3,1326.91,0,1326.91
7793,2583,15,4,935.03,15,794.78
7794,2584,66,4,773.07,20,618.46
7795,2584,116,2,164.08,15,139.47
7796,2584,107,4,1079.93,0,1079.93
7797,2585,108,3,34.47,0,34.47
7798,2586,96,1,1186.97,20,949.58
7799,2586,90,4,1058.02,15,899.32
7800,2586,19,4,1076.96,5,1023.11
7801,2586,46,1,591.45,10,532.31
7802,2586,83,3,1712.06,0,1712.06
7803,2587,1,4,322.54,0,322.54
7804,2587,99,2,158.54,15,134.76
7805,2587,82,1,1060.64,0,1060.64
7806,2587,14,1,176.35,0,176.35
7807,2588,49,1,1207.0,0,1207.0
7808,2588,102,1,1036.41,0,1036.41
7809,2588,8,1,741.42,5,704.35
7810,2589,109,2,1167.12,5,1108.76
7811,2589,64,1,975.06,5,926.31
7812,2589,60,1,485.33,0,485.33
7813,2589,46,4,591.45,10,532.31
7814,2590,14,3,176.35,0,176.35
7815,2590,57,4,391.73,20,313.38
7816,2590,56,3,847.46,0,847.46
7817,2590,28,4,1431.57,0,1431.57
7818,2591,93,3,142.55,0,142.55
7819,2591,78,1,1222.29,5,1161.18
7820,2591,118,4,666.62,5,633.29
7821,2591,4,4,718.58,0,718.58
7822,2591,89,2,1283.76,20,1027.01
7823,2592,5,3,911.59,0,911.59
7824,2592,19,1,1076.96,5,1023.11
7825,2592,95,2,1360.9,10,1224.81
7826,2592,45,1,906.51,0,906.51
7827,2593,40,2,370.53,0,370.53
7828,2593,54,4,1069.07,0,1069.07
7829,2593,35,3,573.05,5,544.4
7830,2593,114,4,711.52,10,640.37
7831,2593,62,2,310.74,15,264.13
7832,2594,88,2,1564.93,5,1486.68
7833,2595,3,3,157.77,15,134.1
7834,2595,51,3,612.81,0,612.81
7835,2595,89,2,1283.76,5,1219.57
7836,2595,117,1,562.18,0,562.18
7837,2595,14,3,176.35,0,176.35
7838,2596,112,2,588.08,0,588.08
7839,2596,61,1,817.65,20,654.12
7840,2596,29,4,1039.47,5,987.5
7841,2596,12,4,719.76,5,683.77
7842,2596,111,4,242.17,0,242.17
7843,2597,84,2,411.12,15,349.45
7844,2597,1,2,322.54,0,322.54
7845,2597,42,2,991.9,15,843.12
7846,2598,89,4,1283.76,10,1155.38
7847,2599,29,2,1039.47,10,935.52
7848,2599,43,4,470.47,0,470.47
7849,2599,90,4,1058.02,10,952.22
7850,2600,47,1,1826.55,0,1826.55
7851,2601,5,1,911.59,0,911.59
7852,2601,43,4,470.47,20,376.38
7853,2601,58,4,710.63,20,568.5
7854,2601,29,4,1039.47,0,1039.47
7855,2601,24,3,769.21,0,769.21
7856,2602,18,3,1488.64,0,1488.64
7857,2602,53,1,854.86,5,812.12
7858,2602,15,1,935.03,15,794.78
7859,2603,86,1,1446.82,0,1446.82
7860,2603,47,2,1826.55,10,1643.89
7861,2603,64,3,975.06,0,975.06
7862,2604,52,3,452.83,0,452.83
7863,2604,69,1,754.87,0,754.87
7864,2604,64,2,975.06,0,975.06
7865,2604,114,4,711.52,15,604.79
7866,2604,103,2,196.23,0,196.23
7867,2605,51,2,612.81,0,612.81
7868,2605,77,4,1305.38,0,1305.38
7869,2605,20,1,1103.14,5,1047.98
7870,2605,112,2,588.08,0,588.08
7871,2605,52,3,452.83,0,452.83
7872,2606,12,4,719.76,15,611.8
7873,2606,62,3,310.74,0,310.74
7874,2606,103,2,196.23,5,186.42
7875,2607,33,2,81.59,5,77.51
7876,2607,76,2,1456.37,0,1456.37
7877,2607,43,3,470.47,20,376.38
7878,2607,28,3,1431.57,10,1288.41
7879,2607,9,1,1107.42,15,941.31
7880,2608,80,4,75.46,5,71.69
7881,2609,15,3,935.03,5,888.28
7882,2609,26,1,318.31,5,302.39
7883,2610,88,3,1564.93,0,1564.93
7884,2610,49,4,1207.0,20,965.6
7885,2610,10,3,62.65,0,62.65
7886,2611,104,2,497.57,20,398.06
7887,2611,19,3,1076.96,20,861.57
7888,2612,6,1,1063.05,0,1063.05
7889,2612,95,1,1360.9,0,1360.9
7890,2612,87,1,349.08,0,349.08
7891,2612,66,4,773.07,0,773.07
7892,2613,72,3,1538.12,0,1538.12
7893,2613,69,4,754.87,20,603.9
7894,2613,35,3,573.05,10,515.75
7895,2613,6,1,1063.05,20,850.44
7896,2613,100,2,856.08,5,813.28
7897,2614,15,2,935.03,0,935.03
7898,2614,63,1,364.09,10,327.68
7899,2614,97,1,700.41,0,700.41
7900,2614,119,1,505.7,0,505.7
7901,2614,77,1,1305.38,10,1174.84
7902,2615,35,1,573.05,0,573.05
7903,2616,37,1,533.72,0,533.72
7904,2616,92,1,991.45,10,892.31
7905,2617,89,1,1283.76,0,1283.76
7906,2618,91,4,686.63,20,549.3
7907,2618,29,1,1039.47,15,883.55
7908,2618,44,2,1125.17,0,1125.17
7909,2618,83,2,1712.06,0,1712.06
7910,2619,53,4,854.86,10,769.37
7911,2620,54,2,1069.07,15,908.71
7912,2620,3,1,157.77,0,157.77
7913,2620,114,3,711.52,5,675.94
7914,2621,107,2,1079.93,10,971.94
7915,2621,55,1,558.58,0,558.58
7916,2621,100,3,856.08,10,770.47
7917,2621,34,2,1101.51,5,1046.43
7918,2622,7,3,1212.38,10,1091.14
7919,2622,59,3,1073.3,10,965.97
7920,2623,77,2,1305.38,5,1240.11
7921,2623,10,1,62.65,20,50.12
7922,2623,109,2,1167.12,0,1167.12
7923,2624,29,3,1039.47,15,883.55
7924,2624,11,4,1507.26,0,1507.26
7925,2625,88,1,1564.93,20,1251.94
7926,2625,46,4,591.45,5,561.88
7927,2625,64,3,975.06,5,926.31
7928,2625,92,1,991.45,0,991.45
7929,2626,37,3,533.72,20,426.98
7930,2627,39,2,696.94,10,627.25
7931,2628,87,1,349.08,5,331.63
7932,2628,97,3,700.41,0,700.41
7933,2628,51,1,612.81,10,551.53
7934,2628,38,4,1470.45,0,1470.45
7935,2628,84,3,411.12,0,411.12
7936,2629,99,2,158.54,0,158.54
7937,2629,17,4,961.4,0,961.4
7938,2630,115,4,773.15,5,734.49
7939,2630,94,3,620.17,0,620.17
7940,2630,71,2,741.1,5,704.04
7941,2631,115,2,773.15,15,657.18
7942,2632,47,3,1826.55,5,1735.22
7943,2632,105,3,145.52,0,145.52
7944,2632,108,4,34.47,0,34.47
7945,2632,120,1,619.03,15,526.18
7946,2632,100,3,856.08,20,684.86
7947,2633,26,1,318.31,10,286.48
7948,2633,74,2,316.46,0,316.46
7949,2633,32,3,939.08,15,798.22
7950,2633,40,3,370.53,20,296.42
7951,2633,114,2,711.52,15,604.79
7952,2634,66,1,773.07,10,695.76
7953,2634,68,2,738.25,0,738.25
7954,2634,46,4,591.45,10,532.31
7955,2634,73,4,1445.84,0,1445.84
7956,2635,79,4,150.11,20,120.09
7957,2635,26,2,318.31,5,302.39
7958,2635,23,4,294.57,15,250.38
7959,2635,48,2,1326.91,0,1326.91
7960,2636,54,2,1069.07,0,1069.07
7961,2636,69,2,754.87,5,717.13
7962,2637,30,1,459.89,10,413.9
7963,2637,116,2,164.08,10,147.67
7964,2637,33,3,81.59,0,81.59
7965,2638,107,1,1079.93,0,1079.93
7966,2638,72,2,1538.12,10,1384.31
7967,2638,106,1,136.09,0,136.09
7968,2638,96,4,1186.97,5,1127.62
7969,2639,87,1,349.08,5,331.63
7970,2640,73,3,1445.84,20,1156.67
7971,2640,38,1,1470.45,0,1470.45
7972,2641,85,3,534.69,5,507.96
7973,2641,98,2,316.71,20,253.37
7974,2641,74,3,316.46,15,268.99
7975,2641,37,2,533.72,0,533.72
7976,2642,113,3,392.3,15,333.45
7977,2643,80,1,75.46,15,64.14
7978,2643,10,2,62.65,0,62.65
7979,2644,95,1,1360.9,20,1088.72
7980,2644,90,4,1058.02,20,846.42
7981,2645,60,1,485.33,5,461.06
7982,2645,110,4,732.42,15,622.56
7983,2645,74,4,316.46,15,268.99
7984,2645,82,3,1060.64,5,1007.61
7985,2646,83,1,1712.06,15,1455.25
7986,2646,82,1,1060.64,0,1060.64
7987,2646,18,1,1488.64,0,1488.64
7988,2646,97,1,700.41,10,630.37
7989,2647,66,2,773.07,15,657.11
7990,2647,33,4,81.59,20,65.27
7991,2648,23,4,294.57,5,279.84
7992,2648,51,4,612.81,20,490.25
7993,2648,3,3,157.77,15,134.1
7994,2648,102,2,1036.41,0,1036.41
7995,2648,11,3,1507.26,0,1507.26
7996,2649,42,2,991.9,10,892.71
7997,2649,28,2,1431.57,0,1431.57
7998,2650,17,4,961.4,5,913.33
7999,2650,47,4,1826.55,20,1461.24
8000,2650,114,2,711.52,5,675.94
8001,2651,33,3,81.59,0,81.59
8002,2651,47,2,1826.55,0,1826.55
8003,2651,58,3,710.63,0,710.63
8004,2651,87,1,349.08,0,349.08
8005,2652,68,1,738.25,0,738.25
8006,2652,40,4,370.53,0,370.53
8007,2652,56,2,847.46,10,762.71
8008,2653,92,3,991.45,0,991.45
8009,2653,99,1,158.54,20,126.83
8010,2653,69,3,754.87,5,717.13
8011,2653,63,3,364.09,15,309.48
8012,2654,99,3,158.54,5,150.61
8013,2654,72,4,1538.12,0,1538.12
8014,2654,32,4,939.08,10,845.17
8015,2654,48,2,1326.91,15,1127.87
8016,2654,85,2,534.69,10,481.22
8017,2655,31,1,571.41,0,571.41
8018,2655,17,3,961.4,0,961.4
8019,2655,83,4,1712.06,0,1712.06
8020,2656,92,4,991.45,10,892.31
8021,2656,86,3,1446.82,5,1374.48
8022,2656,91,4,686.63,15,583.64
8023,2656,83,4,1712.06,10,1540.85
8024,2657,67,4,98.23,0,98.23
8025,2658,96,2,1186.97,20,949.58
8026,2658,118,3,666.62,10,599.96
8027,2658,11,3,1507.26,20,1205.81
8028,2658,112,3,588.08,20,470.46
8029,2659,18,3,1488.64,15,1265.34
8030,2659,91,4,686.63,0,686.63
8031,2659,9,2,1107.42,15,941.31
8032,2659,15,3,935.03,15,794.78
8033,2659,92,1,991.45,0,991.45
8034,2660,36,4,1158.32,0,1158.32
8035,2660,59,4,1073.3,15,912.3
8036,2660,28,2,1431.57,10,1288.41
8037,2660,64,4,975.06,20,780.05
8038,2660,63,3,364.09,0,364.09
8039,2661,80,1,75.46,15,64.14
8040,2661,113,4,392.3,10,353.07
8041,2661,64,2,975.06,20,780.05
8042,2661,87,2,349.08,0,349.08
8043,2661,60,1,485.33,10,436.8
8044,2662,3,1,157.77,0,157.77
8045,2663,23,4,294.57,15,250.38
8046,2663,65,4,1604.38,10,1443.94
8047,2663,105,1,145.52,5,138.24
8048,2664,41,3,1707.07,5,1621.72
8049,2664,11,3,1507.26,10,1356.53
8050,2665,14,1,176.35,10,158.72
8051,2665,33,4,81.59,5,77.51
8052,2665,111,1,242.17,15,205.84
8053,2666,85,1,534.69,0,534.69
8054,2667,81,4,171.62,0,171.62
8055,2667,46,3,591.45,0,591.45
8056,2667,66,2,773.07,5,734.42
8057,2668,113,4,392.3,5,372.69
8058,2668,93,3,142.55,15,121.17
8059,2668,89,2,1283.76,10,1155.38
8060,2669,105,1,145.52,0,145.52
8061,2669,67,1,98.23,5,93.32
8062,2669,26,1,318.31,10,286.48
8063,2670,20,2,1103.14,15,937.67
8064,2670,96,2,1186.97,20,949.58
8065,2670,43,3,470.47,0,470.47
8066,2670,9,2,1107.42,0,1107.42
8067,2671,56,3,847.46,15,720.34
8068,2671,60,4,485.33,15,412.53
8069,2672,64,2,975.06,5,926.31
8070,2672,57,3,391.73,10,352.56
8071,2672,28,4,1431.57,0,1431.57
8072,2672,33,1,81.59,0,81.59
8073,2673,2,3,163.95,15,139.36
8074,2674,57,4,391.73,5,372.14
8075,2674,77,1,1305.38,15,1109.57
8076,2674,12,2,719.76,20,575.81
8077,2674,33,1,81.59,20,65.27
8078,2674,1,4,322.54,0,322.54
8079,2675,77,4,1305.38,5,1240.11
8080,2675,5,4,911.59,10,820.43
8081,2675,62,4,310.74,20,248.59
8082,2675,108,3,34.47,5,32.75
8083,2675,34,2,1101.51,20,881.21
8084,2676,59,1,1073.3,20,858.64
8085,2677,38,2,1470.45,0,1470.45
8086,2677,99,4,158.54,5,150.61
8087,2678,85,1,534.69,0,534.69
8088,2678,104,2,497.57,0,497.57
8089,2678,32,2,939.08,5,892.13
8090,2678,101,3,694.55,15,590.37
8091,2678,95,2,1360.9,0,1360.9
8092,2679,69,4,754.87,5,717.13
8093,2679,58,2,710.63,0,710.63
8094,2679,94,1,620.17,5,589.16
8095,2680,98,4,316.71,0,316.71
8096,2680,12,2,719.76,15,611.8
8097,2680,96,3,1186.97,20,949.58
8098,2680,8,4,741.42,20,593.14
8099,2680,85,4,534.69,0,534.69
8100,2681,96,4,1186.97,0,1186.97
8101,2681,87,3,349.08,10,314.17
8102,2681,10,2,62.65,15,53.25
8103,2681,24,4,769.21,15,653.83
8104,2682,14,4,176.35,0,176.35
8105,2682,99,4,158.54,0,158.54
8106,2683,90,1,1058.02,10,952.22
8107,2683,39,3,696.94,0,696.94
8108,2683,33,3,81.59,5,77.51
8109,2683,29,4,1039.47,0,1039.47
8110,2684,8,4,741.42,0,741.42
8111,2685,19,1,1076.96,0,1076.96
8112,2685,92,1,991.45,5,941.88
8113,2685,119,3,505.7,0,505.7
8114,2685,16,4,1450.72,10,1305.65
8115,2686,112,1,588.08,20,470.46
8116,2686,95,3,1360.9,20,1088.72
8117,2686,104,1,497.57,0,497.57
8118,2686,92,2,991.45,15,842.73
8119,2687,98,2,316.71,20,253.37
8120,2687,111,4,242.17,15,205.84
8121,2687,115,2,773.15,10,695.84
8122,2688,47,2,1826.55,20,1461.24
8123,2688,120,3,619.03,10,557.13
8124,2688,21,4,211.59,5,201.01
8125,2688,62,4,310.74,5,295.2
8126,2689,43,3,470.47,0,470.47
8127,2690,76,4,1456.37,0,1456.37
8128,2690,75,2,403.38,15,342.87
8129,2690,92,4,991.45,10,892.31
8130,2690,99,1,158.54,0,158.54
8131,2690,5,3,911.59,15,774.85
8132,2691,24,2,769.21,10,692.29
8133,2691,106,2,136.09,0,136.09
8134,2691,62,1,310.74,0,310.74
8135,2691,2,2,163.95,5,155.75
8136,2691,7,2,1212.38,5,1151.76
8137,2692,54,1,1069.07,0,1069.07
8138,2692,3,4,157.77,20,126.22
8139,2692,21,3,211.59,0,211.59
8140,2693,64,2,975.06,15,828.8
8141,2693,62,1,310.74,10,279.67
8142,2693,11,3,1507.26,0,1507.26
8143,2694,9,3,1107.42,20,885.94
8144,2694,93,4,142.55,20,114.04
8145,2694,76,1,1456.37,5,1383.55
8146,2695,86,2,1446.82,0,1446.82
8147,2695,117,2,562.18,15,477.85
8148,2695,47,3,1826.55,0,1826.55
8149,2695,44,2,1125.17,15,956.39
8150,2696,42,4,991.9,0,991.9
8151,2696,72,1,1538.12,20,1230.5
8152,2696,63,2,364.09,20,291.27
8153,2696,86,2,1446.82,10,1302.14
8154,2696,4,2,718.58,10,646.72
8155,2697,103,3,196.23,0,196.23
8156,2697,31,4,571.41,10,514.27
8157,2698,64,2,975.06,0,975.06
8158,2698,14,4,176.35,0,176.35
8159,2698,48,4,1326.91,0,1326.91
8160,2698,93,4,142.55,10,128.3
8161,2698,115,3,773.15,20,618.52
8162,2699,35,3,573.05,0,573.05
8163,2699,53,1,854.86,5,812.12
8164,2699,36,2,1158.32,10,1042.49
8165,2699,87,2,349.08,0,349.08
8166,2700,119,1,505.7,10,455.13
8167,2701,93,1,142.55,10,128.3
8168,2701,88,4,1564.93,0,1564.93
8169,2701,7,4,1212.38,15,1030.52
8170,2702,105,1,145.52,15,123.69
8171,2702,120,3,619.03,10,557.13
8172,2702,45,1,906.51,15,770.53
8173,2703,41,1,1707.07,0,1707.07
8174,2704,72,4,1538.12,5,1461.21
8175,2705,63,4,364.09,0,364.09
8176,2705,103,2,196.23,5,186.42
8177,2705,34,4,1101.51,5,1046.43
8178,2705,33,2,81.59,20,65.27
8179,2705,64,4,975.06,20,780.05
8180,2706,50,2,1462.98,0,1462.98
8181,2706,98,2,316.71,0,316.71
8182,2706,43,4,470.47,5,446.95
8183,2707,96,2,1186.97,0,1186.97
8184,2707,74,4,316.46,10,284.81
8185,2707,53,2,854.86,0,854.86
8186,2708,118,1,666.62,10,599.96
8187,2708,115,1,773.15,0,773.15
8188,2708,22,1,72.59,0,72.59
8189,2708,65,2,1604.38,5,1524.16
8190,2709,27,4,295.55,0,295.55
8191,2709,71,3,741.1,0,741.1
8192,2709,114,1,711.52,0,711.52
8193,2710,15,3,935.03,0,935.03
8194,2710,77,3,1305.38,15,1109.57
8195,2711,33,4,81.59,0,81.59
8196,2712,4,4,718.58,0,718.58
8197,2712,80,1,75.46,0,75.46
8198,2712,62,3,310.74,10,279.67
8199,2712,111,4,242.17,5,230.06
8200,2713,53,1,854.86,10,769.37
8201,2713,49,3,1207.0,10,1086.3
8202,2714,78,1,1222.29,5,1161.18
8203,2715,63,4,364.09,5,345.89
8204,2715,93,3,142.55,0,142.55
8205,2715,30,4,459.89,15,390.91
8206,2716,68,3,738.25,15,627.51
8207,2716,45,3,906.51,5,861.18
8208,2716,58,1,710.63,0,710.63
8209,2716,104,1,497.57,20,398.06
8210,2716,39,3,696.94,0,696.94
8211,2717,102,4,1036.41,0,1036.41
8212,2717,93,4,142.55,0,142.55
8213,2717,77,3,1305.38,0,1305.38
8214,2718,62,2,310.74,5,295.2
8215,2718,33,2,81.59,0,81.59
8216,2718,36,2,1158.32,0,1158.32
8217,2719,36,4,1158.32,20,926.66
8218,2719,66,1,773.07,20,618.46
8219,2719,59,1,1073.3,10,965.97
8220,2719,57,4,391.73,0,391.73
8221,2719,48,3,1326.91,5,1260.56
8222,2720,112,2,588.08,15,499.87
8223,2720,86,2,1446.82,20,1157.46
8224,2720,69,1,754.87,15,641.64
8225,2720,109,1,1167.12,0,1167.12
8226,2720,29,3,1039.47,10,935.52
8227,2721,41,3,1707.07,0,1707.07
8228,2722,57,2,391.73,5,372.14
8229,2723,71,1,741.1,0,741.1
8230,2723,47,1,1826.55,10,1643.89
8231,2723,37,2,533.72,0,533.72
8232,2724,119,4,505.7,0,505.7
8233,2724,24,4,769.21,0,769.21
8234,2724,38,2,1470.45,0,1470.45
8235,2725,30,4,459.89,0,459.89
8236,2725,32,2,939.08,0,939.08
8237,2725,114,3,711.52,20,569.22
8238,2725,117,2,562.18,15,477.85
8239,2725,8,3,741.42,10,667.28
8240,2726,41,1,1707.07,10,1536.36
8241,2726,120,4,619.03,20,495.22
8242,2726,117,2,562.18,10,505.96
8243,2726,106,2,136.09,15,115.68
8244,2727,77,4,1305.38,0,1305.38
8245,2728,63,4,364.09,10,327.68
8246,2728,72,2,1538.12,20,1230.5
8247,2728,98,4,316.71,0,316.71
8248,2728,81,4,171.62,20,137.3
8249,2728,42,4,991.9,0,991.9
8250,2729,76,4,1456.37,5,1383.55
8251,2730,75,2,403.38,20,322.7
8252,2730,83,4,1712.06,20,1369.65
8253,2731,53,4,854.86,10,769.37
8254,2731,4,3,718.58,0,718.58
8255,2731,73,1,1445.84,20,1156.67
8256,2731,64,1,975.06,15,828.8
8257,2732,36,1,1158.32,5,1100.4
8258,2732,47,2,1826.55,10,1643.89
8259,2732,85,4,534.69,0,534.69
8260,2733,115,1,773.15,0,773.15
8261,2733,94,4,620.17,10,558.15
8262,2733,99,2,158.54,15,134.76
8263,2733,95,2,1360.9,15,1156.77
8264,2733,4,2,718.58,5,682.65
8265,2734,19,2,1076.96,0,1076.96
8266,2734,58,3,710.63,5,675.1
8267,2734,67,2,98.23,0,98.23
8268,2735,80,1,75.46,15,64.14
8269,2735,39,3,696.94,5,662.09
8270,2735,86,4,1446.82,0,1446.82
8271,2736,59,4,1073.3,0,1073.3
8272,2737,75,4,403.38,0,403.38
8273,2737,71,3,741.1,20,592.88
8274,2738,71,4,741.1,15,629.94
8275,2738,12,1,719.76,10,647.78
8276,2738,92,3,991.45,0,991.45
8277,2739,43,2,470.47,15,399.9
8278,2739,92,1,991.45,0,991.45
8279,2739,41,2,1707.07,15,1451.01
8280,2739,98,4,316.71,0,316.71
8281,2740,81,2,171.62,20,137.3
8282,2740,62,3,310.74,0,310.74
8283,2740,19,4,1076.96,15,915.42
8284,2740,56,1,847.46,0,847.46
8285,2740,67,1,98.23,20,78.58
8286,2741,110,4,732.42,10,659.18
8287,2741,6,4,1063.05,5,1009.9
8288,2742,9,2,1107.42,10,996.68
8289,2742,100,1,856.08,0,856.08
8290,2743,71,1,741.1,20,592.88
8291,2743,32,2,939.08,5,892.13
8292,2743,58,3,710.63,0,710.63
8293,2743,101,4,694.55,10,625.1
8294,2744,99,2,158.54,0,158.54
8295,2744,20,1,1103.14,0,1103.14
8296,2744,15,4,935.03,0,935.03
8297,2744,37,4,533.72,0,533.72
8298,2744,93,1,142.55,20,114.04
8299,2745,89,3,1283.76,10,1155.38
8300,2745,25,2,294.34,0,294.34
8301,2745,73,4,1445.84,10,1301.26
8302,2745,5,3,911.59,15,774.85
8303,2746,27,1,295.55,5,280.77
8304,2746,111,4,242.17,0,242.17
8305,2746,55,2,558.58,10,502.72
8306,2746,100,4,856.08,5,813.28
8307,2746,120,3,619.03,15,526.18
8308,2747,6,4,1063.05,0,1063.05
8309,2747,120,3,619.03,10,557.13
8310,2747,52,3,452.83,5,430.19
8311,2747,61,2,817.65,15,695.0
8312,2748,38,1,1470.45,0,1470.45
8313,2748,13,4,1655.28,5,1572.52
8314,2748,104,2,497.57,0,497.57
8315,2749,38,1,1470.45,0,1470.45
8316,2750,89,1,1283.76,0,1283.76
8317,2750,106,3,136.09,20,108.87
8318,2750,103,3,196.23,10,176.61
8319,2751,20,3,1103.14,20,882.51
8320,2751,28,3,1431.57,20,1145.26
8321,2751,44,4,1125.17,15,956.39
8322,2751,63,2,364.09,0,364.09
8323,2752,3,3,157.77,0,157.77
8324,2752,20,3,1103.14,0,1103.14
8325,2752,37,4,533.72,15,453.66
8326,2752,15,3,935.03,10,841.53
8327,2752,102,2,1036.41,0,1036.41
8328,2753,49,1,1207.0,5,1146.65
8329,2753,2,1,163.95,0,163.95
8330,2753,67,3,98.23,15,83.5
8331,2753,86,3,1446.82,15,1229.8
8332,2754,56,3,847.46,0,847.46
8333,2754,12,3,719.76,5,683.77
8334,2754,30,3,459.89,0,459.89
8335,2754,83,1,1712.06,0,1712.06
8336,2755,43,1,470.47,15,399.9
8337,2755,71,2,741.1,0,741.1
8338,2755,39,4,696.94,0,696.94
8339,2756,112,1,588.08,15,499.87
8340,2756,115,4,773.15,0,773.15
8341,2756,74,3,316.46,10,284.81
8342,2756,80,2,75.46,0,75.46
8343,2757,84,1,411.12,15,349.45
8344,2757,45,2,906.51,20,725.21
8345,2757,95,4,1360.9,0,1360.9
8346,2757,90,2,1058.02,5,1005.12
8347,2758,63,2,364.09,0,364.09
8348,2758,18,3,1488.64,0,1488.64
8349,2758,112,1,588.08,5,558.68
8350,2759,68,2,738.25,0,738.25
8351,2760,9,3,1107.42,20,885.94
8352,2760,101,2,694.55,0,694.55
8353,2760,98,3,316.71,15,269.2
8354,2761,81,2,171.62,15,145.88
8355,2761,107,1,1079.93,20,863.94
8356,2761,91,1,686.63,15,583.64
8357,2761,53,1,854.86,0,854.86
8358,2761,52,3,452.83,0,452.83
8359,2762,117,4,562.18,5,534.07
8360,2762,91,2,686.63,20,549.3
8361,2762,71,3,741.1,0,741.1
8362,2762,3,3,157.77,0,157.77
8363,2762,35,4,573.05,0,573.05
8364,2763,7,4,1212.38,0,1212.38
8365,2763,73,1,1445.84,5,1373.55
8366,2763,75,1,403.38,10,363.04
8367,2763,65,1,1604.38,5,1524.16
8368,2764,69,2,754.87,0,754.87
8369,2764,117,2,562.18,20,449.74
8370,2764,72,3,1538.12,5,1461.21
8371,2764,14,1,176.35,15,149.9
8372,2765,71,3,741.1,0,741.1
8373,2765,13,1,1655.28,5,1572.52
8374,2766,42,4,991.9,5,942.3
8375,2766,34,2,1101.51,0,1101.51
8376,2766,119,4,505.7,0,505.7
8377,2767,20,3,1103.14,0,1103.14
8378,2768,14,4,176.35,5,167.53
8379,2768,17,2,961.4,20,769.12
8380,2768,57,2,391.73,20,313.38
8381,2768,52,3,452.83,5,430.19
8382,2769,40,1,370.53,15,314.95
8383,2769,63,4,364.09,0,364.09
8384,2769,36,4,1158.32,0,1158.32
8385,2769,47,2,1826.55,0,1826.55
8386,2769,5,3,911.59,20,729.27
8387,2770,13,3,1655.28,0,1655.28
8388,2770,120,4,619.03,20,495.22
8389,2770,55,1,558.58,0,558.58
8390,2770,5,3,911.59,5,866.01
8391,2771,115,4,773.15,0,773.15
8392,2772,109,3,1167.12,0,1167.12
8393,2773,48,2,1326.91,5,1260.56
8394,2774,37,2,533.72,10,480.35
8395,2774,45,4,906.51,15,770.53
8396,2774,88,3,1564.93,15,1330.19
8397,2775,33,1,81.59,20,65.27
8398,2775,12,2,719.76,15,611.8
8399,2775,85,4,534.69,10,481.22
8400,2776,33,4,81.59,20,65.27
8401,2777,18,2,1488.64,5,1414.21
8402,2777,3,2,157.77,10,141.99
8403,2777,78,4,1222.29,0,1222.29
8404,2777,25,2,294.34,0,294.34
8405,2778,105,4,145.52,0,145.52
8406,2778,61,4,817.65,0,817.65
8407,2779,40,4,370.53,0,370.53
8408,2780,1,4,322.54,15,274.16
8409,2780,102,1,1036.41,0,1036.41
8410,2780,22,3,72.59,0,72.59
8411,2781,20,3,1103.14,5,1047.98
8412,2781,42,1,991.9,10,892.71
8413,2781,46,2,591.45,0,591.45
8414,2782,93,2,142.55,10,128.3
8415,2782,20,3,1103.14,0,1103.14
8416,2782,107,3,1079.93,0,1079.93
8417,2782,12,1,719.76,20,575.81
8418,2783,74,3,316.46,0,316.46
8419,2784,112,3,588.08,20,470.46
8420,2784,81,2,171.62,20,137.3
8421,2785,44,1,1125.17,10,1012.65
8422,2785,1,3,322.54,15,274.16
8423,2785,48,2,1326.91,15,1127.87
8424,2785,52,1,452.83,5,430.19
8425,2786,61,2,817.65,5,776.77
8426,2786,10,2,62.65,0,62.65
8427,2787,5,2,911.59,15,774.85
8428,2787,89,2,1283.76,5,1219.57
8429,2787,85,1,534.69,15,454.49
8430,2788,20,4,1103.14,0,1103.14
8431,2788,53,4,854.86,0,854.86
8432,2789,20,4,1103.14,0,1103.14
8433,2789,113,4,392.3,5,372.69
8434,2790,57,3,391.73,10,352.56
8435,2790,38,1,1470.45,10,1323.4
8436,2790,56,3,847.46,20,677.97
8437,2790,113,4,392.3,10,353.07
8438,2791,82,3,1060.64,10,954.58
8439,2791,91,2,686.63,10,617.97
8440,2791,59,3,1073.3,0,1073.3
8441,2791,97,2,700.41,20,560.33
8442,2792,26,4,318.31,5,302.39
8443,2793,82,2,1060.64,20,848.51
8444,2793,114,4,711.52,5,675.94
8445,2793,64,3,975.06,15,828.8
8446,2794,113,2,392.3,5,372.69
8447,2794,1,4,322.54,5,306.41
8448,2794,117,2,562.18,20,449.74
8449,2794,88,2,1564.93,0,1564.93
8450,2794,43,2,470.47,0,470.47
8451,2795,16,2,1450.72,20,1160.58
8452,2795,116,1,164.08,5,155.88
8453,2795,92,4,991.45,10,892.31
8454,2795,100,1,856.08,0,856.08
8455,2796,39,2,696.94,10,627.25
8456,2796,6,2,1063.05,0,1063.05
8457,2797,14,3,176.35,20,141.08
8458,2797,84,1,411.12,10,370.01
8459,2798,14,4,176.35,5,167.53
8460,2799,70,2,36.02,0,36.02
8461,2799,105,4,145.52,0,145.52
8462,2799,2,1,163.95,20,131.16
8463,2800,112,2,588.08,10,529.27
8464,2801,108,3,34.47,0,34.47
8465,2801,89,1,1283.76,0,1283.76
8466,2801,95,3,1360.9,0,1360.9
8467,2801,118,2,666.62,10,599.96
8468,2801,79,4,150.11,10,135.1
8469,2802,47,4,1826.55,0,1826.55
8470,2803,104,3,497.57,10,447.81
8471,2803,12,1,719.76,0,719.76
8472,2803,111,4,242.17,20,193.74
8473,2804,2,2,163.95,0,163.95
8474,2804,65,4,1604.38,0,1604.38
8475,2804,54,1,1069.07,0,1069.07
8476,2804,109,4,1167.12,0,1167.12
8477,2805,53,2,854.86,20,683.89
8478,2805,117,2,562.18,0,562.18
8479,2806,71,2,741.1,0,741.1
8480,2806,82,1,1060.64,15,901.54
8481,2806,78,2,1222.29,20,977.83
8482,2806,17,4,961.4,15,817.19
8483,2807,102,2,1036.41,0,1036.41
8484,2808,54,2,1069.07,0,1069.07
8485,2809,68,3,738.25,0,738.25
8486,2810,42,4,991.9,20,793.52
8487,2811,114,1,711.52,5,675.94
8488,2811,75,2,403.38,15,342.87
8489,2811,64,1,975.06,0,975.06
8490,2811,119,4,505.7,15,429.84
8491,2811,84,3,411.12,0,411.12
8492,2812,68,3,738.25,0,738.25
8493,2812,51,2,612.81,5,582.17
8494,2812,54,1,1069.07,20,855.26
8495,2812,120,4,619.03,10,557.13
8496,2813,15,1,935.03,5,888.28
8497,2813,38,2,1470.45,5,1396.93
8498,2814,7,4,1212.38,0,1212.38
8499,2814,68,3,738.25,20,590.6
8500,2815,75,2,403.38,10,363.04
8501,2815,3,1,157.77,10,141.99
8502,2816,4,1,718.58,0,718.58
8503,2816,117,4,562.18,0,562.18
8504,2817,102,2,1036.41,15,880.95
8505,2817,6,3,1063.05,5,1009.9
8506,2817,62,3,310.74,10,279.67
8507,2817,1,3,322.54,15,274.16
8508,2818,80,2,75.46,0,75.46
8509,2818,67,2,98.23,0,98.23
8510,2818,92,4,991.45,0,991.45
8511,2818,69,1,754.87,0,754.87
8512,2819,20,2,1103.14,0,1103.14
8513,2819,77,2,1305.38,10,1174.84
8514,2820,86,3,1446.82,0,1446.82
8515,2820,87,1,349.08,0,349.08
8516,2820,23,3,294.57,10,265.11
8517,2820,99,2,158.54,10,142.69
8518,2821,63,3,364.09,0,364.09
8519,2821,99,2,158.54,15,134.76
8520,2821,114,1,711.52,10,640.37
8521,2822,52,3,452.83,5,430.19
8522,2822,101,1,694.55,0,694.55
8523,2822,40,4,370.53,20,296.42
8524,2822,47,2,1826.55,15,1552.57
8525,2822,77,3,1305.38,20,1044.3
8526,2823,28,2,1431.57,5,1359.99
8527,2823,52,3,452.83,0,452.83
8528,2823,53,3,854.86,15,726.63
8529,2823,77,1,1305.38,0,1305.38
8530,2824,70,3,36.02,0,36.02
8531,2824,32,1,939.08,20,751.26
8532,2824,64,4,975.06,15,828.8
8533,2825,5,2,911.59,0,911.59
8534,2825,79,4,150.11,20,120.09
8535,2825,75,2,403.38,0,403.38
8536,2825,7,1,1212.38,20,969.9
8537,2826,99,1,158.54,0,158.54
8538,2826,47,2,1826.55,0,1826.55
8539,2827,15,3,935.03,15,794.78
8540,2827,104,4,497.57,10,447.81
8541,2828,34,1,1101.51,0,1101.51
8542,2828,3,4,157.77,0,157.77
8543,2828,15,1,935.03,10,841.53
8544,2828,7,2,1212.38,0,1212.38
8545,2829,24,4,769.21,0,769.21
8546,2829,1,2,322.54,20,258.03
8547,2829,109,4,1167.12,0,1167.12
8548,2830,27,2,295.55,20,236.44
8549,2830,10,4,62.65,5,59.52
8550,2830,50,2,1462.98,0,1462.98
8551,2830,96,1,1186.97,5,1127.62
8552,2830,36,1,1158.32,0,1158.32
8553,2831,116,2,164.08,0,164.08
8554,2832,1,1,322.54,5,306.41
8555,2833,89,4,1283.76,0,1283.76
8556,2834,102,3,1036.41,0,1036.41
8557,2834,75,3,403.38,20,322.7
8558,2834,38,1,1470.45,10,1323.4
8559,2834,41,3,1707.07,0,1707.07
8560,2834,60,1,485.33,10,436.8
8561,2835,1,3,322.54,5,306.41
8562,2836,103,3,196.23,0,196.23
8563,2836,104,4,497.57,0,497.57
8564,2836,30,3,459.89,10,413.9
8565,2836,82,3,1060.64,0,1060.64
8566,2837,103,2,196.23,0,196.23
8567,2837,56,1,847.46,0,847.46
8568,2837,31,1,571.41,0,571.41
8569,2837,47,2,1826.55,20,1461.24
8570,2838,101,1,694.55,5,659.82
8571,2838,97,4,700.41,0,700.41
8572,2838,49,4,1207.0,0,1207.0
8573,2838,62,2,310.74,0,310.74
8574,2838,13,2,1655.28,0,1655.28
8575,2839,114,4,711.52,0,711.52
8576,2839,58,1,710.63,15,604.04
8577,2839,57,3,391.73,10,352.56
8578,2840,48,4,1326.91,0,1326.91
8579,2841,44,4,1125.17,20,900.14
8580,2841,25,4,294.34,15,250.19
8581,2841,20,3,1103.14,0,1103.14
8582,2841,17,4,961.4,0,961.4
8583,2842,68,1,738.25,5,701.34
8584,2842,60,2,485.33,0,485.33
8585,2842,117,4,562.18,0,562.18
8586,2843,111,1,242.17,0,242.17
8587,2843,15,2,935.03,15,794.78
8588,2843,12,3,719.76,0,719.76
8589,2844,38,3,1470.45,0,1470.45
8590,2844,90,3,1058.02,5,1005.12
8591,2845,28,2,1431.57,5,1359.99
8592,2845,10,1,62.65,15,53.25
8593,2845,118,4,666.62,20,533.3
8594,2845,87,3,349.08,0,349.08
8595,2846,115,4,773.15,10,695.84
8596,2846,119,3,505.7,0,505.7
8597,2846,1,3,322.54,15,274.16
8598,2846,88,1,1564.93,10,1408.44
8599,2846,53,3,854.86,5,812.12
8600,2847,25,3,294.34,0,294.34
8601,2848,84,1,411.12,5,390.56
8602,2849,114,1,711.52,5,675.94
8603,2849,117,1,562.18,0,562.18
8604,2849,12,1,719.76,0,719.76
8605,2849,60,1,485.33,15,412.53
8606,2850,58,2,710.63,20,568.5
8607,2850,28,1,1431.57,15,1216.83
8608,2851,81,2,171.62,0,171.62
8609,2851,107,2,1079.93,0,1079.93
8610,2851,84,4,411.12,10,370.01
8611,2851,12,4,719.76,0,719.76
8612,2851,59,4,1073.3,0,1073.3
8613,2852,4,1,718.58,10,646.72
8614,2853,86,3,1446.82,0,1446.82
8615,2854,100,1,856.08,15,727.67
8616,2854,52,4,452.83,10,407.55
8617,2855,110,1,732.42,0,732.42
8618,2855,38,4,1470.45,20,1176.36
8619,2856,27,2,295.55,0,295.55
8620,2856,35,1,573.05,20,458.44
8621,2856,98,1,316.71,0,316.71
8622,2857,41,4,1707.07,5,1621.72
8623,2857,113,2,392.3,0,392.3
8624,2857,38,2,1470.45,0,1470.45
8625,2857,85,2,534.69,20,427.75
8626,2858,83,4,1712.06,0,1712.06
8627,2859,96,1,1186.97,5,1127.62
8628,2859,10,3,62.65,5,59.52
8629,2860,29,3,1039.47,0,1039.47
8630,2861,79,3,150.11,15,127.59
8631,2861,20,4,1103.14,5,1047.98
8632,2861,31,3,571.41,0,571.41
8633,2862,109,4,1167.12,0,1167.12
8634,2863,33,2,81.59,0,81.59
8635,2863,42,4,991.9,20,793.52
8636,2863,25,3,294.34,10,264.91
8637,2863,98,3,316.71,0,316.71
8638,2864,5,3,911.59,0,911.59
8639,2864,100,1,856.08,15,727.67
8640,2864,42,2,991.9,5,942.3
8641,2864,83,1,1712.06,0,1712.06
8642,2865,83,2,1712.06,15,1455.25
8643,2865,55,1,558.58,20,446.86
8644,2865,96,1,1186.97,5,1127.62
8645,2866,77,4,1305.38,10,1174.84
8646,2866,109,4,1167.12,10,1050.41
8647,2866,88,3,1564.93,5,1486.68
8648,2866,6,4,1063.05,0,1063.05
8649,2866,82,1,1060.64,10,954.58
8650,2867,30,3,459.89,15,390.91
8651,2867,2,3,163.95,15,139.36
8652,2867,36,3,1158.32,5,1100.4
8653,2867,14,3,176.35,20,141.08
8654,2867,90,4,1058.02,0,1058.02
8655,2868,35,2,573.05,0,573.05
8656,2868,90,4,1058.02,0,1058.02
8657,2869,98,1,316.71,15,269.2
8658,2869,78,4,1222.29,10,1100.06
8659,2869,62,3,310.74,0,310.74
8660,2869,5,3,911.59,20,729.27
8661,2870,10,4,62.65,20,50.12
8662,2870,86,3,1446.82,0,1446.82
8663,2871,1,2,322.54,5,306.41
8664,2871,102,1,1036.41,0,1036.41
8665,2871,73,1,1445.84,10,1301.26
8666,2872,80,4,75.46,0,75.46
8667,2872,51,1,612.81,15,520.89
8668,2872,72,3,1538.12,0,1538.12
8669,2873,3,3,157.77,0,157.77
8670,2873,42,3,991.9,5,942.3
8671,2873,93,2,142.55,10,128.3
8672,2873,101,1,694.55,10,625.1
8673,2873,85,3,534.69,5,507.96
8674,2874,50,1,1462.98,5,1389.83
8675,2874,51,2,612.81,15,520.89
8676,2875,78,1,1222.29,5,1161.18
8677,2875,82,1,1060.64,0,1060.64
8678,2875,115,3,773.15,20,618.52
8679,2875,23,3,294.57,0,294.57
8680,2875,37,4,533.72,0,533.72
8681,2876,66,1,773.07,10,695.76
8682,2876,83,1,1712.06,5,1626.46
8683,2876,115,2,773.15,0,773.15
8684,2876,79,1,150.11,0,150.11
8685,2877,59,3,1073.3,10,965.97
8686,2878,113,2,392.3,20,313.84
8687,2878,71,2,741.1,0,741.1
8688,2879,11,3,1507.26,5,1431.9
8689,2879,24,4,769.21,5,730.75
8690,2880,45,2,906.51,10,815.86
8691,2880,1,3,322.54,20,258.03
8692,2881,16,4,1450.72,15,1233.11
8693,2881,55,1,558.58,0,558.58
8694,2881,23,1,294.57,0,294.57
8695,2881,89,3,1283.76,20,1027.01
8696,2882,64,4,975.06,0,975.06
8697,2882,84,2,411.12,0,411.12
8698,2883,84,4,411.12,20,328.9
8699,2883,63,3,364.09,0,364.09
8700,2883,30,1,459.89,15,390.91
8701,2884,93,3,142.55,0,142.55
8702,2884,20,1,1103.14,5,1047.98
8703,2884,2,2,163.95,5,155.75
8704,2885,15,4,935.03,0,935.03
8705,2885,48,3,1326.91,0,1326.91
8706,2885,84,3,411.12,0,411.12
8707,2886,73,3,1445.84,0,1445.84
8708,2886,18,1,1488.64,20,1190.91
8709,2886,85,3,534.69,0,534.69
8710,2887,63,2,364.09,5,345.89
8711,2887,64,3,975.06,15,828.8
8712,2887,78,2,1222.29,5,1161.18
8713,2887,103,2,196.23,5,186.42
8714,2887,91,3,686.63,5,652.3
8715,2888,29,1,1039.47,5,987.5
8716,2888,67,1,98.23,0,98.23
8717,2889,20,1,1103.14,15,937.67
8718,2889,11,1,1507.26,0,1507.26
8719,2889,31,2,571.41,0,571.41
8720,2889,42,1,991.9,0,991.9
8721,2889,14,4,176.35,0,176.35
8722,2890,48,1,1326.91,0,1326.91
8723,2890,98,3,316.71,5,300.87
8724,2891,36,3,1158.32,15,984.57
8725,2891,68,1,738.25,0,738.25
8726,2891,107,2,1079.93,0,1079.93
8727,2891,100,2,856.08,0,856.08
8728,2891,105,2,145.52,20,116.42
8729,2892,117,4,562.18,20,449.74
8730,2892,5,2,911.59,10,820.43
8731,2893,114,4,711.52,0,711.52
8732,2893,91,3,686.63,0,686.63
8733,2893,111,1,242.17,0,242.17
8734,2894,2,4,163.95,10,147.56
8735,2894,68,2,738.25,5,701.34
8736,2894,46,2,591.45,0,591.45
8737,2894,72,2,1538.12,0,1538.12
8738,2895,105,2,145.52,5,138.24
8739,2895,95,1,1360.9,10,1224.81
8740,2895,71,1,741.1,10,666.99
8741,2895,24,2,769.21,5,730.75
8742,2896,48,1,1326.91,10,1194.22
8743,2897,10,4,62.65,20,50.12
8744,2897,119,3,505.7,0,505.7
8745,2898,70,2,36.02,10,32.42
8746,2898,72,1,1538.12,0,1538.12
8747,2898,101,4,694.55,15,590.37
8748,2898,99,3,158.54,15,134.76
8749,2898,103,4,196.23,15,166.8
8750,2899,70,1,36.02,0,36.02
8751,2899,16,2,1450.72,5,1378.18
8752,2900,86,3,1446.82,10,1302.14
8753,2901,51,3,612.81,0,612.81
8754,2901,22,3,72.59,0,72.59
8755,2901,40,4,370.53,20,296.42
8756,2902,113,2,392.3,0,392.3
8757,2902,2,3,163.95,15,139.36
8758,2902,42,2,991.9,20,793.52
8759,2902,117,2,562.18,0,562.18
8760,2903,93,1,142.55,15,121.17
8761,2903,13,2,1655.28,10,1489.75
8762,2903,86,2,1446.82,10,1302.14
8763,2903,16,3,1450.72,0,1450.72
8764,2903,100,2,856.08,15,727.67
8765,2904,36,2,1158.32,0,1158.32
8766,2904,63,4,364.09,15,309.48
8767,2904,62,3,310.74,0,310.74
8768,2904,76,4,1456.37,0,1456.37
8769,2904,71,3,741.1,5,704.04
8770,2905,13,2,1655.28,0,1655.28
8771,2905,42,1,991.9,5,942.3
8772,2905,114,1,711.52,5,675.94
8773,2906,54,1,1069.07,15,908.71
8774,2906,88,4,1564.93,0,1564.93
8775,2906,115,2,773.15,0,773.15
8776,2906,64,1,975.06,10,877.55
8777,2907,92,4,991.45,15,842.73
8778,2908,14,3,176.35,0,176.35
8779,2909,4,2,718.58,5,682.65
8780,2909,77,2,1305.38,15,1109.57
8781,2910,108,2,34.47,0,34.47
8782,2911,30,4,459.89,5,436.9
8783,2912,10,4,62.65,10,56.38
8784,2912,60,2,485.33,0,485.33
8785,2912,2,4,163.95,0,163.95
8786,2912,100,2,856.08,0,856.08
8787,2912,28,1,1431.57,0,1431.57
8788,2913,67,4,98.23,0,98.23
8789,2913,17,1,961.4,5,913.33
8790,2913,6,2,1063.05,20,850.44
8791,2914,58,2,710.63,0,710.63
8792,2914,89,4,1283.76,10,1155.38
8793,2914,39,3,696.94,5,662.09
8794,2915,19,3,1076.96,0,1076.96
8795,2915,47,4,1826.55,0,1826.55
8796,2916,74,1,316.46,0,316.46
8797,2916,85,2,534.69,5,507.96
8798,2917,80,1,75.46,20,60.37
8799,2917,82,4,1060.64,0,1060.64
8800,2917,16,1,1450.72,10,1305.65
8801,2917,17,3,961.4,5,913.33
8802,2918,105,2,145.52,0,145.52
8803,2918,85,3,534.69,0,534.69
8804,2918,78,1,1222.29,10,1100.06
8805,2918,3,4,157.77,10,141.99
8806,2918,109,3,1167.12,0,1167.12
8807,2919,56,4,847.46,15,720.34
8808,2919,42,1,991.9,20,793.52
8809,2919,91,4,686.63,0,686.63
8810,2920,24,3,769.21,0,769.21
8811,2920,5,3,911.59,0,911.59
8812,2920,41,3,1707.07,15,1451.01
8813,2921,54,3,1069.07,0,1069.07
8814,2921,62,2,310.74,0,310.74
8815,2921,103,1,196.23,15,166.8
8816,2922,83,2,1712.06,0,1712.06
8817,2922,64,1,975.06,0,975.06
8818,2922,103,2,196.23,0,196.23
8819,2922,41,1,1707.07,0,1707.07
8820,2923,45,1,906.51,5,861.18
8821,2924,3,3,157.77,20,126.22
8822,2924,74,3,316.46,5,300.64
8823,2924,10,3,62.65,0,62.65
8824,2924,108,3,34.47,0,34.47
8825,2925,2,1,163.95,0,163.95
8826,2926,3,3,157.77,15,134.1
8827,2927,33,4,81.59,5,77.51
8828,2927,109,2,1167.12,0,1167.12
8829,2927,46,4,591.45,0,591.45
8830,2927,80,2,75.46,0,75.46
8831,2928,3,2,157.77,20,126.22
8832,2928,37,3,533.72,5,507.03
8833,2928,115,4,773.15,0,773.15
8834,2928,71,3,741.1,5,704.04
8835,2929,8,1,741.42,15,630.21
8836,2929,11,4,1507.26,10,1356.53
8837,2929,25,3,294.34,15,250.19
8838,2929,68,1,738.25,0,738.25
8839,2930,15,4,935.03,0,935.03
8840,2930,22,2,72.59,15,61.7
8841,2930,86,3,1446.82,0,1446.82
8842,2930,115,1,773.15,0,773.15
8843,2930,14,3,176.35,10,158.72
8844,2931,40,2,370.53,0,370.53
8845,2932,3,1,157.77,20,126.22
8846,2932,57,4,391.73,0,391.73
8847,2932,112,1,588.08,15,499.87
8848,2933,88,4,1564.93,20,1251.94
8849,2933,36,4,1158.32,0,1158.32
8850,2933,62,1,310.74,15,264.13
8851,2933,103,1,196.23,15,166.8
8852,2934,100,2,856.08,15,727.67
8853,2934,106,2,136.09,0,136.09
8854,2935,59,3,1073.3,0,1073.3
8855,2935,52,4,452.83,0,452.83
8856,2935,61,4,817.65,10,735.88
8857,2935,8,3,741.42,0,741.42
8858,2935,21,3,211.59,5,201.01
8859,2936,54,2,1069.07,0,1069.07
8860,2936,37,3,533.72,0,533.72
8861,2936,47,2,1826.55,0,1826.55
8862,2936,98,1,316.71,20,253.37
8863,2936,83,1,1712.06,20,1369.65
8864,2937,111,2,242.17,0,242.17
8865,2937,57,3,391.73,20,313.38
8866,2938,120,2,619.03,20,495.22
8867,2938,92,4,991.45,15,842.73
8868,2938,77,3,1305.38,10,1174.84
8869,2938,105,1,145.52,15,123.69
8870,2939,118,3,666.62,0,666.62
8871,2939,107,1,1079.93,10,971.94
8872,2939,39,3,696.94,5,662.09
8873,2940,109,3,1167.12,5,1108.76
8874,2940,98,2,316.71,20,253.37
8875,2940,111,2,242.17,15,205.84
8876,2941,72,4,1538.12,10,1384.31
8877,2941,95,1,1360.9,15,1156.77
8878,2941,108,4,34.47,20,27.58
8879,2942,62,4,310.74,5,295.2
8880,2942,51,3,612.81,20,490.25
8881,2943,61,1,817.65,0,817.65
8882,2943,119,2,505.7,0,505.7
8883,2943,27,2,295.55,0,295.55
8884,2943,58,1,710.63,10,639.57
8885,2943,68,1,738.25,20,590.6
8886,2944,59,4,1073.3,0,1073.3
8887,2944,16,4,1450.72,5,1378.18
8888,2944,55,4,558.58,5,530.65
8889,2944,17,4,961.4,15,817.19
8890,2944,109,4,1167.12,20,933.7
8891,2945,89,1,1283.76,10,1155.38
8892,2946,77,2,1305.38,0,1305.38
8893,2947,49,3,1207.0,0,1207.0
8894,2947,108,3,34.47,10,31.02
8895,2948,27,4,295.55,20,236.44
8896,2948,15,1,935.03,10,841.53
8897,2948,58,3,710.63,5,675.1
8898,2948,56,4,847.46,0,847.46
8899,2948,111,1,242.17,0,242.17
8900,2949,109,2,1167.12,20,933.7
8901,2949,84,4,411.12,5,390.56
8902,2949,56,1,847.46,15,720.34
8903,2950,110,4,732.42,5,695.8
8904,2950,36,4,1158.32,20,926.66
8905,2950,101,1,694.55,0,694.55
8906,2951,46,4,591.45,20,473.16
8907,2952,119,1,505.7,15,429.84
8908,2952,8,1,741.42,0,741.42
8909,2952,18,3,1488.64,0,1488.64
8910,2952,47,3,1826.55,10,1643.89
8911,2953,5,3,911.59,5,866.01
8912,2953,82,3,1060.64,0,1060.64
8913,2953,107,3,1079.93,5,1025.93
8914,2954,63,3,364.09,15,309.48
8915,2954,34,3,1101.51,0,1101.51
8916,2955,94,4,620.17,5,589.16
8917,2955,44,4,1125.17,0,1125.17
8918,2955,91,2,686.63,20,549.3
8919,2956,89,1,1283.76,15,1091.2
8920,2956,35,3,573.05,0,573.05
8921,2956,24,3,769.21,0,769.21
8922,2957,88,4,1564.93,0,1564.93
8923,2958,119,2,505.7,5,480.41
8924,2958,94,4,620.17,10,558.15
8925,2958,61,3,817.65,15,695.0
8926,2958,17,4,961.4,0,961.4
8927,2959,75,4,403.38,20,322.7
8928,2959,35,4,573.05,0,573.05
8929,2959,108,2,34.47,5,32.75
8930,2959,111,4,242.17,20,193.74
8931,2959,21,1,211.59,20,169.27
8932,2960,100,4,856.08,15,727.67
8933,2960,60,3,485.33,0,485.33
8934,2961,23,3,294.57,0,294.57
8935,2961,83,3,1712.06,0,1712.06
8936,2961,116,1,164.08,5,155.88
8937,2961,99,4,158.54,20,126.83
8938,2961,77,1,1305.38,5,1240.11
8939,2962,29,4,1039.47,15,883.55
8940,2962,62,3,310.74,0,310.74
8941,2962,64,3,975.06,5,926.31
8942,2963,54,3,1069.07,10,962.16
8943,2964,76,1,1456.37,5,1383.55
8944,2965,88,3,1564.93,0,1564.93
8945,2965,55,4,558.58,20,446.86
8946,2966,44,2,1125.17,0,1125.17
8947,2966,78,1,1222.29,0,1222.29
8948,2967,78,4,1222.29,10,1100.06
8949,2967,10,1,62.65,5,59.52
8950,2967,45,2,906.51,0,906.51
8951,2967,55,1,558.58,5,530.65
8952,2968,3,1,157.77,0,157.77
8953,2969,97,3,700.41,20,560.33
8954,2969,109,1,1167.12,0,1167.12
8955,2970,99,3,158.54,0,158.54
8956,2970,62,2,310.74,20,248.59
8957,2971,74,3,316.46,10,284.81
8958,2971,111,3,242.17,0,242.17
8959,2971,92,1,991.45,0,991.45
8960,2971,23,4,294.57,15,250.38
8961,2972,82,1,1060.64,15,901.54
8962,2972,46,2,591.45,10,532.31
8963,2972,117,3,562.18,5,534.07
8964,2972,79,3,150.11,0,150.11
8965,2972,16,2,1450.72,0,1450.72
8966,2973,70,2,36.02,10,32.42
8967,2974,77,4,1305.38,0,1305.38
8968,2974,116,3,164.08,0,164.08
8969,2974,13,1,1655.28,15,1406.99
8970,2974,34,2,1101.51,0,1101.51
8971,2975,106,1,136.09,0,136.09
8972,2975,30,4,459.89,5,436.9
8973,2976,83,2,1712.06,10,1540.85
8974,2976,75,3,403.38,20,322.7
8975,2976,33,2,81.59,10,73.43
8976,2976,20,2,1103.14,15,937.67
8977,2977,46,3,591.45,0,591.45
8978,2977,113,3,392.3,5,372.69
8979,2977,111,2,242.17,5,230.06
8980,2977,87,4,349.08,0,349.08
8981,2978,81,3,171.62,0,171.62
8982,2978,71,2,741.1,0,741.1
8983,2978,100,2,856.08,20,684.86
8984,2979,61,1,817.65,5,776.77
8985,2979,102,2,1036.41,20,829.13
8986,2979,18,1,1488.64,5,1414.21
8987,2979,88,2,1564.93,0,1564.93
8988,2980,108,3,34.47,0,34.47
8989,2981,21,4,211.59,10,190.43
8990,2981,55,2,558.58,0,558.58
8991,2982,87,2,349.08,15,296.72
8992,2982,100,4,856.08,0,856.08
8993,2982,90,4,1058.02,10,952.22
8994,2983,98,2,316.71,15,269.2
8995,2983,91,3,686.63,20,549.3
8996,2983,63,1,364.09,20,291.27
8997,2983,76,2,1456.37,20,1165.1
8998,2984,56,4,847.46,0,847.46
8999,2984,57,4,391.73,20,313.38
9000,2984,22,4,72.59,10,65.33
9001,2984,65,1,1604.38,0,1604.38
9002,2984,63,3,364.09,0,364.09
9003,2985,49,2,1207.0,10,1086.3
9004,2985,91,4,686.63,20,549.3
9005,2985,112,4,588.08,0,588.08
9006,2985,110,2,732.42,20,585.94
9007,2986,13,4,1655.28,0,1655.28
9008,2986,96,1,1186.97,15,1008.92
9009,2986,41,1,1707.07,0,1707.07
9010,2987,37,1,533.72,0,533.72
9011,2988,91,1,686.63,5,652.3
9012,2989,73,1,1445.84,0,1445.84
9013,2990,100,2,856.08,5,813.28
9014,2990,103,1,196.23,0,196.23
9015,2990,36,4,1158.32,0,1158.32
9016,2990,32,4,939.08,10,845.17
9017,2990,101,1,694.55,0,694.55
9018,2991,51,1,612.81,0,612.81
9019,2991,29,2,1039.47,0,1039.47
9020,2991,103,2,196.23,0,196.23
9021,2991,46,1,591.45,0,591.45
9022,2991,41,1,1707.07,15,1451.01
9023,2992,66,4,773.07,5,734.42
9024,2992,39,2,696.94,0,696.94
9025,2992,48,2,1326.91,5,1260.56
9026,2993,89,1,1283.76,15,1091.2
9027,2994,86,4,1446.82,0,1446.82
9028,2995,25,4,294.34,0,294.34
9029,2995,12,4,719.76,0,719.76
9030,2995,116,1,164.08,0,164.08
9031,2995,58,1,710.63,15,604.04
9032,2995,47,4,1826.55,0,1826.55
9033,2996,28,4,1431.57,20,1145.26
9034,2996,31,1,571.41,0,571.41
9035,2996,107,1,1079.93,0,1079.93
9036,2996,77,3,1305.38,10,1174.84
9037,2997,53,1,854.86,20,683.89
9038,2997,21,2,211.59,20,169.27
9039,2998,93,3,142.55,0,142.55
9040,2998,87,1,349.08,5,331.63
9041,2999,27,4,295.55,0,295.55
9042,3000,109,4,1167.12,5,1108.76
9043,3000,89,1,1283.76,0,1283.76
9044,3000,76,3,1456.37,20,1165.1
