venda_id,data_venda,cliente_id,vendedor_id,canal_venda,forma_pagamento,status
1,2024-02-12,496,11,Loja Física,PIX,Concluída
2,2024-08-12,401,8,Loja Física,Cartão de Crédito,Concluída
3,2024-01-09,59,19,Loja Física,Cartão de Débito,Concluída
4,2024-07-17,14,15,Marketplace,Cartão de Crédito,Concluída
5,2024-12-10,36,14,Site,Cartão de Crédito,Concluída
6,2023-09-16,338,5,Site,Boleto,Concluída
7,2024-09-04,246,19,Site,PIX,Concluída
8,2024-12-09,215,18,Loja Física,Cartão de Débito,Concluída
9,2024-07-03,305,3,Loja Física,Cartão de Crédito,Concluída
10,2023-06-20,332,20,Loja Física,Cartão de Débito,Concluída
11,2024-02-14,496,11,Marketplace,Cartão de Crédito,Concluída
12,2023-09-22,114,17,Site,PIX,Concluída
13,2023-08-15,229,12,Site,Boleto,Concluída
14,2024-05-27,78,12,Marketplace,Cartão de Crédito,Concluída
15,2023-03-29,60,5,Loja Física,Cartão de Crédito,Concluída
16,2024-06-17,248,12,Site,Cartão de Crédito,Concluída
17,2023-11-23,35,10,Loja Física,PIX,Concluída
18,2023-12-18,332,4,Site,Cartão de Crédito,Devolvida
19,2023-09-07,265,6,Site,Cartão de Crédito,Concluída
20,2024-04-18,119,13,Site,Cartão de Crédito,Concluída
21,2024-02-10,15,20,Marketplace,Cartão de Crédito,Concluída
22,2023-01-05,361,7,Loja Física,Boleto,Concluída
23,2023-03-06,296,4,Site,PIX,Concluída
24,2023-07-21,235,4,Loja Física,Cartão de Débito,Concluída
25,2024-10-16,161,20,Site,Cartão de Crédito,Concluída
26,2023-12-27,433,15,Site,Boleto,Concluída
27,2023-11-01,471,20,Site,PIX,Concluída
28,2023-09-02,157,4,Loja Física,PIX,Concluída
29,2024-03-04,306,5,Site,Cartão de Crédito,Concluída
30,2024-07-04,356,6,Site,Cartão de Crédito,Concluída
31,2023-11-19,432,15,Site,Cartão de Débito,Cancelada
32,2024-05-11,70,7,Marketplace,Cartão de Débito,Concluída
33,2024-05-21,210,16,Site,Boleto,Concluída
34,2023-03-26,290,1,Site,Cartão de Crédito,Concluída
35,2023-08-19,276,10,Loja Física,Cartão de Crédito,Concluída
36,2024-05-22,282,17,Loja Física,Cartão de Crédito,Concluída
37,2024-01-11,278,2,Site,Cartão de Crédito,Concluída
38,2024-03-11,53,8,Loja Física,Cartão de Débito,Concluída
39,2023-12-23,442,3,Site,Cartão de Débito,Concluída
40,2023-08-31,108,19,Site,Cartão de Débito,Concluída
41,2024-03-14,85,20,Loja Física,Cartão de Crédito,Concluída
42,2023-03-02,292,12,Site,PIX,Concluída
43,2024-12-21,150,10,Site,Cartão de Débito,Concluída
44,2024-11-26,418,4,Loja Física,Boleto,Concluída
45,2023-03-02,142,5,Site,Cartão de Crédito,Concluída
46,2023-11-26,425,8,Site,PIX,Concluída
47,2024-08-14,324,9,Site,Cartão de Crédito,Concluída
48,2023-04-06,207,17,Site,PIX,Concluída
49,2024-04-10,487,16,Loja Física,Cartão de Crédito,Concluída
50,2023-04-06,375,15,Site,PIX,Concluída
51,2024-07-01,204,7,Marketplace,Boleto,Concluída
52,2023-11-27,425,10,Loja Física,PIX,Concluída
53,2024-05-11,404,11,Marketplace,Boleto,Concluída
54,2024-10-03,402,15,Loja Física,Cartão de Débito,Concluída
55,2024-04-12,1,14,Loja Física,PIX,Concluída
56,2024-10-27,155,6,Marketplace,Cartão de Débito,Concluída
57,2024-01-05,129,3,Site,Cartão de Débito,Concluída
58,2024-02-10,321,10,Site,Boleto,Concluída
59,2023-04-04,361,4,Loja Física,Cartão de Crédito,Concluída
60,2023-08-20,266,15,Loja Física,PIX,Concluída
61,2024-03-08,356,5,Site,Cartão de Crédito,Concluída
62,2023-04-15,53,11,Site,Cartão de Crédito,Concluída
63,2023-05-17,329,5,Loja Física,PIX,Concluída
64,2023-06-18,226,12,Site,PIX,Concluída
65,2024-02-26,316,15,Marketplace,Cartão de Crédito,Concluída
66,2023-05-07,302,13,Site,Cartão de Crédito,Concluída
67,2023-09-11,142,3,Loja Física,PIX,Concluída
68,2023-10-19,399,1,Marketplace,PIX,Concluída
69,2024-06-14,311,17,Loja Física,Cartão de Crédito,Concluída
70,2023-09-03,254,13,Loja Física,Cartão de Crédito,Concluída
71,2024-06-24,456,1,Marketplace,Cartão de Débito,Concluída
72,2024-08-05,216,12,Site,Cartão de Crédito,Concluída
73,2023-03-16,9,19,Loja Física,Cartão de Crédito,Concluída
74,2023-03-03,486,13,Site,PIX,Concluída
75,2024-03-01,217,13,Loja Física,PIX,Concluída
76,2023-10-12,43,10,Loja Física,Cartão de Débito,Cancelada
77,2023-06-09,275,11,Site,PIX,Concluída
78,2024-11-28,330,3,Loja Física,Cartão de Crédito,Cancelada
79,2023-09-02,30,8,Loja Física,Cartão de Crédito,Concluída
80,2024-09-15,29,10,Site,PIX,Concluída
81,2023-01-13,363,5,Site,Cartão de Crédito,Cancelada
82,2024-06-19,265,9,Loja Física,Cartão de Crédito,Concluída
83,2023-10-03,376,4,Site,Cartão de Crédito,Concluída
84,2023-10-06,269,3,Loja Física,Cartão de Débito,Concluída
85,2024-05-23,234,17,Site,Cartão de Crédito,Concluída
86,2024-01-12,81,9,Site,Cartão de Débito,Concluída
87,2023-04-29,117,17,Loja Física,Cartão de Débito,Concluída
88,2023-02-17,242,12,Site,Cartão de Crédito,Concluída
89,2023-02-06,284,14,Loja Física,Cartão de Crédito,Concluída
90,2023-11-24,139,3,Site,Cartão de Crédito,Concluída
91,2023-02-23,92,8,Marketplace,Cartão de Débito,Cancelada
92,2023-03-12,450,15,Marketplace,Boleto,Concluída
93,2023-03-30,284,15,Loja Física,Cartão de Crédito,Concluída
94,2023-11-08,379,20,Loja Física,Cartão de Crédito,Cancelada
95,2023-07-20,376,18,Site,Cartão de Crédito,Concluída
96,2024-02-24,13,8,Site,PIX,Concluída
97,2023-01-10,487,11,Loja Física,PIX,Concluída
98,2023-11-11,54,7,Site,Cartão de Crédito,Concluída
99,2023-03-03,498,5,Site,Cartão de Crédito,Concluída
100,2024-06-16,212,12,Site,PIX,Concluída
101,2024-06-01,69,13,Loja Física,PIX,Concluída
102,2023-05-14,122,10,Loja Física,Cartão de Crédito,Concluída
103,2024-12-18,426,11,Loja Física,Cartão de Crédito,Concluída
104,2023-07-27,70,19,Loja Física,Cartão de Crédito,Concluída
105,2023-11-18,209,4,Site,Cartão de Débito,Concluída
106,2023-11-12,238,9,Marketplace,Cartão de Crédito,Concluída
107,2023-11-08,424,20,Loja Física,Boleto,Concluída
108,2023-04-04,365,8,Marketplace,Cartão de Crédito,Concluída
109,2023-11-03,134,6,Loja Física,Cartão de Crédito,Concluída
110,2024-07-17,128,4,Site,Boleto,Concluída
111,2023-01-13,32,8,Loja Física,Boleto,Concluída
112,2024-10-07,481,3,Site,Cartão de Crédito,Concluída
113,2023-01-23,34,7,Marketplace,Cartão de Crédito,Concluída
114,2023-12-06,63,2,Marketplace,Cartão de Crédito,Concluída
115,2024-03-19,421,13,Site,Cartão de Crédito,Concluída
116,2023-12-29,110,6,Loja Física,Cartão de Crédito,Concluída
117,2024-09-20,318,20,Loja Física,Cartão de Crédito,Concluída
118,2024-07-17,246,2,Loja Física,Cartão de Crédito,Concluída
119,2024-10-20,453,17,Loja Física,Cartão de Débito,Concluída
120,2023-01-20,196,12,Site,Boleto,Concluída
121,2024-08-02,258,11,Site,Cartão de Crédito,Concluída
122,2023-08-13,16,9,Loja Física,Cartão de Débito,Concluída
123,2024-08-21,120,6,Loja Física,PIX,Concluída
124,2023-02-27,392,8,Site,Cartão de Débito,Concluída
125,2023-06-27,91,8,Site,Boleto,Concluída
126,2024-08-28,15,12,Marketplace,PIX,Concluída
127,2023-07-12,429,16,Site,Cartão de Crédito,Concluída
128,2023-02-27,120,20,Loja Física,PIX,Concluída
129,2024-09-20,104,5,Loja Física,Cartão de Crédito,Concluída
130,2023-11-28,31,1,Loja Física,PIX,Concluída
131,2023-04-24,434,17,Marketplace,Cartão de Débito,Concluída
132,2024-11-09,203,19,Loja Física,Cartão de Crédito,Concluída
133,2023-06-11,375,14,Site,Cartão de Débito,Concluída
134,2023-06-28,363,18,Site,Cartão de Débito,Concluída
135,2023-08-17,341,19,Marketplace,Cartão de Crédito,Concluída
136,2023-10-29,66,6,Site,Cartão de Débito,Cancelada
137,2024-02-05,436,19,Loja Física,PIX,Concluída
138,2024-09-18,114,19,Loja Física,Cartão de Crédito,Concluída
139,2023-03-21,122,12,Marketplace,Cartão de Crédito,Concluída
140,2023-04-01,421,11,Site,Cartão de Crédito,Concluída
141,2023-03-11,180,9,Site,PIX,Concluída
142,2024-03-24,376,14,Marketplace,Cartão de Débito,Concluída
143,2024-01-23,180,18,Site,Boleto,Concluída
144,2024-08-14,334,8,Loja Física,Cartão de Crédito,Concluída
145,2023-10-29,11,11,Loja Física,Cartão de Crédito,Concluída
146,2024-01-20,83,3,Site,Cartão de Débito,Concluída
147,2024-08-31,315,16,Site,Cartão de Crédito,Concluída
148,2024-09-13,456,14,Loja Física,Cartão de Crédito,Concluída
149,2023-07-14,210,18,Site,PIX,Concluída
150,2023-10-16,153,8,Loja Física,Cartão de Crédito,Concluída
151,2024-05-17,79,2,Site,Cartão de Crédito,Concluída
152,2024-11-08,321,20,Site,Cartão de Crédito,Concluída
153,2024-10-15,150,3,Site,Cartão de Crédito,Concluída
154,2024-04-27,251,9,Loja Física,PIX,Concluída
155,2024-01-26,190,6,Site,Cartão de Crédito,Concluída
156,2023-08-20,429,9,Site,Cartão de Crédito,Concluída
157,2023-04-10,44,12,Marketplace,Cartão de Crédito,Concluída
158,2023-08-21,284,2,Marketplace,Boleto,Concluída
159,2024-07-02,352,16,Site,Cartão de Crédito,Concluída
160,2024-02-09,463,2,Site,Cartão de Débito,Concluída
161,2024-11-24,318,5,Loja Física,Boleto,Concluída
162,2023-06-21,498,7,Marketplace,Cartão de Crédito,Concluída
163,2024-11-30,223,7,Marketplace,PIX,Concluída
164,2023-09-22,164,3,Loja Física,PIX,Concluída
165,2023-10-10,267,15,Marketplace,Cartão de Crédito,Concluída
166,2024-08-24,268,14,Loja Física,Cartão de Crédito,Concluída
167,2024-08-19,389,4,Marketplace,PIX,Concluída
168,2023-10-20,445,18,Marketplace,Cartão de Débito,Concluída
169,2024-11-01,249,19,Site,Cartão de Crédito,Concluída
170,2023-05-28,317,20,Site,Cartão de Crédito,Concluída
171,2023-12-06,354,8,Loja Física,Cartão de Crédito,Concluída
172,2024-01-17,11,11,Marketplace,Cartão de Crédito,Concluída
173,2024-05-18,440,4,Marketplace,Cartão de Crédito,Concluída
174,2024-03-29,397,11,Loja Física,Cartão de Crédito,Concluída
175,2023-07-12,227,7,Marketplace,Cartão de Crédito,Concluída
176,2024-06-12,445,12,Marketplace,PIX,Concluída
177,2023-11-15,364,17,Site,Boleto,Concluída
178,2024-08-05,15,6,Loja Física,Boleto,Concluída
179,2023-09-13,17,15,Loja Física,Cartão de Crédito,Concluída
180,2024-01-13,422,15,Site,PIX,Concluída
181,2023-02-01,124,12,Site,Cartão de Crédito,Cancelada
182,2024-04-30,301,18,Loja Física,Cartão de Crédito,Concluída
183,2024-12-06,47,10,Loja Física,Cartão de Crédito,Concluída
184,2023-08-08,439,8,Site,PIX,Concluída
185,2024-02-24,263,1,Marketplace,Cartão de Débito,Concluída
186,2024-04-30,467,5,Site,PIX,Concluída
187,2023-09-16,312,10,Site,PIX,Concluída
188,2024-01-21,437,12,Site,Cartão de Crédito,Concluída
189,2024-06-17,423,20,Site,Cartão de Crédito,Concluída
190,2024-11-09,495,12,Site,PIX,Concluída
191,2024-12-01,56,16,Loja Física,Cartão de Débito,Concluída
192,2023-10-11,134,10,Loja Física,PIX,Concluída
193,2023-02-28,413,20,Site,Cartão de Crédito,Concluída
194,2023-01-27,336,16,Marketplace,Cartão de Crédito,Concluída
195,2024-02-02,378,2,Site,Cartão de Débito,Concluída
196,2023-12-18,372,8,Site,PIX,Concluída
197,2024-11-18,184,17,Loja Física,Cartão de Crédito,Concluída
198,2024-07-25,93,10,Loja Física,Cartão de Crédito,Concluída
199,2024-07-26,391,6,Marketplace,Cartão de Débito,Concluída
200,2023-08-16,182,8,Site,Cartão de Crédito,Concluída
201,2023-12-06,191,9,Site,Cartão de Crédito,Concluída
202,2023-02-24,444,19,Site,PIX,Concluída
203,2023-07-19,257,4,Marketplace,Cartão de Crédito,Concluída
204,2023-02-25,446,5,Loja Física,Cartão de Crédito,Concluída
205,2024-08-06,458,15,Loja Física,Cartão de Débito,Concluída
206,2023-03-24,250,11,Site,Cartão de Crédito,Concluída
207,2023-01-05,232,9,Loja Física,Boleto,Concluída
208,2023-06-12,251,3,Loja Física,Cartão de Crédito,Concluída
209,2024-03-15,495,16,Site,Cartão de Crédito,Concluída
210,2024-01-18,487,1,Marketplace,Boleto,Concluída
211,2023-01-19,347,1,Site,Cartão de Crédito,Concluída
212,2023-12-19,160,5,Loja Física,PIX,Concluída
213,2023-03-08,422,2,Loja Física,Cartão de Crédito,Concluída
214,2024-09-02,269,11,Site,PIX,Concluída
215,2024-05-16,184,7,Loja Física,Cartão de Débito,Concluída
216,2023-01-20,117,8,Site,Cartão de Crédito,Concluída
217,2024-08-26,259,6,Loja Física,PIX,Concluída
218,2024-01-20,449,9,Site,PIX,Concluída
219,2023-02-19,339,4,Site,Cartão de Crédito,Concluída
220,2024-03-02,228,13,Loja Física,Cartão de Crédito,Concluída
221,2023-07-30,356,1,Loja Física,PIX,Concluída
222,2023-10-04,319,20,Site,Cartão de Crédito,Concluída
223,2024-06-07,369,20,Loja Física,Cartão de Crédito,Concluída
224,2023-07-23,312,7,Site,Boleto,Cancelada
225,2024-01-02,361,14,Loja Física,Cartão de Crédito,Concluída
226,2023-08-01,353,16,Loja Física,Cartão de Crédito,Concluída
227,2023-04-24,428,19,Site,Cartão de Crédito,Concluída
228,2024-06-07,39,4,Marketplace,PIX,Concluída
229,2023-10-31,136,15,Loja Física,Boleto,Concluída
230,2023-10-25,185,11,Site,Cartão de Crédito,Concluída
231,2023-02-16,5,5,Site,Cartão de Crédito,Concluída
232,2024-03-24,490,20,Loja Física,PIX,Concluída
233,2023-12-17,94,4,Site,Cartão de Débito,Concluída
234,2024-01-30,354,16,Site,PIX,Concluída
235,2023-04-26,68,2,Marketplace,Boleto,Concluída
236,2024-08-27,248,19,Site,Cartão de Crédito,Concluída
237,2024-01-03,314,1,Marketplace,Cartão de Débito,Concluída
238,2023-05-14,248,16,Loja Física,Cartão de Crédito,Concluída
239,2023-09-25,336,11,Loja Física,Cartão de Débito,Concluída
240,2024-08-13,371,19,Loja Física,Cartão de Débito,Concluída
241,2024-06-15,268,20,Loja Física,PIX,Concluída
242,2023-12-21,340,13,Loja Física,Boleto,Concluída
243,2024-09-19,28,1,Site,Cartão de Crédito,Concluída
244,2024-05-22,446,6,Loja Física,Cartão de Crédito,Concluída
245,2023-10-12,26,17,Loja Física,PIX,Concluída
246,2023-08-29,41,15,Site,PIX,Concluída
247,2024-05-25,229,11,Loja Física,Cartão de Crédito,Concluída
248,2023-04-16,207,14,Loja Física,PIX,Concluída
249,2024-09-10,494,20,Site,Cartão de Débito,Concluída
250,2024-11-01,344,15,Marketplace,Cartão de Crédito,Concluída
251,2023-08-17,433,15,Loja Física,Boleto,Concluída
252,2024-11-03,187,15,Loja Física,Boleto,Concluída
253,2023-12-16,182,10,Site,Cartão de Crédito,Concluída
254,2023-06-18,253,5,Marketplace,PIX,Concluída
255,2023-09-18,313,7,Loja Física,Cartão de Débito,Concluída
256,2024-04-13,423,7,Site,Cartão de Crédito,Concluída
257,2024-10-10,429,19,Loja Física,Cartão de Débito,Concluída
258,2024-08-26,490,17,Loja Física,Cartão de Crédito,Concluída
259,2023-02-19,284,14,Marketplace,Cartão de Crédito,Concluída
260,2023-07-01,355,19,Loja Física,Boleto,Concluída
261,2024-11-04,308,20,Marketplace,PIX,Concluída
262,2024-09-15,469,8,Loja Física,Cartão de Débito,Cancelada
263,2024-04-08,413,5,Loja Física,PIX,Concluída
264,2024-06-08,154,18,Marketplace,PIX,Concluída
265,2024-10-09,112,7,Loja Física,PIX,Concluída
266,2024-11-19,68,6,Site,PIX,Concluída
267,2023-04-29,390,12,Site,PIX,Cancelada
268,2024-12-28,214,18,Loja Física,Boleto,Concluída
269,2024-06-19,55,1,Site,Cartão de Crédito,Concluída
270,2023-10-01,385,6,Marketplace,PIX,Concluída
271,2023-03-05,354,10,Loja Física,PIX,Concluída
272,2024-04-08,53,20,Marketplace,PIX,Concluída
273,2024-10-24,288,13,Loja Física,Boleto,Concluída
274,2023-10-22,355,2,Marketplace,Cartão de Crédito,Cancelada
275,2024-12-02,161,18,Loja Física,PIX,Concluída
276,2024-03-29,425,8,Marketplace,PIX,Concluída
277,2024-08-25,280,20,Loja Física,PIX,Concluída
278,2024-04-04,91,3,Loja Física,Cartão de Crédito,Concluída
279,2024-01-22,21,14,Loja Física,Cartão de Crédito,Concluída
280,2023-09-19,3,11,Site,Cartão de Débito,Concluída
281,2023-11-27,306,2,Site,PIX,Concluída
282,2023-11-05,252,19,Site,Cartão de Crédito,Concluída
283,2024-06-22,113,6,Site,Boleto,Concluída
284,2024-07-10,275,13,Loja Física,Cartão de Crédito,Concluída
285,2023-12-06,170,12,Loja Física,Cartão de Débito,Concluída
286,2024-05-01,288,1,Loja Física,Cartão de Crédito,Concluída
287,2024-10-19,315,20,Loja Física,Cartão de Crédito,Concluída
288,2024-01-26,469,4,Site,PIX,Concluída
289,2024-06-13,421,12,Site,PIX,Concluída
290,2023-10-31,460,7,Loja Física,Cartão de Crédito,Concluída
291,2024-07-04,274,1,Site,Cartão de Crédito,Concluída
292,2023-08-07,443,14,Marketplace,Cartão de Crédito,Concluída
293,2024-03-21,332,3,Site,Cartão de Crédito,Concluída
294,2023-12-06,20,3,Loja Física,Cartão de Crédito,Concluída
295,2023-03-14,295,8,Marketplace,Cartão de Crédito,Concluída
296,2024-02-19,222,11,Loja Física,PIX,Concluída
297,2024-10-18,369,20,Loja Física,PIX,Concluída
298,2023-03-16,184,17,Loja Física,Boleto,Concluída
299,2023-03-30,145,15,Site,Boleto,Concluída
300,2023-06-10,274,8,Loja Física,Cartão de Crédito,Concluída
301,2024-07-12,152,5,Loja Física,Cartão de Débito,Cancelada
302,2024-10-25,192,1,Site,PIX,Concluída
303,2023-01-06,294,20,Site,PIX,Concluída
304,2023-08-04,384,12,Loja Física,Cartão de Débito,Concluída
305,2023-05-26,83,6,Loja Física,Boleto,Concluída
306,2023-07-05,344,19,Marketplace,Cartão de Débito,Concluída
307,2024-07-16,237,18,Loja Física,PIX,Concluída
308,2023-07-22,372,19,Site,Cartão de Crédito,Concluída
309,2024-11-02,121,4,Loja Física,Cartão de Crédito,Concluída
310,2024-05-12,231,11,Site,Cartão de Crédito,Concluída
311,2024-08-02,291,12,Marketplace,Cartão de Débito,Concluída
312,2023-11-17,127,8,Site,PIX,Concluída
313,2024-01-04,69,11,Marketplace,Cartão de Crédito,Concluída
314,2023-11-09,250,18,Loja Física,PIX,Concluída
315,2023-10-15,440,5,Marketplace,Cartão de Crédito,Concluída
316,2024-10-03,40,3,Marketplace,Boleto,Concluída
317,2024-08-18,297,13,Site,Cartão de Crédito,Concluída
318,2023-09-24,279,18,Site,Boleto,Concluída
319,2023-08-17,457,19,Site,Cartão de Crédito,Concluída
320,2024-06-06,47,13,Site,Cartão de Crédito,Concluída
321,2024-09-20,351,6,Site,Cartão de Crédito,Concluída
322,2024-08-02,486,19,Site,Cartão de Débito,Concluída
323,2024-05-10,481,12,Loja Física,Boleto,Concluída
324,2023-09-28,190,8,Loja Física,Cartão de Crédito,Concluída
325,2024-01-05,199,16,Marketplace,Cartão de Débito,Concluída
326,2024-10-26,166,4,Site,PIX,Concluída
327,2023-09-27,297,18,Site,Cartão de Crédito,Concluída
328,2024-08-24,335,3,Site,Cartão de Crédito,Concluída
329,2024-06-12,208,12,Marketplace,Cartão de Crédito,Concluída
330,2024-09-10,4,17,Marketplace,Cartão de Crédito,Concluída
331,2024-06-10,330,9,Loja Física,Cartão de Crédito,Concluída
332,2023-05-02,339,8,Site,Cartão de Crédito,Concluída
333,2024-11-22,246,16,Loja Física,Cartão de Crédito,Concluída
334,2023-01-23,125,2,Loja Física,PIX,Concluída
335,2024-06-08,21,19,Loja Física,Cartão de Crédito,Concluída
336,2024-06-13,491,13,Site,PIX,Concluída
337,2024-11-08,421,10,Marketplace,Cartão de Crédito,Concluída
338,2024-04-27,445,16,Loja Física,Boleto,Concluída
339,2024-08-19,421,6,Site,PIX,Concluída
340,2024-12-03,176,15,Site,Cartão de Crédito,Concluída
341,2023-05-16,56,1,Loja Física,Cartão de Débito,Concluída
342,2024-03-05,424,5,Site,Cartão de Crédito,Concluída
343,2024-09-06,20,18,Site,Cartão de Crédito,Concluída
344,2023-05-14,462,20,Site,Cartão de Crédito,Concluída
345,2024-11-25,333,14,Site,Cartão de Crédito,Concluída
346,2024-06-26,220,8,Marketplace,Cartão de Crédito,Concluída
347,2023-12-25,302,19,Loja Física,Cartão de Crédito,Concluída
348,2023-08-27,466,3,Loja Física,Cartão de Débito,Concluída
349,2023-07-13,3,1,Site,Cartão de Crédito,Concluída
350,2024-11-01,106,11,Site,Cartão de Crédito,Concluída
351,2024-08-22,130,9,Marketplace,Cartão de Crédito,Concluída
352,2023-10-10,349,13,Site,Cartão de Crédito,Concluída
353,2024-05-09,92,12,Site,Cartão de Crédito,Devolvida
354,2024-08-14,177,13,Site,Cartão de Débito,Concluída
355,2023-08-24,229,6,Loja Física,PIX,Concluída
356,2024-07-17,315,2,Loja Física,Cartão de Débito,Concluída
357,2023-04-04,422,5,Site,PIX,Concluída
358,2023-09-27,114,12,Loja Física,Cartão de Crédito,Concluída
359,2024-02-15,315,17,Loja Física,Cartão de Débito,Concluída
360,2023-06-29,328,16,Site,Cartão de Crédito,Concluída
361,2024-06-14,147,7,Loja Física,PIX,Concluída
362,2023-08-26,315,6,Site,Cartão de Crédito,Concluída
363,2023-06-11,45,9,Site,Cartão de Crédito,Concluída
364,2024-08-23,103,17,Loja Física,PIX,Concluída
365,2024-07-16,146,18,Marketplace,Cartão de Crédito,Cancelada
366,2023-10-11,116,20,Marketplace,Cartão de Crédito,Concluída
367,2023-01-05,134,6,Site,Cartão de Crédito,Concluída
368,2023-10-29,175,4,Marketplace,Cartão de Débito,Concluída
369,2024-08-11,129,15,Marketplace,PIX,Concluída
370,2023-12-14,493,15,Site,Cartão de Débito,Concluída
371,2024-05-08,60,9,Loja Física,PIX,Devolvida
372,2024-11-24,360,8,Marketplace,Cartão de Crédito,Concluída
373,2024-07-02,5,9,Loja Física,Cartão de Crédito,Concluída
374,2023-12-17,39,18,Marketplace,Cartão de Crédito,Concluída
375,2024-08-10,138,6,Marketplace,PIX,Concluída
376,2024-05-25,378,7,Loja Física,Cartão de Crédito,Concluída
377,2023-08-23,104,8,Marketplace,Cartão de Crédito,Concluída
378,2023-05-03,472,3,Site,PIX,Concluída
379,2024-07-08,491,2,Marketplace,Cartão de Crédito,Concluída
380,2024-08-11,445,9,Site,Cartão de Débito,Concluída
381,2023-10-14,204,8,Site,Cartão de Crédito,Concluída
382,2024-03-09,245,18,Loja Física,Cartão de Crédito,Concluída
383,2023-06-28,235,4,Site,Cartão de Crédito,Concluída
384,2023-01-13,346,7,Site,Cartão de Crédito,Concluída
385,2023-09-23,96,18,Loja Física,Cartão de Crédito,Cancelada
386,2023-12-18,188,6,Site,Cartão de Crédito,Concluída
387,2024-01-17,187,13,Loja Física,Cartão de Crédito,Concluída
388,2024-08-12,352,8,Marketplace,PIX,Concluída
389,2024-07-22,222,13,Loja Física,Boleto,Concluída
390,2024-04-29,413,1,Loja Física,Cartão de Crédito,Devolvida
391,2024-10-07,265,18,Site,Boleto,Concluída
392,2024-07-29,440,19,Loja Física,Cartão de Crédito,Concluída
393,2023-08-09,417,9,Site,PIX,Concluída
394,2023-12-09,134,12,Site,PIX,Concluída
395,2023-12-19,11,14,Loja Física,Cartão de Débito,Cancelada
396,2023-07-23,296,19,Site,PIX,Cancelada
397,2023-10-19,182,11,Site,Cartão de Crédito,Concluída
398,2023-03-22,196,20,Loja Física,PIX,Concluída
399,2023-06-21,328,11,Site,PIX,Concluída
400,2023-03-15,41,6,Loja Física,Cartão de Crédito,Concluída
401,2024-12-28,137,20,Site,Cartão de Crédito,Concluída
402,2024-01-07,383,19,Site,Cartão de Crédito,Concluída
403,2023-01-24,65,8,Site,Cartão de Débito,Concluída
404,2023-03-23,108,6,Site,Cartão de Crédito,Concluída
405,2024-04-29,281,2,Loja Física,Cartão de Crédito,Concluída
406,2023-03-27,54,9,Site,Cartão de Crédito,Concluída
407,2024-02-04,159,8,Loja Física,Cartão de Crédito,Concluída
408,2023-05-15,270,6,Loja Física,PIX,Concluída
409,2023-11-30,443,16,Site,Cartão de Débito,Concluída
410,2024-07-15,228,5,Marketplace,PIX,Concluída
411,2024-09-03,234,19,Site,PIX,Concluída
412,2023-12-22,247,18,Loja Física,Cartão de Crédito,Concluída
413,2024-02-27,134,5,Loja Física,Cartão de Crédito,Concluída
414,2023-05-20,177,10,Site,Cartão de Crédito,Concluída
415,2024-05-03,154,1,Site,Boleto,Concluída
416,2023-01-08,281,12,Loja Física,Cartão de Débito,Concluída
417,2023-09-13,84,13,Marketplace,Cartão de Crédito,Concluída
418,2024-10-02,123,17,Site,Cartão de Débito,Concluída
419,2024-12-02,140,10,Site,PIX,Concluída
420,2023-07-12,437,3,Loja Física,Cartão de Crédito,Concluída
421,2024-09-24,232,9,Site,Cartão de Crédito,Concluída
422,2023-06-05,26,18,Loja Física,Cartão de Débito,Concluída
423,2023-05-09,367,15,Site,Cartão de Crédito,Concluída
424,2024-05-20,112,11,Site,Boleto,Concluída
425,2024-01-16,238,2,Loja Física,Boleto,Cancelada
426,2023-02-27,137,13,Loja Física,Cartão de Crédito,Concluída
427,2023-09-14,419,13,Marketplace,Cartão de Crédito,Concluída
428,2023-09-12,198,15,Loja Física,Cartão de Débito,Concluída
429,2023-04-07,267,7,Site,PIX,Concluída
430,2023-11-27,82,2,Site,PIX,Concluída
431,2024-05-07,327,10,Loja Física,Cartão de Débito,Concluída
432,2023-08-12,499,4,Loja Física,Cartão de Crédito,Concluída
433,2023-10-10,300,4,Site,Cartão de Crédito,Cancelada
434,2024-08-18,402,16,Site,Cartão de Crédito,Concluída
435,2023-09-12,81,16,Loja Física,PIX,Concluída
436,2024-10-02,31,2,Site,Cartão de Crédito,Concluída
437,2023-04-20,65,16,Loja Física,Cartão de Débito,Concluída
438,2023-12-22,413,15,Site,Cartão de Crédito,Concluída
439,2023-05-18,129,2,Site,Cartão de Crédito,Concluída
440,2024-12-14,251,7,Site,PIX,Concluída
441,2024-04-24,141,20,Marketplace,PIX,Concluída
442,2023-06-08,231,10,Marketplace,PIX,Concluída
443,2024-10-15,260,13,Site,Cartão de Débito,Concluída
444,2024-01-08,398,20,Loja Física,PIX,Concluída
445,2024-07-05,420,13,Loja Física,PIX,Concluída
446,2023-06-07,314,10,Loja Física,PIX,Concluída
447,2024-06-19,338,3,Loja Física,Cartão de Débito,Concluída
448,2023-02-02,104,4,Site,Cartão de Crédito,Concluída
449,2024-02-02,337,16,Site,PIX,Concluída
450,2024-01-11,114,20,Site,Cartão de Crédito,Concluída
451,2024-11-02,252,3,Site,PIX,Concluída
452,2024-03-01,421,12,Site,Cartão de Crédito,Concluída
453,2024-06-25,21,3,Marketplace,Cartão de Crédito,Concluída
454,2024-06-15,50,4,Site,PIX,Concluída
455,2024-06-22,337,8,Site,Cartão de Débito,Concluída
456,2024-07-25,213,4,Site,PIX,Concluída
457,2024-12-20,341,14,Marketplace,Cartão de Crédito,Concluída
458,2024-02-16,259,11,Site,PIX,Concluída
459,2023-12-27,463,11,Site,Cartão de Débito,Concluída
460,2024-02-27,392,14,Marketplace,Cartão de Crédito,Concluída
461,2024-07-12,110,13,Site,Cartão de Débito,Concluída
462,2024-04-08,230,13,Loja Física,Cartão de Crédito,Concluída
463,2023-01-17,266,5,Marketplace,Cartão de Crédito,Concluída
464,2023-08-16,110,11,Loja Física,Boleto,Concluída
465,2023-10-10,471,18,Site,PIX,Concluída
466,2023-04-07,20,15,Site,Cartão de Crédito,Concluída
467,2024-08-19,128,8,Loja Física,Cartão de Crédito,Concluída
468,2024-08-05,470,7,Site,PIX,Concluída
469,2023-06-27,250,19,Marketplace,Cartão de Crédito,Concluída
470,2023-02-08,375,19,Site,Boleto,Concluída
471,2023-12-09,179,14,Site,Cartão de Débito,Concluída
472,2023-08-21,383,20,Marketplace,PIX,Concluída
473,2023-02-25,157,17,Loja Física,PIX,Concluída
474,2024-05-29,358,8,Loja Física,PIX,Devolvida
475,2024-04-01,386,20,Site,Cartão de Crédito,Concluída
476,2024-02-08,76,5,Loja Física,Cartão de Crédito,Concluída
477,2024-07-15,205,9,Loja Física,PIX,Concluída
478,2023-05-14,391,5,Site,Cartão de Crédito,Concluída
479,2024-08-08,101,18,Site,PIX,Concluída
480,2023-03-15,137,14,Loja Física,Cartão de Débito,Concluída
481,2024-11-18,212,14,Site,Cartão de Crédito,Concluída
482,2024-11-02,13,10,Loja Física,Cartão de Crédito,Concluída
483,2024-03-28,320,5,Site,Cartão de Débito,Concluída
484,2024-12-02,192,5,Site,Cartão de Débito,Concluída
485,2023-02-25,125,20,Marketplace,Cartão de Débito,Concluída
486,2023-01-15,176,4,Loja Física,Cartão de Crédito,Concluída
487,2024-07-04,109,7,Site,Boleto,Concluída
488,2024-09-29,374,5,Site,PIX,Concluída
489,2024-11-10,270,2,Loja Física,Cartão de Crédito,Concluída
490,2024-12-14,317,9,Loja Física,PIX,Concluída
491,2024-02-02,339,9,Site,Cartão de Débito,Concluída
492,2023-04-21,10,10,Marketplace,PIX,Concluída
493,2024-01-25,261,4,Marketplace,Cartão de Crédito,Concluída
494,2023-04-01,96,7,Site,Cartão de Crédito,Concluída
495,2023-01-23,21,8,Marketplace,Cartão de Crédito,Concluída
496,2023-06-10,10,12,Site,Cartão de Crédito,Concluída
497,2024-05-28,142,2,Site,Cartão de Débito,Concluída
498,2023-01-31,484,18,Marketplace,Cartão de Crédito,Concluída
499,2024-02-07,337,5,Loja Física,Cartão de Crédito,Cancelada
500,2024-09-19,447,8,Site,PIX,Concluída
501,2023-11-16,466,20,Loja Física,PIX,Concluída
502,2023-05-22,298,18,Site,Cartão de Crédito,Concluída
503,2024-12-06,362,17,Marketplace,Cartão de Crédito,Concluída
504,2023-05-29,336,19,Marketplace,Cartão de Crédito,Concluída
505,2023-05-02,95,11,Marketplace,Cartão de Crédito,Concluída
506,2023-11-23,451,14,Marketplace,Cartão de Crédito,Concluída
507,2024-10-14,478,9,Loja Física,Cartão de Crédito,Concluída
508,2023-01-27,391,20,Site,PIX,Concluída
509,2024-09-02,119,8,Site,Cartão de Crédito,Concluída
510,2024-05-03,69,17,Marketplace,Cartão de Crédito,Concluída
511,2023-07-08,437,13,Site,Cartão de Crédito,Concluída
512,2023-02-03,210,1,Marketplace,Cartão de Débito,Concluída
513,2024-11-18,104,7,Loja Física,Cartão de Débito,Devolvida
514,2024-09-23,251,11,Marketplace,Cartão de Débito,Concluída
515,2023-02-12,312,13,Site,Cartão de Crédito,Concluída
516,2024-08-08,305,18,Site,Cartão de Débito,Concluída
517,2024-06-17,56,15,Site,Cartão de Débito,Concluída
518,2023-09-09,266,18,Site,PIX,Concluída
519,2024-06-12,392,2,Loja Física,Cartão de Crédito,Concluída
520,2023-10-20,237,6,Site,PIX,Concluída
521,2024-06-13,463,5,Site,PIX,Concluída
522,2024-05-27,58,6,Site,Cartão de Débito,Concluída
523,2023-05-19,202,14,Loja Física,Cartão de Crédito,Concluída
524,2024-12-30,459,7,Marketplace,Cartão de Crédito,Concluída
525,2024-10-26,465,6,Site,Cartão de Crédito,Concluída
526,2024-04-05,325,12,Loja Física,PIX,Concluída
527,2024-06-07,314,6,Site,Cartão de Crédito,Concluída
528,2023-12-10,290,5,Loja Física,Cartão de Crédito,Concluída
529,2023-02-22,215,10,Loja Física,Boleto,Concluída
530,2024-10-03,93,4,Marketplace,Cartão de Débito,Concluída
531,2023-09-17,7,15,Site,Cartão de Crédito,Concluída
532,2024-09-14,452,16,Loja Física,PIX,Concluída
533,2024-02-24,227,3,Site,Cartão de Crédito,Concluída
534,2023-10-12,318,18,Marketplace,Cartão de Crédito,Concluída
535,2023-02-26,335,12,Loja Física,Cartão de Débito,Concluída
536,2024-09-09,153,11,Marketplace,Cartão de Crédito,Concluída
537,2023-07-02,83,10,Site,PIX,Concluída
538,2024-07-29,91,15,Site,Cartão de Crédito,Concluída
539,2023-11-03,166,12,Marketplace,Boleto,Concluída
540,2024-07-17,34,10,Site,Cartão de Crédito,Concluída
541,2023-12-04,270,14,Site,PIX,Concluída
542,2023-04-22,293,17,Marketplace,Cartão de Crédito,Concluída
543,2024-12-24,148,14,Site,Cartão de Crédito,Concluída
544,2024-09-30,182,5,Site,Cartão de Crédito,Concluída
545,2024-05-24,253,6,Marketplace,Cartão de Crédito,Concluída
546,2023-07-18,1,4,Loja Física,PIX,Concluída
547,2023-08-01,410,20,Marketplace,Cartão de Crédito,Concluída
548,2024-07-27,413,7,Loja Física,Cartão de Crédito,Concluída
549,2023-03-11,158,10,Site,Cartão de Crédito,Concluída
550,2024-12-03,171,11,Site,PIX,Cancelada
551,2023-06-29,100,11,Marketplace,Cartão de Débito,Concluída
552,2024-04-30,409,2,Site,Cartão de Crédito,Concluída
553,2024-07-03,459,11,Site,Boleto,Concluída
554,2023-02-27,428,17,Loja Física,PIX,Concluída
555,2024-07-02,10,7,Site,Cartão de Crédito,Concluída
556,2023-12-29,34,5,Loja Física,Cartão de Crédito,Devolvida
557,2024-10-03,274,6,Site,Cartão de Crédito,Concluída
558,2023-11-12,362,11,Site,Cartão de Crédito,Concluída
559,2023-09-01,191,15,Marketplace,Cartão de Crédito,Concluída
560,2023-06-29,58,12,Site,Boleto,Concluída
561,2024-03-30,260,1,Site,Cartão de Débito,Concluída
562,2023-12-15,473,16,Site,PIX,Concluída
563,2023-05-27,394,4,Marketplace,Cartão de Débito,Concluída
564,2023-05-16,106,2,Site,PIX,Concluída
565,2023-01-05,160,2,Site,PIX,Concluída
566,2024-04-23,456,2,Loja Física,Boleto,Concluída
567,2023-01-24,296,10,Site,Cartão de Crédito,Concluída
568,2023-10-21,142,18,Loja Física,Cartão de Crédito,Concluída
569,2023-06-02,81,9,Loja Física,Cartão de Débito,Concluída
570,2023-04-15,106,18,Site,Cartão de Crédito,Concluída
571,2024-12-22,412,10,Site,Cartão de Crédito,Concluída
572,2023-12-13,277,15,Loja Física,Cartão de Crédito,Concluída
573,2023-02-21,55,13,Loja Física,Cartão de Crédito,Concluída
574,2024-09-02,457,19,Site,PIX,Concluída
575,2023-12-31,160,11,Marketplace,PIX,Concluída
576,2024-06-30,41,15,Site,Cartão de Crédito,Concluída
577,2024-12-16,240,4,Site,PIX,Concluída
578,2024-04-21,241,8,Marketplace,Cartão de Crédito,Concluída
579,2023-09-22,468,12,Site,PIX,Concluída
580,2023-11-29,233,16,Loja Física,Cartão de Crédito,Concluída
581,2024-04-17,434,6,Loja Física,Cartão de Crédito,Concluída
582,2024-06-04,53,13,Marketplace,Boleto,Concluída
583,2024-10-27,37,10,Site,Cartão de Crédito,Concluída
584,2024-09-27,125,18,Loja Física,Cartão de Crédito,Concluída
585,2023-08-02,417,19,Site,Cartão de Débito,Concluída
586,2023-12-17,279,8,Loja Física,PIX,Concluída
587,2024-12-29,294,16,Loja Física,PIX,Concluída
588,2023-04-10,421,15,Loja Física,Cartão de Débito,Concluída
589,2023-04-22,351,20,Site,Cartão de Crédito,Concluída
590,2024-11-07,32,3,Loja Física,Cartão de Crédito,Concluída
591,2024-10-13,415,1,Site,PIX,Concluída
592,2023-10-26,200,20,Site,Cartão de Crédito,Concluída
593,2023-11-21,154,19,Site,PIX,Concluída
594,2024-03-21,368,12,Marketplace,PIX,Concluída
595,2024-06-06,207,5,Marketplace,Cartão de Crédito,Concluída
596,2023-02-24,1,18,Marketplace,Cartão de Crédito,Concluída
597,2023-02-01,121,14,Site,Cartão de Crédito,Concluída
598,2024-01-27,208,13,Site,Cartão de Crédito,Concluída
599,2023-05-23,97,18,Site,Cartão de Débito,Concluída
600,2023-06-07,148,5,Loja Física,Cartão de Crédito,Concluída
601,2024-05-13,337,14,Marketplace,Cartão de Crédito,Concluída
602,2024-03-01,441,15,Marketplace,PIX,Concluída
603,2024-09-30,93,15,Site,PIX,Concluída
604,2023-12-30,116,6,Site,Cartão de Crédito,Concluída
605,2023-08-31,365,17,Loja Física,Cartão de Débito,Concluída
606,2023-02-04,20,19,Site,Cartão de Crédito,Concluída
607,2024-12-08,41,5,Site,PIX,Concluída
608,2023-10-14,239,17,Loja Física,Cartão de Débito,Concluída
609,2024-04-28,323,3,Site,PIX,Concluída
610,2024-09-19,28,11,Site,Cartão de Crédito,Concluída
611,2024-04-25,294,11,Site,Cartão de Débito,Concluída
612,2023-10-24,86,2,Site,PIX,Concluída
613,2024-07-31,134,2,Site,PIX,Concluída
614,2024-11-03,150,20,Loja Física,Cartão de Crédito,Concluída
615,2023-03-20,436,9,Loja Física,PIX,Concluída
616,2023-09-21,8,4,Site,Cartão de Débito,Concluída
617,2024-11-05,229,12,Marketplace,Cartão de Crédito,Concluída
618,2024-05-11,93,17,Marketplace,Cartão de Crédito,Concluída
619,2023-05-29,305,5,Marketplace,Boleto,Concluída
620,2024-01-28,122,15,Site,Cartão de Crédito,Concluída
621,2023-12-20,28,9,Site,Cartão de Crédito,Concluída
622,2024-02-13,244,10,Site,Cartão de Débito,Concluída
623,2023-08-28,195,13,Site,Cartão de Crédito,Concluída
624,2023-01-13,148,15,Site,Cartão de Crédito,Concluída
625,2023-02-12,50,18,Site,Cartão de Débito,Concluída
626,2024-10-29,440,9,Loja Física,Cartão de Crédito,Concluída
627,2024-11-01,300,13,Site,PIX,Concluída
628,2024-11-19,302,7,Site,PIX,Devolvida
629,2023-11-17,281,1,Site,Boleto,Concluída
630,2023-04-11,269,4,Site,Cartão de Crédito,Concluída
631,2023-09-15,99,2,Loja Física,Cartão de Crédito,Concluída
632,2024-11-03,458,7,Marketplace,PIX,Concluída
633,2023-05-03,45,20,Loja Física,PIX,Concluída
634,2024-08-02,412,6,Marketplace,PIX,Concluída
635,2024-04-23,339,3,Site,Cartão de Débito,Concluída
636,2024-03-13,355,11,Loja Física,Boleto,Concluída
637,2023-03-05,196,13,Loja Física,Cartão de Crédito,Cancelada
638,2023-09-29,92,15,Loja Física,Cartão de Débito,Concluída
639,2024-02-07,92,16,Loja Física,PIX,Concluída
640,2024-09-20,330,4,Marketplace,PIX,Concluída
641,2023-03-16,37,19,Site,Boleto,Concluída
642,2024-05-24,77,1,Marketplace,PIX,Concluída
643,2024-12-17,169,13,Site,PIX,Concluída
644,2024-05-17,245,14,Site,PIX,Concluída
645,2023-03-13,277,8,Loja Física,Cartão de Débito,Concluída
646,2024-05-08,63,19,Site,Cartão de Débito,Concluída
647,2023-11-07,206,2,Site,Cartão de Débito,Concluída
648,2024-07-01,437,11,Loja Física,Cartão de Crédito,Concluída
649,2024-10-25,104,6,Site,Cartão de Débito,Concluída
650,2023-11-03,357,13,Marketplace,PIX,Concluída
651,2023-03-28,454,15,Site,Cartão de Crédito,Concluída
652,2024-08-30,123,16,Site,Boleto,Concluída
653,2024-05-26,274,15,Marketplace,Cartão de Crédito,Concluída
654,2023-12-12,404,2,Site,Cartão de Crédito,Concluída
655,2024-06-19,235,18,Loja Física,PIX,Concluída
656,2023-02-07,377,5,Site,Cartão de Crédito,Concluída
657,2024-09-25,24,8,Site,Cartão de Crédito,Concluída
658,2023-02-21,464,10,Marketplace,Cartão de Crédito,Concluída
659,2024-08-28,33,4,Loja Física,PIX,Concluída
660,2023-03-06,412,7,Site,Boleto,Devolvida
661,2024-11-25,206,11,Loja Física,PIX,Concluída
662,2023-11-26,429,7,Site,PIX,Concluída
663,2023-05-04,141,5,Site,Cartão de Crédito,Concluída
664,2023-06-18,225,8,Marketplace,Cartão de Crédito,Concluída
665,2024-10-09,314,13,Site,Cartão de Crédito,Concluída
666,2023-01-07,4,6,Marketplace,PIX,Concluída
667,2023-10-18,214,16,Site,Cartão de Crédito,Concluída
668,2024-06-19,231,14,Loja Física,Cartão de Crédito,Concluída
669,2024-09-02,93,16,Site,Cartão de Crédito,Concluída
670,2023-11-05,179,14,Loja Física,Cartão de Crédito,Concluída
671,2024-06-26,49,20,Site,Boleto,Concluída
672,2023-08-13,238,7,Loja Física,Cartão de Crédito,Concluída
673,2024-12-02,433,16,Site,Cartão de Crédito,Concluída
674,2023-02-25,331,12,Loja Física,Cartão de Crédito,Concluída
675,2024-04-09,23,4,Site,Cartão de Débito,Concluída
676,2023-01-30,249,17,Loja Física,Cartão de Débito,Concluída
677,2024-08-29,297,11,Site,PIX,Concluída
678,2023-08-24,399,4,Loja Física,Cartão de Crédito,Concluída
679,2023-07-24,193,8,Loja Física,PIX,Concluída
680,2024-03-22,75,7,Marketplace,Cartão de Crédito,Concluída
681,2023-05-20,235,7,Site,Cartão de Débito,Concluída
682,2023-05-11,17,19,Loja Física,Cartão de Crédito,Concluída
683,2024-04-14,215,6,Site,Cartão de Crédito,Concluída
684,2023-06-10,405,20,Marketplace,PIX,Concluída
685,2023-08-24,45,14,Marketplace,Cartão de Crédito,Devolvida
686,2024-08-28,243,15,Loja Física,PIX,Concluída
687,2023-09-10,127,11,Site,Cartão de Crédito,Concluída
688,2023-06-02,468,19,Marketplace,Cartão de Crédito,Concluída
689,2024-04-26,376,17,Loja Física,PIX,Concluída
690,2024-12-14,421,4,Site,Cartão de Crédito,Concluída
691,2023-01-13,355,14,Marketplace,Cartão de Crédito,Concluída
692,2024-10-25,47,1,Site,Cartão de Crédito,Concluída
693,2024-08-07,383,19,Loja Física,Cartão de Crédito,Concluída
694,2024-12-21,208,6,Site,Cartão de Crédito,Concluída
695,2024-10-10,1,3,Site,PIX,Concluída
696,2023-10-31,219,9,Site,PIX,Concluída
697,2023-08-01,404,3,Site,Cartão de Crédito,Concluída
698,2024-06-11,485,12,Marketplace,Cartão de Crédito,Concluída
699,2024-09-25,21,12,Site,PIX,Concluída
700,2024-07-28,364,7,Loja Física,Cartão de Crédito,Concluída
701,2024-10-26,245,19,Marketplace,PIX,Concluída
702,2023-08-19,165,12,Marketplace,PIX,Concluída
703,2023-02-25,33,12,Loja Física,Cartão de Crédito,Concluída
704,2023-05-06,241,18,Site,PIX,Concluída
705,2024-09-27,189,3,Loja Física,Cartão de Débito,Concluída
706,2024-02-05,460,6,Loja Física,Cartão de Débito,Concluída
707,2023-10-10,58,5,Site,Cartão de Débito,Concluída
708,2024-10-04,12,10,Site,PIX,Concluída
709,2024-04-30,178,14,Site,PIX,Concluída
710,2023-03-06,12,8,Marketplace,PIX,Concluída
711,2024-08-15,176,11,Site,PIX,Concluída
712,2024-07-15,228,15,Loja Física,Cartão de Crédito,Concluída
713,2023-06-25,405,9,Loja Física,Cartão de Crédito,Concluída
714,2023-02-18,76,12,Loja Física,Cartão de Débito,Concluída
715,2023-06-14,365,18,Loja Física,Cartão de Débito,Concluída
716,2024-12-10,464,5,Loja Física,Cartão de Crédito,Devolvida
717,2024-08-11,65,15,Loja Física,Cartão de Crédito,Concluída
718,2023-02-05,341,11,Marketplace,Cartão de Crédito,Concluída
719,2023-06-16,274,10,Loja Física,Cartão de Crédito,Concluída
720,2023-05-29,486,15,Marketplace,Cartão de Crédito,Cancelada
721,2024-07-13,500,17,Loja Física,PIX,Concluída
722,2023-10-24,497,19,Site,Boleto,Concluída
723,2024-03-28,174,4,Site,Cartão de Débito,Concluída
724,2024-07-18,60,10,Loja Física,PIX,Concluída
725,2024-01-01,48,11,Loja Física,PIX,Concluída
726,2023-08-16,401,9,Loja Física,Cartão de Crédito,Concluída
727,2024-11-24,344,3,Marketplace,Cartão de Crédito,Concluída
728,2024-09-09,310,17,Marketplace,Cartão de Débito,Concluída
729,2023-06-01,367,14,Site,Cartão de Crédito,Concluída
730,2023-12-26,158,15,Marketplace,Cartão de Crédito,Concluída
731,2024-03-30,380,14,Marketplace,Cartão de Crédito,Concluída
732,2024-03-10,374,14,Loja Física,PIX,Concluída
733,2023-08-01,156,16,Marketplace,PIX,Concluída
734,2024-08-27,388,13,Loja Física,Cartão de Crédito,Concluída
735,2024-02-29,90,18,Site,PIX,Concluída
736,2023-07-24,96,13,Loja Física,Cartão de Crédito,Concluída
737,2023-11-06,428,19,Loja Física,PIX,Concluída
738,2023-01-28,406,1,Loja Física,Cartão de Crédito,Concluída
739,2024-10-13,242,4,Site,Cartão de Débito,Concluída
740,2024-05-18,465,8,Loja Física,Boleto,Concluída
741,2023-03-10,307,12,Site,PIX,Concluída
742,2024-10-05,352,16,Marketplace,Boleto,Concluída
743,2024-08-12,9,9,Loja Física,Cartão de Crédito,Concluída
744,2024-12-10,70,12,Loja Física,Cartão de Crédito,Concluída
745,2023-12-31,25,10,Loja Física,PIX,Concluída
746,2023-07-18,393,6,Site,PIX,Concluída
747,2023-11-27,447,11,Marketplace,PIX,Concluída
748,2024-12-02,358,12,Loja Física,PIX,Concluída
749,2023-01-14,71,17,Loja Física,Boleto,Concluída
750,2023-06-16,53,7,Loja Física,Cartão de Crédito,Concluída
751,2024-07-26,315,17,Marketplace,PIX,Concluída
752,2023-04-27,214,15,Marketplace,Cartão de Crédito,Concluída
753,2023-01-18,246,12,Loja Física,Cartão de Crédito,Concluída
754,2024-09-03,268,11,Loja Física,Cartão de Crédito,Concluída
755,2023-05-02,114,5,Marketplace,Cartão de Crédito,Concluída
756,2023-05-09,108,5,Marketplace,Cartão de Crédito,Concluída
757,2023-04-25,40,1,Site,Boleto,Concluída
758,2023-04-21,17,17,Site,Cartão de Crédito,Concluída
759,2023-02-14,34,10,Site,Boleto,Concluída
760,2024-09-08,106,19,Marketplace,Cartão de Crédito,Concluída
761,2023-04-03,75,9,Marketplace,Cartão de Crédito,Concluída
762,2024-05-27,400,20,Loja Física,PIX,Concluída
763,2024-08-15,391,1,Site,PIX,Cancelada
764,2023-06-25,462,18,Loja Física,PIX,Concluída
765,2024-05-31,436,16,Site,PIX,Concluída
766,2023-04-20,93,12,Marketplace,Cartão de Crédito,Concluída
767,2024-02-22,58,11,Loja Física,Cartão de Crédito,Concluída
768,2024-01-05,361,10,Site,Cartão de Crédito,Concluída
769,2023-04-29,198,10,Site,PIX,Concluída
770,2024-03-30,116,18,Site,Cartão de Débito,Concluída
771,2023-03-13,459,16,Marketplace,Cartão de Crédito,Concluída
772,2024-11-21,252,4,Site,PIX,Concluída
773,2023-05-03,74,13,Site,PIX,Concluída
774,2023-06-22,34,12,Marketplace,Cartão de Crédito,Concluída
775,2024-02-18,63,8,Marketplace,PIX,Concluída
776,2024-12-31,393,19,Site,Boleto,Concluída
777,2024-02-14,183,16,Site,Cartão de Débito,Devolvida
778,2024-06-07,143,5,Site,Cartão de Crédito,Concluída
779,2024-05-24,119,5,Loja Física,PIX,Concluída
780,2024-05-25,348,1,Marketplace,Cartão de Crédito,Concluída
781,2023-06-06,156,20,Site,Boleto,Concluída
782,2024-06-16,393,16,Site,Cartão de Crédito,Concluída
783,2024-05-17,259,9,Site,Boleto,Concluída
784,2023-01-19,488,2,Marketplace,Cartão de Débito,Concluída
785,2024-04-05,162,13,Site,Cartão de Crédito,Concluída
786,2024-11-06,441,10,Marketplace,Cartão de Crédito,Concluída
787,2023-11-16,367,13,Site,Cartão de Crédito,Concluída
788,2024-11-06,284,18,Site,Cartão de Crédito,Concluída
789,2024-06-02,29,13,Loja Física,PIX,Concluída
790,2024-11-23,181,10,Loja Física,Cartão de Crédito,Concluída
791,2024-01-11,179,19,Loja Física,Cartão de Débito,Concluída
792,2023-04-10,220,12,Marketplace,Cartão de Crédito,Concluída
793,2023-09-08,127,8,Site,PIX,Concluída
794,2023-03-09,445,10,Loja Física,Cartão de Crédito,Concluída
795,2023-02-08,236,14,Site,Cartão de Débito,Concluída
796,2024-12-13,241,19,Loja Física,Cartão de Crédito,Concluída
797,2023-11-27,294,4,Marketplace,Cartão de Crédito,Concluída
798,2023-12-11,255,17,Marketplace,PIX,Concluída
799,2023-11-03,187,14,Loja Física,PIX,Cancelada
800,2023-03-19,431,18,Loja Física,Cartão de Crédito,Concluída
801,2024-08-10,206,8,Site,Cartão de Débito,Concluída
802,2024-08-15,49,19,Loja Física,Cartão de Crédito,Concluída
803,2024-05-01,219,7,Loja Física,Cartão de Crédito,Concluída
804,2024-05-31,412,10,Site,PIX,Concluída
805,2024-02-16,129,20,Site,PIX,Concluída
806,2023-01-20,322,17,Marketplace,PIX,Concluída
807,2024-04-23,138,18,Marketplace,Cartão de Débito,Concluída
808,2024-08-02,373,2,Site,Cartão de Crédito,Concluída
809,2023-06-04,383,10,Marketplace,Cartão de Crédito,Concluída
810,2023-03-07,325,7,Marketplace,Cartão de Crédito,Concluída
811,2023-06-14,132,20,Loja Física,Cartão de Crédito,Concluída
812,2023-01-29,126,10,Site,PIX,Concluída
813,2024-10-24,464,2,Loja Física,Cartão de Crédito,Concluída
814,2023-10-12,338,18,Loja Física,Cartão de Débito,Cancelada
815,2024-05-12,401,1,Loja Física,Cartão de Débito,Concluída
816,2023-11-02,444,3,Marketplace,Cartão de Crédito,Concluída
817,2024-11-04,454,3,Site,Boleto,Concluída
818,2023-08-30,58,19,Site,Cartão de Débito,Concluída
819,2024-08-17,487,17,Loja Física,Cartão de Débito,Concluída
820,2023-05-06,396,11,Loja Física,PIX,Concluída
821,2023-08-30,479,14,Loja Física,Cartão de Crédito,Concluída
822,2023-10-09,226,14,Loja Física,PIX,Concluída
823,2024-01-19,359,4,Loja Física,Cartão de Crédito,Concluída
824,2023-10-12,451,5,Site,PIX,Concluída
825,2023-01-22,331,20,Loja Física,PIX,Concluída
826,2023-02-25,354,8,Loja Física,Cartão de Crédito,Concluída
827,2024-12-18,186,4,Site,Cartão de Crédito,Concluída
828,2023-01-09,466,13,Marketplace,Cartão de Débito,Concluída
829,2023-08-30,153,7,Marketplace,Cartão de Crédito,Concluída
830,2023-11-21,451,14,Site,Cartão de Crédito,Concluída
831,2024-05-18,242,14,Marketplace,Cartão de Crédito,Concluída
832,2023-04-13,423,6,Site,PIX,Concluída
833,2024-09-08,374,18,Site,Cartão de Crédito,Concluída
834,2023-02-23,329,6,Site,Boleto,Concluída
835,2024-02-15,103,10,Loja Física,Cartão de Crédito,Concluída
836,2024-06-12,366,5,Marketplace,PIX,Concluída
837,2023-11-24,232,16,Marketplace,Cartão de Crédito,Concluída
838,2024-08-30,424,11,Site,Cartão de Crédito,Concluída
839,2023-07-06,202,13,Marketplace,Cartão de Débito,Concluída
840,2023-01-24,473,18,Site,PIX,Concluída
841,2024-04-18,102,9,Site,Cartão de Crédito,Concluída
842,2024-03-15,308,9,Loja Física,Cartão de Débito,Concluída
843,2024-08-03,61,1,Site,Cartão de Crédito,Concluída
844,2024-04-09,424,16,Loja Física,PIX,Concluída
845,2023-09-30,148,16,Site,Cartão de Crédito,Concluída
846,2023-08-09,422,10,Site,Cartão de Crédito,Concluída
847,2023-05-30,15,10,Marketplace,Cartão de Crédito,Concluída
848,2023-09-12,190,19,Site,Cartão de Crédito,Concluída
849,2023-05-17,447,11,Marketplace,Cartão de Crédito,Concluída
850,2024-01-28,363,14,Site,Cartão de Crédito,Concluída
851,2023-03-02,27,11,Marketplace,Cartão de Crédito,Concluída
852,2024-09-12,481,20,Site,Boleto,Concluída
853,2024-05-31,318,13,Loja Física,Cartão de Crédito,Concluída
854,2024-07-26,22,19,Loja Física,Cartão de Crédito,Concluída
855,2023-12-14,450,15,Loja Física,Cartão de Crédito,Concluída
856,2023-05-26,134,4,Loja Física,Cartão de Débito,Concluída
857,2023-10-15,383,12,Marketplace,Cartão de Crédito,Concluída
858,2024-09-19,425,9,Site,Cartão de Crédito,Concluída
859,2024-05-18,392,5,Site,Cartão de Débito,Concluída
860,2024-03-26,28,7,Loja Física,Cartão de Crédito,Concluída
861,2023-09-24,84,15,Site,Cartão de Débito,Concluída
862,2023-02-11,227,12,Marketplace,PIX,Concluída
863,2023-04-26,434,5,Loja Física,Cartão de Crédito,Concluída
864,2023-07-04,428,6,Site,Boleto,Concluída
865,2024-11-10,300,7,Site,Cartão de Débito,Concluída
866,2024-08-07,93,14,Marketplace,Cartão de Crédito,Concluída
867,2023-04-07,455,11,Loja Física,PIX,Concluída
868,2024-02-08,192,19,Marketplace,Cartão de Crédito,Concluída
869,2023-01-30,42,15,Marketplace,PIX,Concluída
870,2023-10-03,305,1,Loja Física,Cartão de Crédito,Concluída
871,2024-04-08,167,19,Loja Física,Cartão de Débito,Concluída
872,2023-10-17,166,2,Site,PIX,Concluída
873,2023-04-05,205,9,Loja Física,Cartão de Débito,Concluída
874,2023-04-02,11,7,Loja Física,Boleto,Concluída
875,2024-10-31,79,4,Loja Física,Boleto,Concluída
876,2023-11-14,463,20,Loja Física,PIX,Concluída
877,2024-06-08,103,16,Site,Cartão de Crédito,Concluída
878,2024-09-06,217,3,Site,Boleto,Concluída
879,2024-03-20,323,14,Loja Física,PIX,Cancelada
880,2024-11-23,115,5,Marketplace,PIX,Concluída
881,2023-03-27,149,15,Site,Cartão de Débito,Concluída
882,2023-06-02,66,10,Marketplace,PIX,Concluída
883,2023-02-18,283,3,Marketplace,PIX,Concluída
884,2024-02-27,49,15,Site,PIX,Concluída
885,2023-09-18,300,3,Site,Cartão de Crédito,Concluída
886,2024-04-18,92,6,Marketplace,Cartão de Crédito,Concluída
887,2024-12-22,153,11,Site,Cartão de Crédito,Concluída
888,2024-09-30,414,9,Loja Física,Cartão de Débito,Concluída
889,2023-08-05,95,3,Site,PIX,Concluída
890,2023-04-19,223,18,Loja Física,Cartão de Crédito,Concluída
891,2024-11-02,245,15,Site,Cartão de Débito,Cancelada
892,2024-09-08,372,16,Loja Física,Boleto,Concluída
893,2024-12-08,345,13,Marketplace,Cartão de Crédito,Concluída
894,2023-07-15,58,1,Site,Cartão de Crédito,Concluída
895,2024-05-07,333,5,Site,Cartão de Crédito,Concluída
896,2024-07-05,98,3,Loja Física,Cartão de Crédito,Concluída
897,2023-01-23,60,6,Marketplace,PIX,Concluída
898,2024-05-11,242,1,Marketplace,PIX,Concluída
899,2024-08-06,425,13,Loja Física,Cartão de Crédito,Concluída
900,2024-12-31,222,14,Marketplace,PIX,Concluída
901,2024-07-21,149,2,Site,Cartão de Crédito,Concluída
902,2024-09-18,479,16,Loja Física,Cartão de Crédito,Concluída
903,2024-08-13,162,18,Loja Física,Cartão de Débito,Concluída
904,2024-04-29,60,16,Site,PIX,Concluída
905,2024-03-22,11,6,Loja Física,Cartão de Crédito,Concluída
906,2023-08-26,260,8,Site,PIX,Concluída
907,2024-11-03,240,5,Marketplace,PIX,Concluída
908,2024-03-02,427,12,Site,Boleto,Concluída
909,2024-09-28,107,10,Site,Cartão de Crédito,Concluída
910,2023-06-27,103,6,Site,Cartão de Crédito,Concluída
911,2024-05-20,156,8,Loja Física,Cartão de Crédito,Concluída
912,2023-09-25,183,6,Loja Física,Cartão de Débito,Concluída
913,2023-03-07,173,14,Loja Física,Cartão de Crédito,Concluída
914,2024-05-13,133,11,Site,Boleto,Concluída
915,2024-07-24,137,5,Marketplace,Cartão de Débito,Concluída
916,2023-04-17,362,2,Marketplace,Cartão de Crédito,Concluída
917,2023-04-24,500,4,Site,PIX,Concluída
918,2023-04-15,422,18,Loja Física,Cartão de Crédito,Concluída
919,2023-07-30,467,12,Loja Física,Cartão de Crédito,Concluída
920,2024-06-02,256,4,Loja Física,Cartão de Crédito,Concluída
921,2023-05-06,435,7,Site,Cartão de Crédito,Concluída
922,2023-09-09,428,16,Loja Física,PIX,Concluída
923,2024-01-17,367,14,Site,PIX,Concluída
924,2024-06-26,216,8,Loja Física,Cartão de Crédito,Concluída
925,2024-04-14,488,17,Site,Cartão de Crédito,Concluída
926,2023-05-30,395,1,Site,PIX,Concluída
927,2023-12-13,162,13,Marketplace,Cartão de Crédito,Concluída
928,2023-02-07,339,5,Marketplace,Cartão de Crédito,Concluída
929,2024-12-31,410,17,Marketplace,Cartão de Crédito,Concluída
930,2024-12-18,284,10,Site,Cartão de Crédito,Concluída
931,2023-10-14,461,17,Site,Cartão de Crédito,Concluída
932,2024-10-21,106,18,Site,PIX,Concluída
933,2023-12-20,455,13,Site,Cartão de Débito,Concluída
934,2024-07-04,172,13,Site,PIX,Concluída
935,2024-07-07,146,7,Loja Física,PIX,Concluída
936,2024-10-12,82,1,Loja Física,Boleto,Concluída
937,2023-09-05,427,10,Site,Cartão de Débito,Concluída
938,2023-03-03,431,12,Loja Física,PIX,Concluída
939,2024-10-28,482,4,Site,PIX,Concluída
940,2023-12-14,121,19,Site,Cartão de Débito,Concluída
941,2024-06-30,433,20,Loja Física,Cartão de Crédito,Concluída
942,2024-08-09,345,5,Site,PIX,Concluída
943,2023-12-02,265,19,Loja Física,Boleto,Concluída
944,2023-05-31,365,14,Marketplace,Cartão de Crédito,Concluída
945,2023-05-14,244,7,Site,Cartão de Crédito,Concluída
946,2024-08-25,287,17,Site,Cartão de Débito,Concluída
947,2024-10-13,217,15,Site,Cartão de Débito,Concluída
948,2024-03-02,422,6,Loja Física,Cartão de Crédito,Concluída
949,2023-05-13,496,17,Marketplace,Cartão de Crédito,Concluída
950,2024-04-29,17,6,Marketplace,Cartão de Crédito,Cancelada
951,2024-09-08,437,14,Loja Física,Cartão de Crédito,Concluída
952,2024-06-19,79,4,Site,Cartão de Débito,Concluída
953,2024-05-12,15,5,Loja Física,PIX,Concluída
954,2023-11-09,456,10,Loja Física,Boleto,Concluída
955,2023-05-06,281,12,Loja Física,Cartão de Crédito,Concluída
956,2023-11-14,290,15,Marketplace,Boleto,Concluída
957,2024-09-12,68,5,Site,Cartão de Crédito,Concluída
958,2024-04-04,77,11,Loja Física,PIX,Concluída
959,2024-02-01,120,13,Loja Física,Cartão de Crédito,Concluída
960,2024-03-29,377,9,Site,Cartão de Débito,Concluída
961,2024-08-08,323,10,Site,Cartão de Crédito,Concluída
962,2023-07-17,490,20,Site,Boleto,Cancelada
963,2024-06-18,97,16,Site,Cartão de Crédito,Concluída
964,2024-06-28,93,1,Loja Física,Cartão de Crédito,Concluída
965,2024-08-16,228,3,Marketplace,PIX,Concluída
966,2023-02-16,252,1,Loja Física,Cartão de Crédito,Concluída
967,2024-06-24,163,13,Loja Física,Cartão de Crédito,Concluída
968,2023-06-22,147,5,Loja Física,Boleto,Concluída
969,2024-02-22,348,6,Loja Física,Cartão de Débito,Concluída
970,2024-12-31,30,10,Site,Cartão de Crédito,Concluída
971,2023-11-28,133,13,Marketplace,Cartão de Débito,Concluída
972,2023-09-03,386,20,Site,Cartão de Crédito,Concluída
973,2024-01-30,487,4,Loja Física,Cartão de Crédito,Concluída
974,2023-03-09,248,1,Site,Cartão de Crédito,Concluída
975,2023-10-03,284,19,Site,Cartão de Crédito,Concluída
976,2023-05-09,156,19,Site,Cartão de Crédito,Concluída
977,2023-07-28,401,5,Site,Cartão de Débito,Concluída
978,2024-07-04,488,14,Marketplace,PIX,Concluída
979,2024-04-20,493,20,Loja Física,Cartão de Débito,Concluída
980,2024-05-08,140,20,Loja Física,PIX,Devolvida
981,2024-10-09,109,19,Marketplace,Cartão de Crédito,Concluída
982,2024-06-30,289,3,Loja Física,Cartão de Crédito,Concluída
983,2023-05-24,372,18,Marketplace,Cartão de Débito,Concluída
984,2024-05-31,491,11,Marketplace,Cartão de Débito,Concluída
985,2024-12-25,232,9,Loja Física,Cartão de Débito,Concluída
986,2024-04-15,492,20,Loja Física,Cartão de Débito,Concluída
987,2023-01-03,312,16,Loja Física,Cartão de Crédito,Concluída
988,2024-07-23,459,16,Site,PIX,Concluída
989,2024-10-26,334,3,Site,Cartão de Débito,Concluída
990,2024-03-31,345,4,Site,Boleto,Concluída
991,2024-01-02,199,6,Marketplace,Boleto,Devolvida
992,2023-05-08,237,12,Marketplace,Cartão de Crédito,Concluída
993,2023-01-21,389,9,Site,PIX,Concluída
994,2024-09-20,321,10,Marketplace,Cartão de Crédito,Devolvida
995,2024-01-07,19,9,Site,PIX,Concluída
996,2023-01-08,101,13,Loja Física,Cartão de Crédito,Concluída
997,2023-06-24,283,7,Site,PIX,Concluída
998,2024-08-01,90,3,Site,PIX,Concluída
999,2024-08-06,439,8,Marketplace,PIX,Concluída
1000,2024-11-25,12,18,Site,PIX,Concluída
1001,2023-01-03,481,14,Site,Cartão de Débito,Concluída
1002,2023-11-27,222,14,Loja Física,PIX,Concluída
1003,2024-01-06,265,2,Marketplace,Cartão de Crédito,Concluída
1004,2024-03-06,273,15,Loja Física,Cartão de Crédito,Concluída
1005,2024-08-08,414,1,Marketplace,Cartão de Crédito,Concluída
1006,2023-03-18,470,8,Loja Física,Cartão de Crédito,Concluída
1007,2024-10-02,50,1,Site,Boleto,Concluída
1008,2024-10-03,479,11,Marketplace,Cartão de Crédito,Concluída
1009,2023-12-15,427,2,Marketplace,PIX,Concluída
1010,2023-03-16,398,20,Site,Boleto,Concluída
1011,2024-08-15,64,3,Marketplace,Cartão de Débito,Concluída
1012,2024-12-11,34,5,Loja Física,Boleto,Concluída
1013,2024-09-17,321,14,Loja Física,PIX,Concluída
1014,2023-10-29,436,13,Site,PIX,Concluída
1015,2024-09-05,404,20,Loja Física,Cartão de Crédito,Concluída
1016,2024-09-27,318,4,Loja Física,Cartão de Débito,Concluída
1017,2024-04-09,265,11,Site,Cartão de Crédito,Concluída
1018,2024-12-31,35,19,Site,Cartão de Crédito,Concluída
1019,2024-10-14,261,9,Site,Cartão de Crédito,Concluída
1020,2023-07-10,125,5,Site,Cartão de Crédito,Concluída
1021,2024-03-22,263,12,Loja Física,Cartão de Débito,Concluída
1022,2023-05-31,241,10,Site,Cartão de Crédito,Cancelada
1023,2024-06-14,301,5,Loja Física,PIX,Concluída
1024,2023-02-25,217,12,Loja Física,Cartão de Crédito,Concluída
1025,2023-03-12,175,7,Site,PIX,Devolvida
1026,2024-09-06,355,11,Marketplace,PIX,Concluída
1027,2023-11-03,215,11,Loja Física,Cartão de Crédito,Concluída
1028,2023-02-13,254,8,Marketplace,PIX,Concluída
1029,2024-04-22,320,7,Loja Física,PIX,Cancelada
1030,2023-12-06,414,13,Loja Física,Cartão de Crédito,Devolvida
1031,2024-01-07,6,3,Site,PIX,Concluída
1032,2024-03-26,100,19,Marketplace,Cartão de Crédito,Cancelada
1033,2023-07-23,102,10,Loja Física,Cartão de Débito,Concluída
1034,2023-12-14,434,18,Loja Física,Cartão de Crédito,Concluída
1035,2023-09-26,467,4,Loja Física,PIX,Concluída
1036,2023-04-24,174,7,Loja Física,Cartão de Crédito,Concluída
1037,2024-11-07,88,17,Marketplace,Cartão de Débito,Concluída
1038,2024-12-29,34,4,Loja Física,Cartão de Débito,Concluída
1039,2023-07-16,273,13,Site,Cartão de Crédito,Concluída
1040,2024-10-13,126,2,Site,PIX,Concluída
1041,2023-10-29,405,5,Loja Física,Cartão de Crédito,Concluída
1042,2023-05-10,436,17,Marketplace,Cartão de Débito,Concluída
1043,2023-03-25,402,16,Site,PIX,Concluída
1044,2024-02-02,385,17,Site,PIX,Concluída
1045,2024-12-30,192,17,Site,PIX,Concluída
1046,2023-10-02,298,13,Site,Boleto,Concluída
1047,2023-08-01,113,7,Site,Cartão de Crédito,Concluída
1048,2024-03-11,456,13,Site,Cartão de Débito,Concluída
1049,2024-07-17,44,5,Site,Cartão de Crédito,Concluída
1050,2023-08-24,299,2,Site,PIX,Concluída
1051,2024-04-23,222,14,Site,Cartão de Crédito,Concluída
1052,2023-01-26,92,15,Loja Física,PIX,Concluída
1053,2023-03-26,151,17,Site,PIX,Concluída
1054,2023-08-22,51,4,Loja Física,Cartão de Crédito,Concluída
1055,2023-07-21,346,11,Loja Física,PIX,Concluída
1056,2023-10-09,98,20,Marketplace,Cartão de Débito,Concluída
1057,2024-07-10,468,9,Loja Física,Cartão de Crédito,Concluída
1058,2024-02-18,485,13,Marketplace,Boleto,Concluída
1059,2024-10-31,263,5,Marketplace,Cartão de Crédito,Concluída
1060,2023-08-03,243,8,Site,Boleto,Concluída
1061,2024-04-17,175,3,Loja Física,Cartão de Crédito,Concluída
1062,2024-12-15,214,7,Site,Cartão de Débito,Concluída
1063,2023-05-23,296,5,Loja Física,PIX,Concluída
1064,2024-11-05,428,12,Loja Física,Cartão de Crédito,Concluída
1065,2024-02-18,391,18,Loja Física,PIX,Concluída
1066,2023-02-02,473,5,Loja Física,Cartão de Débito,Concluída
1067,2024-10-06,410,20,Marketplace,PIX,Concluída
1068,2024-01-26,105,13,Loja Física,Cartão de Crédito,Concluída
1069,2023-12-03,292,15,Site,Cartão de Crédito,Concluída
1070,2024-11-22,284,6,Loja Física,PIX,Concluída
1071,2023-07-11,102,3,Marketplace,Cartão de Crédito,Concluída
1072,2023-10-26,338,17,Loja Física,Cartão de Crédito,Concluída
1073,2023-06-25,168,14,Site,Cartão de Débito,Concluída
1074,2024-03-04,245,3,Site,Cartão de Débito,Concluída
1075,2023-07-30,159,14,Marketplace,PIX,Concluída
1076,2024-08-11,481,10,Site,PIX,Concluída
1077,2023-10-10,104,1,Marketplace,Cartão de Crédito,Concluída
1078,2024-09-11,414,8,Site,Cartão de Débito,Concluída
1079,2024-04-16,237,19,Loja Física,Cartão de Crédito,Concluída
1080,2024-04-12,178,10,Site,Boleto,Concluída
1081,2024-03-01,128,6,Marketplace,PIX,Concluída
1082,2024-11-05,94,19,Loja Física,PIX,Concluída
1083,2023-06-11,141,18,Loja Física,Cartão de Débito,Concluída
1084,2023-08-11,466,16,Site,Boleto,Concluída
1085,2024-01-13,40,4,Site,Boleto,Concluída
1086,2023-06-18,130,7,Site,Cartão de Crédito,Concluída
1087,2024-12-12,346,15,Site,PIX,Concluída
1088,2024-02-11,20,1,Loja Física,PIX,Concluída
1089,2024-11-17,384,15,Site,Cartão de Crédito,Concluída
1090,2023-09-06,366,15,Loja Física,Boleto,Concluída
1091,2023-06-24,430,1,Site,Cartão de Crédito,Concluída
1092,2024-02-05,87,3,Site,Cartão de Crédito,Concluída
1093,2024-03-27,184,6,Loja Física,Cartão de Crédito,Concluída
1094,2023-08-10,227,2,Marketplace,Boleto,Concluída
1095,2024-11-06,460,4,Site,Cartão de Crédito,Concluída
1096,2023-01-05,25,13,Site,Cartão de Débito,Concluída
1097,2023-09-02,103,3,Loja Física,Cartão de Crédito,Concluída
1098,2023-07-16,349,3,Loja Física,Cartão de Débito,Concluída
1099,2024-11-11,86,6,Loja Física,PIX,Concluída
1100,2023-11-27,288,7,Site,Cartão de Débito,Concluída
1101,2024-03-14,62,8,Loja Física,Cartão de Crédito,Concluída
1102,2024-02-16,335,11,Loja Física,Cartão de Crédito,Concluída
1103,2024-11-04,418,9,Site,Cartão de Crédito,Concluída
1104,2023-08-12,211,10,Site,Cartão de Crédito,Devolvida
1105,2024-12-30,275,19,Loja Física,Cartão de Débito,Concluída
1106,2024-10-08,357,13,Site,Cartão de Débito,Concluída
1107,2023-12-07,90,11,Marketplace,PIX,Concluída
1108,2023-01-19,312,19,Site,PIX,Concluída
1109,2024-05-30,301,1,Loja Física,PIX,Concluída
1110,2023-11-13,122,14,Site,PIX,Concluída
1111,2024-01-19,256,10,Loja Física,Cartão de Crédito,Concluída
1112,2023-09-01,473,20,Marketplace,Cartão de Crédito,Concluída
1113,2023-05-18,143,11,Site,Boleto,Concluída
1114,2024-02-29,332,10,Site,Cartão de Crédito,Concluída
1115,2023-12-17,125,7,Site,Cartão de Débito,Concluída
1116,2023-09-12,411,8,Site,Cartão de Crédito,Concluída
1117,2024-03-28,323,1,Loja Física,Cartão de Crédito,Cancelada
1118,2023-02-23,325,5,Marketplace,Cartão de Crédito,Concluída
1119,2024-07-16,426,7,Loja Física,Cartão de Crédito,Concluída
1120,2023-11-15,85,7,Loja Física,Cartão de Crédito,Concluída
1121,2023-10-20,296,15,Marketplace,Cartão de Crédito,Concluída
1122,2024-05-07,41,12,Site,Cartão de Crédito,Concluída
1123,2024-06-01,313,14,Site,Boleto,Concluída
1124,2023-01-21,391,13,Site,Cartão de Crédito,Concluída
1125,2023-11-04,305,18,Loja Física,PIX,Concluída
1126,2024-04-19,157,15,Loja Física,PIX,Concluída
1127,2023-12-08,70,16,Loja Física,Cartão de Débito,Concluída
1128,2024-05-27,374,12,Site,Cartão de Débito,Cancelada
1129,2024-01-18,197,16,Loja Física,Cartão de Débito,Concluída
1130,2023-02-09,472,4,Site,PIX,Concluída
1131,2024-03-22,491,9,Site,Boleto,Concluída
1132,2024-12-27,251,12,Site,PIX,Concluída
1133,2023-09-10,125,16,Loja Física,Boleto,Concluída
1134,2024-11-23,15,5,Loja Física,Cartão de Crédito,Concluída
1135,2023-09-18,127,20,Site,PIX,Concluída
1136,2023-04-30,395,3,Site,Cartão de Débito,Concluída
1137,2024-08-23,499,3,Site,Cartão de Crédito,Concluída
1138,2024-03-13,130,10,Site,PIX,Concluída
1139,2024-08-23,158,14,Site,Cartão de Débito,Concluída
1140,2023-04-22,326,19,Site,Cartão de Crédito,Concluída
1141,2023-08-03,477,13,Site,Cartão de Crédito,Concluída
1142,2024-05-18,1,4,Loja Física,PIX,Concluída
1143,2024-11-01,148,14,Loja Física,Cartão de Crédito,Concluída
1144,2023-07-22,250,6,Site,Cartão de Crédito,Concluída
1145,2023-08-06,96,7,Loja Física,Cartão de Crédito,Concluída
1146,2023-09-23,462,14,Site,Cartão de Débito,Concluída
1147,2024-10-13,86,3,Loja Física,Cartão de Crédito,Concluída
1148,2023-12-17,16,19,Loja Física,Cartão de Crédito,Concluída
1149,2023-01-10,32,9,Site,Cartão de Crédito,Concluída
1150,2023-02-12,50,7,Site,Cartão de Crédito,Concluída
1151,2023-09-30,478,16,Site,Cartão de Crédito,Concluída
1152,2024-01-15,350,11,Marketplace,Boleto,Cancelada
1153,2024-11-12,205,13,Site,Cartão de Débito,Concluída
1154,2023-04-13,2,15,Marketplace,Cartão de Crédito,Concluída
1155,2023-05-23,14,20,Loja Física,PIX,Cancelada
1156,2023-09-12,189,15,Site,PIX,Concluída
1157,2024-02-28,339,7,Loja Física,PIX,Cancelada
1158,2023-11-26,9,12,Marketplace,Cartão de Débito,Concluída
1159,2024-11-25,228,8,Site,Cartão de Crédito,Concluída
1160,2023-03-25,179,14,Marketplace,Cartão de Débito,Concluída
1161,2024-11-05,439,4,Site,Cartão de Crédito,Concluída
1162,2023-05-27,446,17,Marketplace,Boleto,Concluída
1163,2023-02-02,66,16,Site,Cartão de Crédito,Concluída
1164,2024-07-15,448,15,Loja Física,Cartão de Crédito,Concluída
1165,2024-11-09,277,8,Loja Física,Cartão de Crédito,Cancelada
1166,2024-12-17,46,4,Site,PIX,Concluída
1167,2023-12-01,463,13,Site,Cartão de Crédito,Concluída
1168,2024-05-02,488,4,Site,Cartão de Débito,Concluída
1169,2024-05-18,47,11,Marketplace,Cartão de Débito,Concluída
1170,2024-09-07,34,11,Site,PIX,Concluída
1171,2024-01-26,335,18,Marketplace,Cartão de Crédito,Concluída
1172,2023-09-23,60,10,Loja Física,Cartão de Crédito,Concluída
1173,2023-07-12,382,4,Site,Cartão de Crédito,Concluída
1174,2024-01-25,296,1,Loja Física,PIX,Concluída
1175,2024-02-02,217,11,Site,Boleto,Concluída
1176,2023-05-10,267,20,Site,Cartão de Crédito,Concluída
1177,2024-04-16,162,5,Marketplace,Cartão de Crédito,Concluída
1178,2024-11-27,234,5,Site,Cartão de Crédito,Concluída
1179,2024-12-20,18,20,Loja Física,PIX,Concluída
1180,2023-10-08,435,19,Site,Boleto,Concluída
1181,2024-12-22,495,13,Loja Física,Boleto,Concluída
1182,2023-08-04,435,8,Site,Cartão de Crédito,Concluída
1183,2023-07-03,439,16,Site,Cartão de Crédito,Concluída
1184,2023-06-13,12,18,Site,Cartão de Crédito,Concluída
1185,2023-12-23,388,13,Site,PIX,Concluída
1186,2024-12-14,473,7,Site,PIX,Concluída
1187,2023-11-28,386,19,Marketplace,Cartão de Crédito,Concluída
1188,2023-11-08,235,6,Site,Cartão de Crédito,Concluída
1189,2023-05-29,108,7,Marketplace,Cartão de Crédito,Concluída
1190,2024-01-06,372,19,Loja Física,Boleto,Concluída
1191,2024-01-21,487,14,Site,Cartão de Crédito,Concluída
1192,2023-12-31,499,16,Loja Física,Cartão de Crédito,Devolvida
1193,2024-10-27,174,19,Site,Cartão de Crédito,Concluída
1194,2023-09-08,18,4,Loja Física,Cartão de Crédito,Concluída
1195,2023-06-26,335,13,Site,Cartão de Débito,Concluída
1196,2023-04-02,399,15,Marketplace,PIX,Concluída
1197,2024-10-30,228,12,Loja Física,Cartão de Crédito,Concluída
1198,2024-10-18,343,17,Loja Física,PIX,Devolvida
1199,2024-05-06,141,4,Site,Cartão de Crédito,Concluída
1200,2024-10-22,360,14,Loja Física,Cartão de Crédito,Concluída
1201,2024-12-31,466,18,Loja Física,Boleto,Concluída
1202,2024-07-23,419,18,Site,PIX,Concluída
1203,2024-08-21,276,4,Site,Cartão de Crédito,Concluída
1204,2023-05-01,93,20,Site,Cartão de Crédito,Concluída
1205,2023-11-18,63,2,Loja Física,Cartão de Crédito,Concluída
1206,2024-07-29,132,2,Loja Física,Cartão de Crédito,Concluída
1207,2024-07-11,88,14,Marketplace,PIX,Concluída
1208,2023-02-17,485,17,Marketplace,Cartão de Crédito,Concluída
1209,2023-05-24,296,16,Site,PIX,Devolvida
1210,2023-12-27,311,18,Site,PIX,Concluída
1211,2023-02-15,122,2,Loja Física,Cartão de Crédito,Concluída
1212,2023-05-18,309,18,Loja Física,Cartão de Crédito,Concluída
1213,2024-09-29,217,3,Site,Cartão de Crédito,Concluída
1214,2023-06-17,205,15,Loja Física,Cartão de Crédito,Concluída
1215,2024-12-12,74,18,Loja Física,PIX,Concluída
1216,2024-10-10,357,7,Site,PIX,Concluída
1217,2024-06-07,310,6,Site,Cartão de Crédito,Devolvida
1218,2024-03-20,195,1,Marketplace,Cartão de Crédito,Concluída
1219,2024-06-28,57,18,Site,Cartão de Crédito,Concluída
1220,2023-12-08,399,9,Loja Física,Boleto,Concluída
1221,2023-04-11,194,8,Site,Cartão de Crédito,Concluída
1222,2023-06-29,270,10,Site,Boleto,Concluída
1223,2023-12-24,359,19,Marketplace,PIX,Concluída
1224,2023-02-19,88,11,Marketplace,Cartão de Crédito,Concluída
1225,2024-11-25,496,18,Site,Cartão de Débito,Concluída
1226,2024-08-29,66,9,Loja Física,PIX,Concluída
1227,2023-05-10,74,13,Site,Cartão de Crédito,Concluída
1228,2024-10-16,499,12,Site,Cartão de Crédito,Concluída
1229,2024-12-24,235,6,Site,Cartão de Crédito,Concluída
1230,2023-10-21,142,14,Site,PIX,Concluída
1231,2023-08-23,157,3,Marketplace,Cartão de Crédito,Concluída
1232,2023-04-03,325,3,Loja Física,Cartão de Crédito,Concluída
1233,2024-08-12,30,3,Site,PIX,Concluída
1234,2023-01-11,493,14,Site,Cartão de Débito,Concluída
1235,2024-05-24,264,18,Site,Cartão de Crédito,Concluída
1236,2023-01-08,366,14,Site,PIX,Concluída
1237,2024-11-08,487,17,Site,Cartão de Crédito,Concluída
1238,2023-06-22,346,17,Marketplace,Cartão de Crédito,Concluída
1239,2023-05-17,264,12,Marketplace,Cartão de Crédito,Concluída
1240,2024-01-18,497,4,Loja Física,PIX,Concluída
1241,2023-05-01,149,10,Site,Cartão de Crédito,Concluída
1242,2024-10-08,292,13,Loja Física,Cartão de Crédito,Concluída
1243,2024-10-20,264,2,Marketplace,Cartão de Débito,Concluída
1244,2023-02-28,183,1,Site,Cartão de Crédito,Concluída
1245,2023-01-06,180,6,Site,Cartão de Crédito,Concluída
1246,2023-07-22,44,17,Site,Cartão de Crédito,Concluída
1247,2024-05-14,4,5,Site,Cartão de Crédito,Concluída
1248,2024-01-19,154,12,Site,Cartão de Crédito,Concluída
1249,2023-04-22,225,15,Loja Física,Cartão de Crédito,Concluída
1250,2024-01-03,453,7,Loja Física,Cartão de Crédito,Concluída
1251,2024-03-07,381,11,Marketplace,Cartão de Crédito,Concluída
1252,2024-05-05,492,9,Loja Física,Cartão de Crédito,Concluída
1253,2024-11-29,366,5,Loja Física,Boleto,Concluída
1254,2024-05-28,372,13,Loja Física,Cartão de Débito,Concluída
1255,2023-05-10,80,12,Site,Boleto,Concluída
1256,2024-11-25,425,11,Site,PIX,Concluída
1257,2024-05-06,149,10,Site,Boleto,Concluída
1258,2023-06-06,374,17,Loja Física,Cartão de Crédito,Concluída
1259,2023-09-27,359,8,Site,Cartão de Crédito,Concluída
1260,2023-04-16,359,17,Site,Cartão de Crédito,Concluída
1261,2024-10-06,325,5,Loja Física,Cartão de Crédito,Concluída
1262,2023-07-16,476,5,Site,PIX,Concluída
1263,2023-02-22,195,14,Site,PIX,Devolvida
1264,2023-08-16,173,14,Site,PIX,Concluída
1265,2023-11-08,57,9,Site,Cartão de Débito,Concluída
1266,2023-09-10,164,2,Loja Física,Cartão de Crédito,Concluída
1267,2023-11-26,109,10,Site,Cartão de Débito,Concluída
1268,2023-07-09,130,16,Site,Cartão de Crédito,Concluída
1269,2023-01-14,350,18,Site,Cartão de Crédito,Concluída
1270,2024-01-06,381,19,Site,Cartão de Crédito,Concluída
1271,2023-08-04,300,13,Loja Física,Cartão de Crédito,Concluída
1272,2024-09-08,62,2,Site,Cartão de Débito,Concluída
1273,2023-07-15,99,15,Marketplace,Cartão de Crédito,Concluída
1274,2023-12-18,155,16,Marketplace,Cartão de Crédito,Concluída
1275,2023-02-14,66,7,Site,PIX,Concluída
1276,2024-07-27,500,12,Marketplace,Cartão de Crédito,Concluída
1277,2024-03-22,35,16,Site,Cartão de Débito,Concluída
1278,2023-01-23,86,20,Loja Física,Cartão de Débito,Concluída
1279,2024-08-02,32,7,Site,Cartão de Crédito,Concluída
1280,2024-06-09,498,3,Loja Física,Boleto,Concluída
1281,2024-02-04,206,20,Loja Física,Cartão de Crédito,Concluída
1282,2023-08-12,304,1,Marketplace,Boleto,Concluída
1283,2024-12-25,369,17,Loja Física,Cartão de Débito,Concluída
1284,2023-10-02,283,4,Loja Física,Cartão de Crédito,Concluída
1285,2023-02-10,328,5,Marketplace,Cartão de Crédito,Concluída
1286,2023-02-22,329,8,Marketplace,Cartão de Crédito,Concluída
1287,2024-10-26,178,20,Marketplace,Cartão de Crédito,Cancelada
1288,2024-07-16,136,5,Site,PIX,Concluída
1289,2023-02-28,321,1,Marketplace,Cartão de Crédito,Cancelada
1290,2023-06-30,132,1,Site,Cartão de Débito,Concluída
1291,2024-08-20,55,13,Marketplace,Cartão de Crédito,Concluída
1292,2024-09-10,283,7,Marketplace,Cartão de Crédito,Concluída
1293,2024-08-18,323,13,Loja Física,Cartão de Crédito,Concluída
1294,2024-01-13,76,16,Loja Física,Cartão de Crédito,Concluída
1295,2023-06-30,97,19,Site,PIX,Concluída
1296,2023-01-22,159,6,Marketplace,Boleto,Concluída
1297,2023-07-12,36,5,Loja Física,Cartão de Crédito,Concluída
1298,2024-02-17,52,17,Loja Física,Boleto,Concluída
1299,2023-04-13,194,13,Loja Física,Boleto,Concluída
1300,2024-10-21,479,2,Loja Física,Boleto,Concluída
1301,2024-10-04,308,1,Site,Cartão de Crédito,Concluída
1302,2024-07-09,377,11,Marketplace,Cartão de Crédito,Concluída
1303,2024-07-30,457,15,Marketplace,Cartão de Crédito,Concluída
1304,2023-09-07,29,18,Site,PIX,Concluída
1305,2023-02-15,53,18,Loja Física,PIX,Concluída
1306,2023-05-26,1,8,Loja Física,Cartão de Crédito,Concluída
1307,2024-11-02,147,8,Marketplace,PIX,Concluída
1308,2023-04-26,252,6,Marketplace,Cartão de Crédito,Cancelada
1309,2023-10-16,183,3,Site,Cartão de Crédito,Concluída
1310,2023-03-28,459,2,Site,Cartão de Crédito,Concluída
1311,2024-09-06,93,14,Loja Física,PIX,Concluída
1312,2023-10-21,179,4,Loja Física,Cartão de Crédito,Concluída
1313,2023-09-29,416,3,Site,Cartão de Débito,Cancelada
1314,2024-11-02,76,11,Loja Física,Cartão de Crédito,Concluída
1315,2024-05-04,418,3,Loja Física,Cartão de Crédito,Concluída
1316,2023-05-29,47,11,Marketplace,Cartão de Crédito,Concluída
1317,2023-11-23,254,14,Site,Cartão de Débito,Concluída
1318,2024-10-13,171,5,Marketplace,PIX,Concluída
1319,2024-03-04,282,16,Site,Cartão de Crédito,Concluída
1320,2023-08-24,197,3,Site,Cartão de Crédito,Concluída
1321,2024-12-11,416,8,Site,Cartão de Crédito,Concluída
1322,2023-01-18,186,18,Site,Cartão de Crédito,Concluída
1323,2023-12-24,185,5,Loja Física,Cartão de Crédito,Concluída
1324,2024-03-07,125,7,Marketplace,Cartão de Crédito,Concluída
1325,2024-12-13,361,5,Site,Cartão de Crédito,Cancelada
1326,2024-01-16,28,4,Site,Cartão de Crédito,Concluída
1327,2023-06-11,16,5,Site,Cartão de Crédito,Concluída
1328,2024-08-05,426,14,Loja Física,Cartão de Crédito,Concluída
1329,2024-06-24,358,10,Site,PIX,Concluída
1330,2024-10-22,356,1,Loja Física,Cartão de Crédito,Concluída
1331,2023-02-02,310,6,Site,Cartão de Crédito,Concluída
1332,2024-11-27,486,15,Site,Boleto,Concluída
1333,2024-05-28,157,8,Site,Cartão de Crédito,Cancelada
1334,2024-06-18,194,5,Site,Cartão de Crédito,Concluída
1335,2024-02-06,95,18,Site,Cartão de Crédito,Concluída
1336,2024-05-03,161,13,Marketplace,Cartão de Crédito,Concluída
1337,2024-10-24,218,7,Loja Física,Cartão de Crédito,Concluída
1338,2023-12-10,15,8,Loja Física,PIX,Concluída
1339,2024-09-03,6,10,Loja Física,Cartão de Crédito,Concluída
1340,2023-09-04,138,3,Marketplace,PIX,Concluída
1341,2024-05-10,24,2,Loja Física,Cartão de Débito,Concluída
1342,2024-01-01,385,10,Marketplace,PIX,Concluída
1343,2024-02-05,372,12,Marketplace,PIX,Concluída
1344,2024-02-22,460,17,Loja Física,Boleto,Concluída
1345,2024-08-24,408,13,Site,Cartão de Débito,Concluída
1346,2023-06-15,78,15,Loja Física,PIX,Cancelada
1347,2023-08-26,453,7,Marketplace,PIX,Concluída
1348,2023-06-14,494,17,Site,PIX,Concluída
1349,2023-12-16,230,5,Loja Física,Cartão de Crédito,Concluída
1350,2024-03-17,21,13,Loja Física,Cartão de Débito,Concluída
1351,2023-06-06,291,16,Loja Física,Cartão de Crédito,Concluída
1352,2023-11-13,281,3,Site,Cartão de Crédito,Concluída
1353,2023-10-30,83,3,Loja Física,Cartão de Crédito,Concluída
1354,2023-07-03,364,15,Loja Física,Cartão de Crédito,Concluída
1355,2024-03-28,333,5,Marketplace,Cartão de Débito,Concluída
1356,2024-01-08,440,10,Site,Cartão de Débito,Concluída
1357,2023-05-13,226,12,Site,PIX,Concluída
1358,2023-03-27,350,14,Site,Cartão de Crédito,Concluída
1359,2024-11-29,22,20,Marketplace,Cartão de Crédito,Concluída
1360,2024-12-17,421,18,Loja Física,Cartão de Débito,Concluída
1361,2023-06-12,292,13,Marketplace,Cartão de Crédito,Concluída
1362,2024-11-16,48,12,Site,PIX,Concluída
1363,2024-04-21,56,3,Loja Física,Cartão de Crédito,Cancelada
1364,2024-02-11,394,14,Loja Física,Cartão de Crédito,Concluída
1365,2024-09-10,249,7,Site,Cartão de Crédito,Concluída
1366,2023-02-09,280,5,Marketplace,Cartão de Crédito,Concluída
1367,2024-08-04,17,20,Site,Cartão de Crédito,Concluída
1368,2024-03-16,243,7,Loja Física,Cartão de Débito,Cancelada
1369,2024-12-01,217,9,Loja Física,Cartão de Crédito,Concluída
1370,2023-10-08,208,3,Loja Física,PIX,Concluída
1371,2024-06-21,110,9,Loja Física,Cartão de Crédito,Concluída
1372,2024-03-14,176,10,Loja Física,Cartão de Crédito,Concluída
1373,2024-05-01,275,6,Marketplace,Cartão de Crédito,Concluída
1374,2024-08-07,200,1,Site,Cartão de Débito,Concluída
1375,2024-11-14,297,20,Loja Física,PIX,Concluída
1376,2023-11-21,8,5,Marketplace,Cartão de Débito,Concluída
1377,2023-11-21,59,14,Loja Física,PIX,Devolvida
1378,2023-05-09,325,15,Site,PIX,Concluída
1379,2023-07-12,216,18,Site,PIX,Concluída
1380,2023-08-03,488,7,Marketplace,PIX,Concluída
1381,2024-01-08,9,10,Marketplace,PIX,Concluída
1382,2024-12-17,256,15,Site,Cartão de Crédito,Concluída
1383,2024-03-12,268,11,Loja Física,Cartão de Crédito,Concluída
1384,2023-07-01,284,20,Loja Física,Cartão de Crédito,Concluída
1385,2024-11-06,353,14,Site,PIX,Concluída
1386,2023-04-12,45,4,Loja Física,Cartão de Crédito,Concluída
1387,2023-04-17,255,20,Marketplace,Cartão de Crédito,Concluída
1388,2024-08-18,413,2,Site,Cartão de Débito,Concluída
1389,2024-04-10,283,13,Loja Física,Cartão de Débito,Cancelada
1390,2023-12-26,496,15,Site,Boleto,Concluída
1391,2024-02-10,4,12,Site,PIX,Concluída
1392,2024-11-05,136,10,Marketplace,Boleto,Concluída
1393,2023-09-05,3,14,Loja Física,Cartão de Crédito,Concluída
1394,2024-06-15,420,20,Loja Física,Cartão de Crédito,Concluída
1395,2024-03-16,124,18,Marketplace,Cartão de Crédito,Concluída
1396,2023-02-22,411,19,Site,Cartão de Débito,Concluída
1397,2023-06-27,207,11,Site,Cartão de Crédito,Concluída
1398,2023-05-10,259,4,Site,Boleto,Concluída
1399,2024-10-04,470,9,Marketplace,Cartão de Crédito,Concluída
1400,2023-04-06,48,1,Site,PIX,Concluída
1401,2023-01-29,317,18,Marketplace,Cartão de Crédito,Concluída
1402,2023-05-14,233,12,Loja Física,PIX,Concluída
1403,2023-07-18,275,8,Site,Boleto,Concluída
1404,2023-09-24,338,2,Loja Física,Cartão de Débito,Concluída
1405,2024-10-15,297,4,Loja Física,Cartão de Débito,Concluída
1406,2023-05-26,145,9,Marketplace,Cartão de Crédito,Concluída
1407,2024-01-06,468,7,Site,Cartão de Crédito,Concluída
1408,2023-03-17,250,3,Loja Física,Cartão de Crédito,Concluída
1409,2024-10-10,466,15,Marketplace,Cartão de Crédito,Concluída
1410,2023-07-02,338,19,Site,Cartão de Débito,Concluída
1411,2023-12-18,178,16,Marketplace,PIX,Concluída
1412,2024-06-18,380,9,Marketplace,Cartão de Crédito,Concluída
1413,2023-01-24,266,17,Site,Cartão de Crédito,Concluída
1414,2023-08-11,16,11,Loja Física,Cartão de Crédito,Concluída
1415,2023-05-10,138,9,Site,Cartão de Débito,Concluída
1416,2024-07-18,334,10,Site,Boleto,Concluída
1417,2024-02-14,473,7,Loja Física,Cartão de Crédito,Concluída
1418,2023-10-15,493,13,Loja Física,Boleto,Concluída
1419,2023-06-19,407,7,Marketplace,Cartão de Crédito,Concluída
1420,2024-03-09,306,9,Marketplace,PIX,Concluída
1421,2024-03-15,103,19,Site,Cartão de Débito,Concluída
1422,2024-04-05,86,2,Marketplace,Cartão de Crédito,Concluída
1423,2024-09-10,424,17,Site,Cartão de Crédito,Concluída
1424,2023-11-27,220,6,Site,Cartão de Crédito,Concluída
1425,2024-01-16,75,11,Loja Física,Cartão de Crédito,Concluída
1426,2023-12-03,110,15,Site,Cartão de Crédito,Concluída
1427,2023-03-09,198,10,Site,PIX,Concluída
1428,2023-10-12,367,20,Marketplace,Boleto,Concluída
1429,2024-08-10,458,14,Site,Cartão de Crédito,Concluída
1430,2023-07-22,101,2,Marketplace,Cartão de Crédito,Devolvida
1431,2024-03-07,62,4,Site,PIX,Concluída
1432,2023-08-31,296,1,Loja Física,PIX,Concluída
1433,2023-01-05,467,15,Loja Física,Boleto,Concluída
1434,2024-06-30,471,17,Loja Física,PIX,Concluída
1435,2023-04-08,425,14,Site,Cartão de Crédito,Concluída
1436,2024-02-14,41,18,Site,Cartão de Crédito,Concluída
1437,2023-11-02,357,15,Site,PIX,Concluída
1438,2024-01-18,481,20,Loja Física,Cartão de Crédito,Concluída
1439,2023-05-23,54,11,Marketplace,PIX,Concluída
1440,2023-04-01,98,12,Marketplace,PIX,Concluída
1441,2024-12-05,445,2,Loja Física,Boleto,Concluída
1442,2023-11-08,39,9,Loja Física,PIX,Concluída
1443,2023-10-04,358,6,Marketplace,PIX,Concluída
1444,2023-11-23,442,5,Site,Cartão de Débito,Cancelada
1445,2024-02-28,327,15,Site,PIX,Concluída
1446,2024-05-04,339,16,Marketplace,Cartão de Crédito,Concluída
1447,2023-08-20,48,9,Site,PIX,Concluída
1448,2023-09-06,338,7,Site,Cartão de Crédito,Concluída
1449,2023-08-06,7,7,Site,Cartão de Crédito,Concluída
1450,2023-12-15,107,19,Site,PIX,Concluída
1451,2023-11-16,363,15,Site,Boleto,Concluída
1452,2023-05-14,113,12,Site,Cartão de Crédito,Concluída
1453,2023-07-27,400,13,Loja Física,Cartão de Crédito,Concluída
1454,2023-11-11,488,19,Site,Cartão de Crédito,Concluída
1455,2023-04-23,124,1,Marketplace,Cartão de Crédito,Concluída
1456,2024-11-08,272,15,Site,Cartão de Crédito,Concluída
1457,2023-12-29,221,7,Loja Física,PIX,Concluída
1458,2023-02-24,226,9,Site,Cartão de Crédito,Concluída
1459,2024-03-08,100,10,Loja Física,Cartão de Crédito,Concluída
1460,2024-09-14,253,17,Site,PIX,Concluída
1461,2023-04-24,113,4,Loja Física,Cartão de Crédito,Concluída
1462,2023-03-09,273,4,Loja Física,Cartão de Débito,Concluída
1463,2024-02-19,201,13,Loja Física,PIX,Concluída
1464,2023-10-02,254,7,Loja Física,Cartão de Crédito,Concluída
1465,2024-12-23,306,10,Site,Cartão de Crédito,Concluída
1466,2024-12-18,319,16,Site,Cartão de Débito,Concluída
1467,2023-06-24,162,3,Loja Física,Cartão de Crédito,Concluída
1468,2023-01-14,342,16,Site,Cartão de Crédito,Cancelada
1469,2023-03-20,88,1,Site,Cartão de Débito,Concluída
1470,2024-05-15,448,8,Site,Cartão de Crédito,Concluída
1471,2024-11-27,149,8,Site,Cartão de Crédito,Concluída
1472,2023-04-07,52,10,Marketplace,Cartão de Crédito,Concluída
1473,2023-12-26,280,9,Site,Cartão de Crédito,Concluída
1474,2023-12-28,155,11,Marketplace,Boleto,Concluída
1475,2024-09-02,248,4,Loja Física,PIX,Concluída
1476,2023-06-01,211,8,Site,Cartão de Crédito,Concluída
1477,2023-09-08,296,14,Site,PIX,Concluída
1478,2024-01-22,328,4,Marketplace,Cartão de Débito,Concluída
1479,2024-04-05,491,17,Loja Física,Cartão de Débito,Concluída
1480,2023-12-06,201,19,Site,Cartão de Débito,Concluída
1481,2023-02-12,297,17,Site,Boleto,Concluída
1482,2024-04-10,291,12,Loja Física,Cartão de Débito,Concluída
1483,2024-12-02,76,15,Site,PIX,Concluída
1484,2024-07-25,341,6,Loja Física,Cartão de Crédito,Concluída
1485,2023-01-16,233,2,Loja Física,Boleto,Concluída
1486,2024-05-15,157,1,Site,PIX,Concluída
1487,2023-09-15,71,12,Marketplace,Boleto,Concluída
1488,2024-07-28,80,3,Site,Cartão de Crédito,Concluída
1489,2024-03-18,300,3,Loja Física,Cartão de Crédito,Concluída
1490,2023-09-12,416,13,Site,Cartão de Débito,Concluída
1491,2023-09-25,472,10,Site,Cartão de Crédito,Concluída
1492,2023-11-27,412,19,Loja Física,Boleto,Concluída
1493,2024-03-02,284,7,Loja Física,Cartão de Crédito,Concluída
1494,2024-10-05,237,18,Loja Física,Boleto,Concluída
1495,2023-04-09,71,17,Site,Cartão de Crédito,Concluída
1496,2024-12-30,184,15,Site,Cartão de Crédito,Cancelada
1497,2024-04-17,15,18,Loja Física,Boleto,Concluída
1498,2023-05-24,315,10,Site,PIX,Concluída
1499,2024-09-27,279,19,Marketplace,Cartão de Crédito,Concluída
1500,2023-05-09,207,1,Site,Boleto,Concluída
1501,2023-02-25,44,2,Loja Física,Cartão de Débito,Concluída
1502,2024-08-31,50,10,Site,PIX,Concluída
1503,2023-05-05,380,19,Site,PIX,Concluída
1504,2023-07-29,265,5,Site,Cartão de Débito,Concluída
1505,2024-11-22,328,5,Loja Física,Cartão de Crédito,Devolvida
1506,2023-01-07,413,16,Site,Cartão de Crédito,Concluída
1507,2023-06-06,310,4,Site,Cartão de Crédito,Concluída
1508,2023-01-26,427,17,Site,Cartão de Crédito,Concluída
1509,2024-02-19,248,6,Marketplace,Boleto,Concluída
1510,2024-09-19,349,15,Marketplace,PIX,Concluída
1511,2024-10-13,12,6,Loja Física,PIX,Concluída
1512,2024-06-07,380,18,Loja Física,Cartão de Crédito,Concluída
1513,2023-04-13,492,19,Site,PIX,Concluída
1514,2024-12-15,410,4,Site,Boleto,Concluída
1515,2023-10-18,235,4,Site,Cartão de Crédito,Concluída
1516,2024-10-22,334,20,Site,Cartão de Débito,Concluída
1517,2023-05-23,240,15,Loja Física,Cartão de Débito,Concluída
1518,2024-05-30,108,12,Marketplace,PIX,Concluída
1519,2023-06-28,336,5,Site,PIX,Concluída
1520,2023-05-24,143,10,Marketplace,Cartão de Crédito,Concluída
1521,2024-05-10,193,16,Site,Cartão de Crédito,Concluída
1522,2024-06-03,398,17,Loja Física,PIX,Concluída
1523,2024-08-17,179,19,Site,Cartão de Crédito,Concluída
1524,2023-06-12,119,4,Site,Cartão de Crédito,Concluída
1525,2023-11-28,390,8,Marketplace,Boleto,Concluída
1526,2023-08-31,54,6,Site,Cartão de Crédito,Cancelada
1527,2023-03-07,32,20,Loja Física,Cartão de Crédito,Concluída
1528,2024-03-28,391,12,Site,Boleto,Concluída
1529,2023-11-25,56,15,Site,Cartão de Débito,Concluída
1530,2023-07-24,101,9,Site,PIX,Concluída
1531,2023-06-15,223,17,Marketplace,Cartão de Crédito,Concluída
1532,2024-10-06,492,4,Loja Física,Boleto,Concluída
1533,2024-01-04,397,14,Site,Cartão de Débito,Concluída
1534,2024-11-29,374,17,Site,Boleto,Concluída
1535,2024-04-30,257,12,Site,Cartão de Débito,Concluída
1536,2023-03-10,225,14,Site,Cartão de Débito,Concluída
1537,2023-05-11,401,17,Loja Física,Cartão de Crédito,Concluída
1538,2024-09-07,277,11,Loja Física,Boleto,Concluída
1539,2023-09-15,200,12,Loja Física,Cartão de Débito,Cancelada
1540,2023-03-18,274,19,Loja Física,PIX,Concluída
1541,2023-11-16,205,20,Loja Física,PIX,Concluída
1542,2024-04-27,480,9,Site,Cartão de Crédito,Concluída
1543,2023-07-25,172,2,Loja Física,PIX,Concluída
1544,2024-11-10,468,2,Loja Física,Cartão de Crédito,Cancelada
1545,2024-09-16,360,2,Loja Física,Cartão de Crédito,Concluída
1546,2024-09-19,476,3,Marketplace,Cartão de Crédito,Concluída
1547,2023-02-12,54,2,Site,Cartão de Crédito,Concluída
1548,2024-05-04,156,8,Loja Física,Cartão de Crédito,Concluída
1549,2023-07-20,274,20,Marketplace,PIX,Concluída
1550,2024-07-19,247,2,Site,Cartão de Crédito,Concluída
1551,2024-12-19,219,18,Loja Física,Cartão de Crédito,Concluída
1552,2024-01-12,181,7,Loja Física,Cartão de Débito,Concluída
1553,2023-04-05,302,1,Loja Física,PIX,Concluída
1554,2024-07-03,291,2,Marketplace,Cartão de Crédito,Concluída
1555,2023-02-28,40,2,Loja Física,Cartão de Crédito,Concluída
1556,2023-12-25,309,8,Marketplace,Cartão de Crédito,Concluída
1557,2024-11-04,63,3,Loja Física,Cartão de Débito,Concluída
1558,2024-12-23,377,12,Marketplace,Cartão de Débito,Concluída
1559,2023-11-06,483,12,Site,Cartão de Crédito,Concluída
1560,2024-06-23,458,9,Loja Física,PIX,Concluída
1561,2023-12-21,462,14,Site,PIX,Concluída
1562,2023-07-28,467,5,Marketplace,PIX,Concluída
1563,2024-07-20,108,4,Site,Boleto,Concluída
1564,2023-08-29,358,15,Site,Cartão de Crédito,Concluída
1565,2024-05-25,429,2,Loja Física,PIX,Concluída
1566,2023-03-28,31,9,Marketplace,Cartão de Crédito,Concluída
1567,2024-01-27,197,15,Loja Física,Cartão de Crédito,Concluída
1568,2024-03-17,273,2,Site,Cartão de Crédito,Concluída
1569,2023-01-27,466,20,Site,Cartão de Crédito,Concluída
1570,2023-09-26,415,19,Loja Física,Cartão de Crédito,Concluída
1571,2024-09-28,223,14,Site,Cartão de Débito,Concluída
1572,2023-04-22,284,13,Marketplace,Cartão de Débito,Concluída
1573,2024-07-01,238,14,Site,PIX,Concluída
1574,2023-06-16,492,13,Site,Cartão de Débito,Concluída
1575,2023-01-16,144,9,Loja Física,Cartão de Crédito,Concluída
1576,2023-12-12,293,13,Loja Física,Cartão de Crédito,Concluída
1577,2023-09-14,401,20,Loja Física,Cartão de Crédito,Concluída
1578,2023-09-28,434,6,Site,Cartão de Crédito,Concluída
1579,2023-02-07,495,12,Site,Boleto,Concluída
1580,2023-03-01,297,3,Loja Física,PIX,Concluída
1581,2023-03-07,226,6,Loja Física,Boleto,Concluída
1582,2024-05-21,66,8,Site,Cartão de Crédito,Concluída
1583,2023-02-20,120,4,Site,Cartão de Crédito,Concluída
1584,2024-03-26,297,11,Loja Física,PIX,Concluída
1585,2023-09-23,500,9,Loja Física,Boleto,Concluída
1586,2024-07-07,368,2,Site,Cartão de Crédito,Concluída
1587,2024-03-30,58,17,Loja Física,Cartão de Crédito,Concluída
1588,2024-11-28,213,3,Site,Cartão de Débito,Concluída
1589,2023-12-01,311,12,Loja Física,Cartão de Crédito,Concluída
1590,2024-04-26,483,10,Site,Cartão de Crédito,Concluída
1591,2023-06-03,467,19,Loja Física,PIX,Concluída
1592,2024-06-07,367,17,Site,PIX,Concluída
1593,2024-01-23,426,19,Loja Física,PIX,Concluída
1594,2024-10-26,41,3,Marketplace,Cartão de Débito,Concluída
1595,2024-08-11,323,18,Site,PIX,Concluída
1596,2024-06-24,409,2,Site,PIX,Concluída
1597,2023-11-21,138,7,Marketplace,Cartão de Crédito,Concluída
1598,2023-09-06,410,12,Loja Física,Cartão de Crédito,Cancelada
1599,2024-12-10,124,15,Site,Cartão de Débito,Concluída
1600,2023-12-27,287,17,Loja Física,Cartão de Crédito,Concluída
1601,2023-08-24,230,14,Loja Física,Boleto,Devolvida
1602,2024-07-04,126,14,Site,PIX,Concluída
1603,2023-10-21,175,11,Loja Física,Cartão de Crédito,Concluída
1604,2023-06-01,295,16,Site,Boleto,Concluída
1605,2024-04-09,8,6,Loja Física,Cartão de Crédito,Concluída
1606,2024-04-26,381,4,Loja Física,Cartão de Crédito,Concluída
1607,2024-12-07,86,3,Loja Física,Cartão de Débito,Concluída
1608,2024-03-08,182,5,Site,PIX,Concluída
1609,2023-05-02,173,11,Site,PIX,Devolvida
1610,2023-02-16,38,12,Marketplace,Cartão de Débito,Concluída
1611,2024-03-22,149,16,Site,PIX,Concluída
1612,2024-08-26,470,17,Loja Física,Cartão de Débito,Concluída
1613,2024-01-14,346,15,Site,Cartão de Crédito,Concluída
1614,2024-08-25,144,4,Loja Física,Cartão de Crédito,Concluída
1615,2024-06-14,460,17,Site,Boleto,Concluída
1616,2023-11-27,197,11,Site,Cartão de Débito,Concluída
1617,2023-08-04,221,17,Loja Física,Cartão de Débito,Concluída
1618,2023-12-22,146,6,Loja Física,Cartão de Crédito,Concluída
1619,2023-06-23,148,9,Marketplace,Boleto,Concluída
1620,2024-11-13,143,5,Loja Física,PIX,Concluída
1621,2023-06-22,15,20,Marketplace,Cartão de Débito,Concluída
1622,2023-07-19,4,16,Marketplace,Cartão de Crédito,Concluída
1623,2024-08-07,219,15,Site,Boleto,Concluída
1624,2023-04-23,367,4,Site,Cartão de Crédito,Concluída
1625,2023-05-21,143,4,Marketplace,Boleto,Concluída
1626,2023-08-16,373,3,Loja Física,PIX,Concluída
1627,2024-10-07,377,17,Site,Cartão de Crédito,Concluída
1628,2023-02-09,222,4,Marketplace,Boleto,Concluída
1629,2024-07-25,339,2,Marketplace,PIX,Concluída
1630,2024-08-23,193,8,Site,Cartão de Crédito,Concluída
1631,2023-07-11,376,16,Loja Física,Cartão de Crédito,Concluída
1632,2024-06-12,439,7,Loja Física,Cartão de Crédito,Concluída
1633,2023-08-02,364,6,Loja Física,PIX,Concluída
1634,2024-10-08,299,8,Site,Cartão de Crédito,Concluída
1635,2023-07-04,450,10,Marketplace,Cartão de Débito,Concluída
1636,2024-05-16,408,13,Site,PIX,Concluída
1637,2023-08-13,58,10,Site,Cartão de Crédito,Concluída
1638,2024-03-11,60,6,Site,Cartão de Crédito,Concluída
1639,2024-12-14,204,5,Site,Cartão de Crédito,Concluída
1640,2024-05-15,308,14,Site,Cartão de Crédito,Concluída
1641,2023-08-09,456,14,Loja Física,Boleto,Concluída
1642,2023-11-22,211,13,Marketplace,Cartão de Crédito,Concluída
1643,2023-02-25,138,16,Site,Cartão de Crédito,Concluída
1644,2023-11-12,230,14,Loja Física,Cartão de Débito,Concluída
1645,2024-10-02,57,20,Site,Cartão de Crédito,Concluída
1646,2023-01-22,411,13,Loja Física,PIX,Concluída
1647,2024-07-20,33,2,Site,Cartão de Crédito,Concluída
1648,2023-06-10,430,18,Site,PIX,Concluída
1649,2023-06-15,467,12,Loja Física,Cartão de Crédito,Concluída
1650,2023-01-14,19,1,Site,PIX,Concluída
1651,2024-05-11,22,6,Loja Física,Cartão de Crédito,Concluída
1652,2024-12-05,127,2,Loja Física,Cartão de Crédito,Concluída
1653,2024-11-02,206,5,Marketplace,Cartão de Débito,Concluída
1654,2023-03-20,38,17,Site,Boleto,Concluída
1655,2023-01-16,381,18,Site,Cartão de Crédito,Concluída
1656,2024-02-05,100,20,Marketplace,Boleto,Concluída
1657,2023-01-24,155,9,Site,Cartão de Crédito,Cancelada
1658,2024-08-13,242,13,Loja Física,Cartão de Crédito,Cancelada
1659,2024-07-28,143,16,Loja Física,PIX,Concluída
1660,2024-01-27,9,16,Site,Cartão de Débito,Concluída
1661,2023-04-21,232,8,Site,Cartão de Crédito,Concluída
1662,2024-04-02,190,16,Site,PIX,Concluída
1663,2024-10-07,500,3,Loja Física,Cartão de Crédito,Concluída
1664,2024-05-16,304,8,Loja Física,Cartão de Crédito,Concluída
1665,2024-06-19,371,19,Site,Cartão de Crédito,Concluída
1666,2024-02-26,160,11,Marketplace,Cartão de Crédito,Concluída
1667,2024-09-05,209,1,Loja Física,Cartão de Crédito,Concluída
1668,2024-05-15,280,16,Loja Física,PIX,Concluída
1669,2024-12-26,248,17,Site,PIX,Concluída
1670,2023-04-18,218,3,Site,Boleto,Concluída
1671,2023-05-05,86,7,Site,Cartão de Débito,Concluída
1672,2024-03-10,254,6,Site,PIX,Concluída
1673,2024-07-14,215,13,Loja Física,Cartão de Crédito,Devolvida
1674,2024-11-23,139,17,Loja Física,Cartão de Débito,Concluída
1675,2023-06-19,73,10,Site,Cartão de Crédito,Concluída
1676,2024-01-16,266,20,Loja Física,Cartão de Crédito,Concluída
1677,2023-05-19,85,17,Site,Cartão de Crédito,Concluída
1678,2023-07-03,77,16,Loja Física,Cartão de Débito,Concluída
1679,2023-07-12,103,4,Site,Cartão de Crédito,Concluída
1680,2024-04-24,305,6,Loja Física,PIX,Concluída
1681,2023-12-20,322,1,Marketplace,Cartão de Crédito,Concluída
1682,2024-03-12,300,10,Site,Boleto,Concluída
1683,2024-07-28,278,7,Loja Física,Cartão de Crédito,Concluída
1684,2023-10-14,92,9,Site,Cartão de Crédito,Concluída
1685,2024-10-22,393,13,Loja Física,Boleto,Concluída
1686,2023-10-11,495,20,Site,Cartão de Crédito,Concluída
1687,2023-08-26,111,3,Marketplace,PIX,Concluída
1688,2024-05-01,448,1,Loja Física,Cartão de Débito,Concluída
1689,2024-06-07,414,15,Site,Cartão de Crédito,Concluída
1690,2023-05-01,124,18,Site,Boleto,Concluída
1691,2023-12-30,160,17,Loja Física,Cartão de Crédito,Concluída
1692,2023-08-08,490,6,Marketplace,Boleto,Concluída
1693,2024-03-23,287,15,Site,Boleto,Concluída
1694,2024-07-25,461,14,Site,Cartão de Crédito,Concluída
1695,2024-04-22,395,12,Site,Cartão de Crédito,Concluída
1696,2023-07-15,196,12,Loja Física,PIX,Concluída
1697,2024-03-28,185,17,Loja Física,PIX,Concluída
1698,2024-01-13,469,9,Site,Cartão de Crédito,Concluída
1699,2024-10-24,141,16,Site,Cartão de Débito,Concluída
1700,2023-10-08,321,2,Marketplace,Boleto,Concluída
1701,2024-04-27,312,15,Site,Cartão de Crédito,Concluída
1702,2024-07-12,414,4,Loja Física,Cartão de Crédito,Concluída
1703,2023-06-06,362,6,Marketplace,Cartão de Crédito,Concluída
1704,2023-05-03,29,15,Site,Cartão de Crédito,Concluída
1705,2024-07-11,143,7,Site,PIX,Concluída
1706,2024-11-19,435,11,Marketplace,Cartão de Crédito,Devolvida
1707,2024-01-11,265,1,Marketplace,Cartão de Crédito,Concluída
1708,2024-11-16,32,3,Loja Física,Boleto,Concluída
1709,2023-10-01,43,6,Site,Cartão de Crédito,Concluída
1710,2024-06-01,210,6,Site,Boleto,Cancelada
1711,2023-11-15,141,18,Site,Cartão de Crédito,Concluída
1712,2024-12-14,45,19,Marketplace,Cartão de Crédito,Concluída
1713,2023-07-06,374,3,Loja Física,PIX,Cancelada
1714,2023-06-23,404,1,Loja Física,Cartão de Crédito,Concluída
1715,2023-09-10,158,7,Site,PIX,Concluída
1716,2024-01-24,362,10,Loja Física,Cartão de Crédito,Concluída
1717,2023-08-20,428,7,Loja Física,Cartão de Crédito,Cancelada
1718,2023-09-23,358,15,Loja Física,Cartão de Crédito,Concluída
1719,2023-12-24,396,17,Site,PIX,Concluída
1720,2023-02-07,487,19,Site,PIX,Concluída
1721,2024-12-20,223,12,Site,PIX,Concluída
1722,2023-12-17,359,17,Site,PIX,Concluída
1723,2024-06-09,396,7,Loja Física,Cartão de Crédito,Concluída
1724,2023-04-29,265,6,Site,Cartão de Crédito,Concluída
1725,2024-07-31,194,19,Marketplace,Cartão de Crédito,Concluída
1726,2024-01-03,446,1,Loja Física,Cartão de Crédito,Concluída
1727,2023-04-13,96,12,Loja Física,Cartão de Crédito,Concluída
1728,2023-01-23,225,20,Site,PIX,Concluída
1729,2024-02-13,243,8,Loja Física,Cartão de Crédito,Concluída
1730,2024-11-25,206,10,Loja Física,Cartão de Débito,Concluída
1731,2024-06-03,56,14,Site,Cartão de Crédito,Concluída
1732,2024-08-30,15,6,Site,Cartão de Débito,Concluída
1733,2024-12-15,483,17,Loja Física,Cartão de Débito,Concluída
1734,2023-05-14,340,11,Site,Cartão de Crédito,Concluída
1735,2023-05-25,411,12,Site,Cartão de Crédito,Concluída
1736,2023-06-01,103,6,Loja Física,Cartão de Crédito,Concluída
1737,2023-07-28,224,3,Site,Cartão de Crédito,Concluída
1738,2024-01-19,3,16,Loja Física,Cartão de Crédito,Concluída
1739,2024-02-08,358,7,Marketplace,PIX,Concluída
1740,2024-12-24,125,4,Site,Cartão de Crédito,Concluída
1741,2024-02-14,396,11,Marketplace,Boleto,Concluída
1742,2024-03-10,306,13,Site,Cartão de Crédito,Concluída
1743,2024-08-23,14,8,Marketplace,Cartão de Crédito,Concluída
1744,2024-01-06,175,17,Marketplace,PIX,Concluída
1745,2023-03-21,331,8,Loja Física,Cartão de Crédito,Concluída
1746,2024-03-21,48,11,Site,Cartão de Crédito,Concluída
1747,2023-11-15,199,16,Loja Física,Cartão de Débito,Concluída
1748,2023-06-17,204,17,Marketplace,Cartão de Crédito,Concluída
1749,2024-12-03,376,4,Site,Cartão de Crédito,Concluída
1750,2023-06-14,164,5,Site,Cartão de Crédito,Concluída
1751,2024-05-12,335,13,Site,Cartão de Crédito,Concluída
1752,2024-10-11,60,20,Marketplace,Cartão de Débito,Concluída
1753,2024-04-29,365,11,Marketplace,Cartão de Débito,Concluída
1754,2023-07-03,218,18,Site,Cartão de Débito,Concluída
1755,2023-01-08,173,19,Loja Física,PIX,Concluída
1756,2024-04-10,223,2,Site,Cartão de Crédito,Concluída
1757,2024-04-16,188,2,Marketplace,PIX,Concluída
1758,2023-12-12,346,10,Site,Cartão de Crédito,Concluída
1759,2023-10-28,183,14,Loja Física,Cartão de Crédito,Concluída
1760,2024-09-02,58,12,Site,PIX,Concluída
1761,2023-06-29,44,18,Loja Física,PIX,Concluída
1762,2024-03-17,458,9,Loja Física,Cartão de Crédito,Concluída
1763,2024-06-20,292,15,Loja Física,Cartão de Crédito,Concluída
1764,2024-09-15,371,4,Site,Cartão de Débito,Concluída
1765,2024-10-14,384,10,Site,Cartão de Crédito,Cancelada
1766,2023-09-21,370,3,Marketplace,Cartão de Crédito,Concluída
1767,2023-07-16,293,9,Marketplace,PIX,Concluída
1768,2023-09-07,356,2,Site,Cartão de Crédito,Concluída
1769,2024-03-23,141,6,Loja Física,PIX,Concluída
1770,2023-07-05,348,10,Loja Física,Cartão de Crédito,Concluída
1771,2024-02-29,337,5,Loja Física,Cartão de Crédito,Concluída
1772,2024-10-12,163,4,Loja Física,Cartão de Crédito,Concluída
1773,2023-03-07,314,10,Site,PIX,Concluída
1774,2024-03-06,326,20,Loja Física,Cartão de Crédito,Concluída
1775,2023-01-13,176,11,Loja Física,Boleto,Concluída
1776,2024-05-25,108,18,Site,PIX,Concluída
1777,2023-02-03,339,19,Marketplace,PIX,Concluída
1778,2023-12-20,43,7,Site,PIX,Concluída
1779,2023-11-19,232,15,Loja Física,PIX,Concluída
1780,2023-12-27,290,14,Site,Boleto,Concluída
1781,2023-10-18,285,16,Marketplace,Cartão de Crédito,Concluída
1782,2024-01-23,311,4,Loja Física,Cartão de Crédito,Devolvida
1783,2024-08-07,149,6,Marketplace,Boleto,Devolvida
1784,2024-02-15,282,14,Site,Cartão de Crédito,Concluída
1785,2023-10-13,164,12,Site,PIX,Concluída
1786,2024-10-10,391,11,Site,PIX,Concluída
1787,2024-02-18,254,15,Loja Física,Cartão de Débito,Concluída
1788,2023-07-01,205,10,Loja Física,Boleto,Concluída
1789,2024-11-02,89,4,Site,PIX,Cancelada
1790,2024-02-25,97,1,Site,Cartão de Crédito,Concluída
1791,2023-03-24,307,19,Site,Cartão de Débito,Concluída
1792,2023-09-13,86,19,Site,PIX,Cancelada
1793,2023-01-24,381,20,Marketplace,PIX,Concluída
1794,2023-07-17,436,6,Site,PIX,Concluída
1795,2024-04-28,480,7,Loja Física,Cartão de Crédito,Concluída
1796,2023-07-31,296,15,Site,PIX,Concluída
1797,2023-09-05,408,6,Marketplace,PIX,Concluída
1798,2024-09-10,429,11,Marketplace,Cartão de Débito,Concluída
1799,2023-03-13,4,2,Site,Cartão de Crédito,Concluída
1800,2024-04-26,442,13,Loja Física,Cartão de Crédito,Concluída
1801,2024-07-04,62,20,Site,PIX,Concluída
1802,2024-05-07,424,2,Loja Física,Cartão de Crédito,Concluída
1803,2023-02-10,187,13,Site,PIX,Concluída
1804,2024-03-14,404,4,Loja Física,Boleto,Concluída
1805,2024-08-16,386,4,Site,Cartão de Crédito,Concluída
1806,2023-05-26,468,8,Site,Cartão de Crédito,Concluída
1807,2024-10-19,356,3,Site,PIX,Concluída
1808,2023-09-24,176,10,Site,Cartão de Crédito,Concluída
1809,2023-09-22,291,9,Site,Boleto,Concluída
1810,2023-10-23,14,8,Marketplace,PIX,Concluída
1811,2023-11-11,484,6,Site,Cartão de Crédito,Concluída
1812,2024-11-20,151,5,Site,PIX,Concluída
1813,2023-10-27,440,13,Loja Física,Cartão de Crédito,Concluída
1814,2024-08-20,156,5,Site,Cartão de Crédito,Concluída
1815,2024-06-13,208,16,Site,Cartão de Crédito,Concluída
1816,2023-06-09,301,17,Loja Física,Cartão de Crédito,Concluída
1817,2024-05-11,332,6,Marketplace,Cartão de Crédito,Concluída
1818,2024-01-24,8,3,Loja Física,Cartão de Crédito,Concluída
1819,2023-10-12,312,4,Site,Cartão de Crédito,Concluída
1820,2024-10-15,465,1,Marketplace,Boleto,Concluída
1821,2024-06-20,460,8,Site,Cartão de Crédito,Concluída
1822,2024-10-03,51,11,Site,Cartão de Crédito,Cancelada
1823,2024-07-04,447,3,Marketplace,Cartão de Crédito,Concluída
1824,2023-09-11,126,9,Site,Cartão de Crédito,Concluída
1825,2023-09-08,117,15,Loja Física,Cartão de Débito,Concluída
1826,2023-10-12,47,7,Site,Cartão de Débito,Concluída
1827,2023-05-16,268,10,Loja Física,Cartão de Crédito,Concluída
1828,2024-08-18,245,15,Loja Física,Cartão de Débito,Concluída
1829,2024-10-11,38,7,Site,Cartão de Crédito,Concluída
1830,2023-04-13,278,19,Loja Física,Cartão de Crédito,Concluída
1831,2024-08-18,221,4,Site,Cartão de Crédito,Concluída
1832,2024-08-26,413,20,Site,Cartão de Débito,Concluída
1833,2024-02-21,308,9,Site,Cartão de Crédito,Concluída
1834,2024-06-10,146,10,Loja Física,PIX,Concluída
1835,2024-11-25,288,17,Loja Física,Cartão de Crédito,Cancelada
1836,2023-07-06,250,1,Loja Física,Cartão de Débito,Concluída
1837,2023-06-17,92,3,Site,PIX,Concluída
1838,2024-03-29,176,18,Marketplace,Cartão de Crédito,Concluída
1839,2023-08-26,110,10,Site,Cartão de Crédito,Concluída
1840,2023-04-16,351,10,Marketplace,Cartão de Crédito,Concluída
1841,2023-11-28,81,7,Site,Boleto,Concluída
1842,2024-09-16,340,6,Loja Física,PIX,Concluída
1843,2024-09-01,404,14,Site,Cartão de Crédito,Concluída
1844,2024-04-28,479,10,Site,Cartão de Crédito,Concluída
1845,2023-11-19,231,10,Site,Cartão de Crédito,Concluída
1846,2024-02-18,29,14,Site,Boleto,Cancelada
1847,2023-10-08,10,7,Loja Física,PIX,Concluída
1848,2024-01-18,13,11,Site,Cartão de Crédito,Concluída
1849,2023-07-24,409,7,Site,Cartão de Crédito,Concluída
1850,2023-03-18,125,6,Loja Física,Cartão de Crédito,Concluída
1851,2024-04-26,488,2,Site,Cartão de Crédito,Cancelada
1852,2024-12-24,250,8,Loja Física,PIX,Concluída
1853,2023-04-14,29,11,Loja Física,Cartão de Crédito,Concluída
1854,2023-04-24,242,5,Marketplace,Cartão de Crédito,Cancelada
1855,2024-02-28,423,5,Marketplace,PIX,Concluída
1856,2024-07-29,46,15,Loja Física,PIX,Concluída
1857,2023-09-24,286,17,Marketplace,PIX,Concluída
1858,2023-03-11,446,11,Marketplace,Cartão de Crédito,Concluída
1859,2023-08-08,95,11,Site,Cartão de Crédito,Concluída
1860,2024-11-24,498,9,Loja Física,PIX,Concluída
1861,2023-05-03,329,14,Site,Boleto,Concluída
1862,2024-06-25,31,17,Site,PIX,Devolvida
1863,2024-05-31,448,11,Site,Cartão de Crédito,Concluída
1864,2024-10-11,35,3,Site,Cartão de Débito,Concluída
1865,2024-06-28,82,17,Marketplace,Cartão de Crédito,Concluída
1866,2024-09-16,333,7,Site,Boleto,Concluída
1867,2023-10-11,239,15,Marketplace,Cartão de Débito,Concluída
1868,2023-12-05,38,6,Site,Cartão de Crédito,Concluída
1869,2024-12-10,379,14,Marketplace,Cartão de Crédito,Concluída
1870,2024-09-30,425,13,Loja Física,Cartão de Crédito,Concluída
1871,2023-09-23,439,8,Site,Boleto,Concluída
1872,2024-10-31,341,7,Site,PIX,Concluída
1873,2024-08-13,79,7,Site,Cartão de Crédito,Concluída
1874,2023-01-27,274,20,Marketplace,Cartão de Crédito,Concluída
1875,2023-12-23,489,3,Loja Física,Cartão de Crédito,Concluída
1876,2023-08-02,104,10,Loja Física,Cartão de Débito,Concluída
1877,2023-08-11,396,12,Loja Física,Cartão de Débito,Cancelada
1878,2023-05-07,428,13,Loja Física,Cartão de Débito,Concluída
1879,2023-08-02,195,2,Site,Cartão de Crédito,Concluída
1880,2024-01-25,303,4,Loja Física,Cartão de Crédito,Concluída
1881,2024-06-12,63,6,Site,Cartão de Crédito,Concluída
1882,2024-09-11,184,11,Site,Cartão de Crédito,Concluída
1883,2024-06-03,185,16,Loja Física,Cartão de Crédito,Concluída
1884,2023-01-08,195,14,Site,Cartão de Débito,Concluída
1885,2023-11-14,429,3,Site,Boleto,Concluída
1886,2024-12-19,44,13,Marketplace,Cartão de Crédito,Cancelada
1887,2024-10-24,460,11,Loja Física,Boleto,Concluída
1888,2023-01-10,66,17,Loja Física,PIX,Concluída
1889,2023-03-04,306,7,Marketplace,PIX,Concluída
1890,2024-02-29,422,6,Site,Cartão de Crédito,Concluída
1891,2023-06-05,380,6,Site,Cartão de Débito,Concluída
1892,2023-01-31,255,7,Loja Física,PIX,Concluída
1893,2023-09-29,319,11,Loja Física,Cartão de Crédito,Concluída
1894,2024-04-26,18,5,Marketplace,Cartão de Crédito,Concluída
1895,2024-09-04,370,17,Loja Física,Cartão de Crédito,Concluída
1896,2023-08-17,48,14,Marketplace,Cartão de Crédito,Concluída
1897,2024-03-01,439,18,Site,Cartão de Débito,Concluída
1898,2023-01-01,160,16,Site,Cartão de Débito,Concluída
1899,2024-11-03,277,12,Marketplace,PIX,Concluída
1900,2024-05-19,384,19,Loja Física,Cartão de Crédito,Concluída
1901,2023-05-27,116,3,Site,PIX,Concluída
1902,2024-09-21,54,8,Loja Física,Cartão de Crédito,Concluída
1903,2023-12-03,364,15,Site,PIX,Concluída
1904,2023-10-01,390,5,Loja Física,Cartão de Crédito,Concluída
1905,2023-02-05,383,13,Site,Boleto,Cancelada
1906,2023-01-15,74,2,Marketplace,Cartão de Crédito,Concluída
1907,2023-01-12,293,16,Site,Cartão de Crédito,Concluída
1908,2024-08-14,208,15,Marketplace,Cartão de Crédito,Concluída
1909,2024-03-26,61,9,Site,PIX,Concluída
1910,2023-07-10,131,11,Marketplace,Cartão de Crédito,Concluída
1911,2024-11-10,50,11,Site,Cartão de Crédito,Concluída
1912,2024-03-12,329,1,Marketplace,Cartão de Crédito,Concluída
1913,2024-04-13,425,4,Loja Física,PIX,Concluída
1914,2023-12-22,158,15,Site,Cartão de Débito,Concluída
1915,2024-05-31,94,13,Marketplace,Cartão de Débito,Concluída
1916,2023-05-26,431,8,Site,Cartão de Crédito,Concluída
1917,2024-06-22,308,5,Site,PIX,Concluída
1918,2024-06-29,186,18,Loja Física,Cartão de Débito,Concluída
1919,2024-01-19,82,4,Site,PIX,Concluída
1920,2023-08-20,432,5,Site,Cartão de Débito,Concluída
1921,2023-07-27,143,2,Marketplace,Cartão de Débito,Concluída
1922,2024-06-18,498,14,Marketplace,Cartão de Crédito,Concluída
1923,2023-11-04,1,3,Loja Física,PIX,Concluída
1924,2024-09-19,305,3,Loja Física,Cartão de Crédito,Concluída
1925,2023-06-14,392,8,Site,Cartão de Crédito,Concluída
1926,2024-08-28,100,8,Marketplace,Cartão de Crédito,Cancelada
1927,2023-10-10,72,13,Loja Física,PIX,Cancelada
1928,2023-06-05,106,15,Loja Física,Cartão de Crédito,Concluída
1929,2024-10-14,61,17,Loja Física,Cartão de Crédito,Concluída
1930,2024-04-27,119,15,Loja Física,Cartão de Crédito,Concluída
1931,2024-04-10,79,3,Marketplace,Boleto,Concluída
1932,2023-10-06,487,2,Site,Cartão de Débito,Concluída
1933,2024-04-22,219,19,Loja Física,PIX,Concluída
1934,2024-05-13,389,10,Loja Física,Cartão de Crédito,Devolvida
1935,2024-09-09,492,20,Marketplace,Cartão de Crédito,Concluída
1936,2024-05-21,429,14,Site,PIX,Concluída
1937,2023-10-14,432,9,Marketplace,PIX,Concluída
1938,2024-11-13,429,9,Marketplace,Cartão de Crédito,Concluída
1939,2024-05-12,125,19,Site,PIX,Concluída
1940,2023-04-17,400,16,Site,Boleto,Concluída
1941,2024-06-15,446,13,Loja Física,Cartão de Crédito,Concluída
1942,2024-10-20,489,4,Site,Cartão de Crédito,Concluída
1943,2024-01-05,298,20,Site,Cartão de Crédito,Concluída
1944,2023-12-22,332,15,Marketplace,PIX,Concluída
1945,2024-02-13,417,14,Site,Cartão de Crédito,Concluída
1946,2023-01-25,323,11,Loja Física,Cartão de Débito,Concluída
1947,2024-04-12,435,9,Site,PIX,Concluída
1948,2023-09-12,142,15,Site,Cartão de Crédito,Concluída
1949,2024-10-12,135,6,Loja Física,Boleto,Concluída
1950,2023-11-26,380,13,Site,Boleto,Concluída
1951,2024-05-26,439,3,Loja Física,PIX,Concluída
1952,2023-08-22,163,10,Loja Física,PIX,Concluída
1953,2023-11-17,319,16,Site,Boleto,Concluída
1954,2024-12-25,249,12,Loja Física,Cartão de Crédito,Concluída
1955,2023-06-13,492,6,Loja Física,Cartão de Crédito,Concluída
1956,2024-06-02,359,18,Loja Física,PIX,Concluída
1957,2024-09-25,357,3,Loja Física,Cartão de Crédito,Concluída
1958,2024-11-10,208,9,Loja Física,Cartão de Crédito,Concluída
1959,2023-05-17,472,13,Loja Física,Cartão de Débito,Concluída
1960,2023-10-28,315,19,Marketplace,Cartão de Crédito,Concluída
1961,2023-02-11,126,18,Loja Física,Cartão de Débito,Concluída
1962,2023-08-18,427,8,Loja Física,Cartão de Crédito,Concluída
1963,2023-08-10,75,1,Loja Física,Cartão de Débito,Concluída
1964,2024-05-09,430,15,Site,PIX,Concluída
1965,2024-02-27,96,17,Site,PIX,Concluída
1966,2024-02-01,383,9,Site,Cartão de Débito,Concluída
1967,2023-09-27,221,12,Site,Cartão de Débito,Concluída
1968,2024-07-07,183,3,Marketplace,Cartão de Crédito,Concluída
1969,2024-12-20,127,18,Site,Cartão de Crédito,Concluída
1970,2024-06-03,363,16,Site,Cartão de Crédito,Concluída
1971,2023-08-22,369,12,Site,PIX,Concluída
1972,2023-08-18,239,9,Site,Cartão de Crédito,Concluída
1973,2024-05-24,303,14,Loja Física,Cartão de Débito,Concluída
1974,2024-04-04,287,2,Marketplace,Cartão de Crédito,Concluída
1975,2023-03-07,350,12,Loja Física,PIX,Concluída
1976,2023-01-29,366,20,Site,PIX,Cancelada
1977,2024-02-10,111,15,Loja Física,PIX,Concluída
1978,2023-08-27,292,17,Marketplace,Cartão de Crédito,Concluída
1979,2024-11-28,301,11,Marketplace,Cartão de Débito,Concluída
1980,2024-01-02,301,4,Site,Cartão de Crédito,Concluída
1981,2024-02-28,374,6,Site,Cartão de Crédito,Concluída
1982,2023-07-03,428,6,Loja Física,Cartão de Débito,Concluída
1983,2023-12-06,46,4,Marketplace,PIX,Cancelada
1984,2024-02-01,413,14,Site,Cartão de Crédito,Concluída
1985,2023-07-07,50,10,Site,PIX,Concluída
1986,2024-05-26,47,6,Loja Física,Cartão de Crédito,Concluída
1987,2024-10-24,325,3,Loja Física,Boleto,Concluída
1988,2023-01-21,451,20,Loja Física,PIX,Concluída
1989,2023-04-08,87,1,Marketplace,PIX,Concluída
1990,2024-01-29,157,1,Marketplace,PIX,Concluída
1991,2023-03-13,490,6,Loja Física,PIX,Concluída
1992,2023-08-12,500,12,Loja Física,PIX,Concluída
1993,2024-01-19,294,6,Marketplace,PIX,Concluída
1994,2023-07-01,260,5,Marketplace,Cartão de Crédito,Concluída
1995,2024-07-04,455,4,Marketplace,Cartão de Crédito,Concluída
1996,2023-12-24,350,6,Site,Cartão de Crédito,Concluída
1997,2023-07-17,309,5,Marketplace,Cartão de Débito,Concluída
1998,2024-11-05,281,13,Site,Cartão de Débito,Concluída
1999,2023-03-09,174,8,Site,Cartão de Crédito,Concluída
2000,2023-07-12,407,13,Loja Física,Cartão de Crédito,Devolvida
2001,2024-05-06,416,19,Loja Física,PIX,Concluída
2002,2023-11-25,467,17,Site,PIX,Concluída
2003,2024-07-13,330,7,Loja Física,Cartão de Crédito,Concluída
2004,2023-10-27,484,14,Site,Cartão de Crédito,Concluída
2005,2024-05-18,54,11,Site,PIX,Concluída
2006,2023-10-22,395,2,Site,Cartão de Crédito,Cancelada
2007,2023-11-11,457,19,Site,PIX,Concluída
2008,2023-11-18,379,2,Site,Cartão de Crédito,Concluída
2009,2023-07-12,181,18,Loja Física,Boleto,Concluída
2010,2024-06-04,269,6,Site,PIX,Concluída
2011,2023-08-08,51,15,Marketplace,Cartão de Débito,Concluída
2012,2023-03-16,366,7,Site,PIX,Concluída
2013,2023-02-16,473,13,Loja Física,PIX,Concluída
2014,2023-01-05,464,8,Site,Cartão de Débito,Concluída
2015,2023-07-01,200,8,Site,Boleto,Concluída
2016,2023-05-26,307,8,Site,Cartão de Crédito,Concluída
2017,2024-11-27,293,10,Loja Física,Cartão de Débito,Concluída
2018,2023-10-07,210,1,Site,Cartão de Crédito,Concluída
2019,2023-07-14,419,16,Loja Física,Cartão de Crédito,Concluída
2020,2023-02-12,357,15,Loja Física,PIX,Concluída
2021,2023-04-28,60,6,Marketplace,Cartão de Crédito,Concluída
2022,2023-12-02,86,9,Marketplace,PIX,Concluída
2023,2023-10-19,275,10,Loja Física,PIX,Concluída
2024,2023-05-03,203,7,Marketplace,PIX,Concluída
2025,2023-05-11,266,2,Site,Cartão de Crédito,Concluída
2026,2024-02-02,95,3,Site,Boleto,Concluída
2027,2024-09-22,190,15,Site,Cartão de Crédito,Concluída
2028,2024-11-09,479,17,Site,Cartão de Crédito,Concluída
2029,2023-11-22,23,19,Loja Física,Cartão de Crédito,Concluída
2030,2023-09-14,472,6,Site,Cartão de Crédito,Concluída
2031,2024-02-05,195,5,Marketplace,PIX,Concluída
2032,2024-10-04,100,11,Site,Cartão de Crédito,Concluída
2033,2023-03-13,432,8,Site,Cartão de Crédito,Concluída
2034,2024-07-14,494,11,Loja Física,PIX,Concluída
2035,2024-07-01,9,20,Site,PIX,Concluída
2036,2023-02-09,74,4,Site,Cartão de Crédito,Concluída
2037,2023-03-01,417,13,Site,Cartão de Crédito,Concluída
2038,2024-10-05,19,19,Site,Cartão de Crédito,Concluída
2039,2024-05-02,480,19,Site,Cartão de Crédito,Concluída
2040,2024-04-05,467,8,Site,PIX,Concluída
2041,2024-10-13,233,16,Marketplace,Cartão de Crédito,Concluída
2042,2024-01-04,115,5,Loja Física,PIX,Cancelada
2043,2024-02-02,132,6,Site,Cartão de Crédito,Concluída
2044,2023-05-28,22,15,Site,Cartão de Débito,Concluída
2045,2024-02-16,65,12,Loja Física,Cartão de Crédito,Concluída
2046,2024-04-16,376,15,Site,Cartão de Crédito,Concluída
2047,2023-11-30,341,13,Loja Física,PIX,Concluída
2048,2024-12-30,98,19,Loja Física,Cartão de Débito,Concluída
2049,2024-09-25,187,15,Site,Boleto,Concluída
2050,2024-10-21,158,7,Site,Cartão de Crédito,Concluída
2051,2024-04-08,154,20,Site,Cartão de Crédito,Concluída
2052,2023-06-10,338,13,Marketplace,Cartão de Crédito,Cancelada
2053,2023-01-25,356,7,Site,PIX,Concluída
2054,2024-11-27,289,5,Site,PIX,Concluída
2055,2023-06-04,211,11,Site,Cartão de Débito,Concluída
2056,2024-05-13,162,20,Marketplace,PIX,Concluída
2057,2023-02-06,347,4,Site,Cartão de Crédito,Concluída
2058,2023-02-24,170,3,Loja Física,Cartão de Débito,Concluída
2059,2023-06-04,491,7,Loja Física,Cartão de Crédito,Concluída
2060,2023-11-20,299,15,Site,PIX,Concluída
2061,2023-04-14,411,18,Loja Física,Cartão de Débito,Concluída
2062,2023-05-02,273,20,Site,PIX,Concluída
2063,2024-12-17,144,8,Marketplace,PIX,Concluída
2064,2024-03-31,50,2,Loja Física,Cartão de Crédito,Concluída
2065,2023-06-24,393,1,Site,Cartão de Débito,Concluída
2066,2024-03-27,300,19,Loja Física,Cartão de Débito,Cancelada
2067,2024-11-18,291,12,Marketplace,Cartão de Débito,Concluída
2068,2023-03-12,91,5,Site,PIX,Concluída
2069,2023-04-24,479,7,Marketplace,Cartão de Crédito,Concluída
2070,2023-03-27,182,20,Marketplace,Cartão de Crédito,Concluída
2071,2024-08-27,214,6,Site,Cartão de Crédito,Concluída
2072,2024-06-16,463,1,Site,Cartão de Débito,Concluída
2073,2023-09-02,359,10,Loja Física,Cartão de Débito,Concluída
2074,2023-10-07,384,15,Site,Cartão de Crédito,Concluída
2075,2024-10-01,6,19,Loja Física,Cartão de Crédito,Concluída
2076,2024-01-25,199,2,Site,Cartão de Crédito,Concluída
2077,2024-01-11,412,17,Marketplace,Boleto,Concluída
2078,2023-12-17,68,12,Site,PIX,Concluída
2079,2023-10-01,43,15,Marketplace,Cartão de Crédito,Concluída
2080,2023-11-23,442,17,Marketplace,Cartão de Crédito,Concluída
2081,2023-04-20,125,3,Loja Física,Cartão de Crédito,Concluída
2082,2023-08-31,399,3,Marketplace,Cartão de Crédito,Concluída
2083,2023-12-16,446,20,Loja Física,PIX,Cancelada
2084,2024-04-16,324,11,Site,Cartão de Crédito,Concluída
2085,2024-12-22,72,7,Marketplace,Cartão de Débito,Concluída
2086,2023-04-04,2,14,Site,Cartão de Crédito,Concluída
2087,2023-03-23,199,11,Site,Cartão de Crédito,Concluída
2088,2024-12-26,254,20,Site,Cartão de Crédito,Concluída
2089,2024-08-29,443,2,Site,PIX,Concluída
2090,2023-07-22,135,5,Marketplace,PIX,Concluída
2091,2023-05-07,360,3,Loja Física,Boleto,Concluída
2092,2023-08-22,84,13,Site,PIX,Concluída
2093,2024-06-02,328,10,Loja Física,Cartão de Crédito,Concluída
2094,2023-09-04,272,1,Site,Cartão de Débito,Concluída
2095,2023-06-15,34,2,Loja Física,Cartão de Crédito,Concluída
2096,2024-09-26,387,14,Loja Física,Boleto,Concluída
2097,2023-01-13,382,3,Loja Física,Boleto,Concluída
2098,2024-12-15,349,20,Site,Cartão de Crédito,Concluída
2099,2023-11-23,231,12,Site,Cartão de Crédito,Concluída
2100,2024-05-15,161,18,Marketplace,Cartão de Crédito,Concluída
2101,2023-02-13,354,12,Site,Cartão de Débito,Concluída
2102,2024-02-17,238,15,Site,Cartão de Crédito,Concluída
2103,2024-03-05,487,1,Marketplace,Boleto,Concluída
2104,2024-10-09,77,13,Site,Cartão de Crédito,Concluída
2105,2023-06-26,78,19,Marketplace,Cartão de Crédito,Concluída
2106,2024-04-28,77,9,Loja Física,Cartão de Crédito,Concluída
2107,2023-11-07,425,18,Loja Física,Cartão de Crédito,Concluída
2108,2024-05-26,222,14,Marketplace,Cartão de Crédito,Cancelada
2109,2023-03-03,181,4,Loja Física,Cartão de Crédito,Concluída
2110,2023-10-24,73,8,Site,Cartão de Crédito,Concluída
2111,2024-05-17,7,10,Site,Cartão de Crédito,Concluída
2112,2024-09-25,220,20,Loja Física,Cartão de Crédito,Concluída
2113,2024-01-18,414,5,Site,Cartão de Débito,Concluída
2114,2024-04-02,190,14,Loja Física,Cartão de Débito,Concluída
2115,2023-11-17,325,16,Site,PIX,Concluída
2116,2023-12-06,358,7,Marketplace,Cartão de Débito,Concluída
2117,2024-08-09,498,8,Site,PIX,Concluída
2118,2023-09-13,251,19,Site,Cartão de Crédito,Concluída
2119,2023-04-08,197,5,Site,Cartão de Crédito,Concluída
2120,2024-09-09,462,9,Loja Física,Cartão de Crédito,Concluída
2121,2023-10-10,365,5,Site,Boleto,Concluída
2122,2023-08-17,325,1,Loja Física,Boleto,Concluída
2123,2023-05-30,402,9,Marketplace,Cartão de Crédito,Concluída
2124,2024-07-03,103,7,Marketplace,PIX,Concluída
2125,2023-03-04,377,7,Site,PIX,Concluída
2126,2024-01-21,217,1,Loja Física,Cartão de Crédito,Concluída
2127,2023-01-30,334,14,Loja Física,Cartão de Crédito,Concluída
2128,2023-06-01,229,13,Site,PIX,Concluída
2129,2023-04-21,480,9,Site,Cartão de Crédito,Concluída
2130,2023-10-19,84,19,Loja Física,Cartão de Débito,Concluída
2131,2023-12-01,283,16,Site,Cartão de Crédito,Concluída
2132,2024-07-17,14,14,Site,Cartão de Crédito,Concluída
2133,2023-02-05,330,10,Loja Física,Boleto,Concluída
2134,2024-06-07,29,5,Site,Cartão de Débito,Concluída
2135,2023-04-15,268,6,Marketplace,Cartão de Crédito,Concluída
2136,2024-01-01,174,3,Site,Boleto,Concluída
2137,2024-07-12,32,17,Site,Boleto,Concluída
2138,2024-07-15,422,3,Marketplace,Cartão de Crédito,Concluída
2139,2023-09-25,117,8,Loja Física,PIX,Concluída
2140,2024-10-20,432,8,Site,Cartão de Crédito,Concluída
2141,2023-06-06,489,5,Site,Cartão de Crédito,Concluída
2142,2024-11-17,203,1,Site,Cartão de Crédito,Concluída
2143,2024-12-14,213,18,Loja Física,Cartão de Crédito,Concluída
2144,2023-08-24,299,16,Loja Física,PIX,Concluída
2145,2024-01-12,261,6,Site,Cartão de Crédito,Concluída
2146,2024-10-04,382,20,Loja Física,PIX,Concluída
2147,2023-06-13,428,7,Site,Cartão de Crédito,Concluída
2148,2023-09-24,202,4,Site,Cartão de Crédito,Concluída
2149,2024-10-29,344,17,Site,Cartão de Crédito,Concluída
2150,2024-02-01,412,4,Site,Cartão de Débito,Concluída
2151,2024-08-06,377,10,Marketplace,PIX,Concluída
2152,2023-11-07,185,15,Loja Física,PIX,Concluída
2153,2023-09-16,112,17,Loja Física,Cartão de Crédito,Concluída
2154,2023-12-08,106,16,Marketplace,Cartão de Crédito,Concluída
2155,2024-02-05,309,6,Marketplace,Cartão de Crédito,Concluída
2156,2024-11-14,439,8,Loja Física,Cartão de Crédito,Concluída
2157,2023-02-01,318,2,Marketplace,Cartão de Débito,Concluída
2158,2023-11-07,228,13,Site,Cartão de Débito,Concluída
2159,2024-01-12,111,7,Marketplace,PIX,Concluída
2160,2023-10-14,214,1,Loja Física,Cartão de Crédito,Concluída
2161,2023-05-26,135,15,Marketplace,Cartão de Débito,Concluída
2162,2023-07-29,62,1,Marketplace,Cartão de Débito,Concluída
2163,2023-04-26,45,8,Site,Cartão de Débito,Concluída
2164,2023-10-07,139,1,Site,Cartão de Crédito,Concluída
2165,2023-06-06,111,3,Site,Cartão de Crédito,Concluída
2166,2024-03-18,426,15,Site,Cartão de Débito,Concluída
2167,2023-02-15,337,3,Marketplace,Cartão de Débito,Concluída
2168,2024-05-05,104,9,Loja Física,Cartão de Crédito,Concluída
2169,2023-08-29,354,15,Marketplace,Cartão de Débito,Concluída
2170,2024-07-30,428,14,Site,PIX,Concluída
2171,2023-02-18,147,12,Loja Física,Cartão de Crédito,Concluída
2172,2024-07-11,84,12,Site,Cartão de Crédito,Concluída
2173,2023-05-30,165,12,Site,PIX,Concluída
2174,2023-12-22,393,10,Loja Física,PIX,Concluída
2175,2024-11-22,278,14,Site,Cartão de Crédito,Concluída
2176,2023-05-21,171,12,Site,Cartão de Crédito,Concluída
2177,2024-11-27,85,2,Loja Física,Cartão de Débito,Devolvida
2178,2023-05-29,307,11,Site,Boleto,Concluída
2179,2024-08-10,72,7,Marketplace,Cartão de Crédito,Concluída
2180,2023-04-25,257,18,Loja Física,Cartão de Crédito,Concluída
2181,2024-07-17,341,6,Site,PIX,Concluída
2182,2024-05-15,60,11,Site,Boleto,Concluída
2183,2024-02-09,268,13,Loja Física,Cartão de Crédito,Concluída
2184,2023-04-19,116,15,Loja Física,PIX,Concluída
2185,2023-01-01,458,17,Site,Cartão de Crédito,Concluída
2186,2024-12-12,487,10,Loja Física,Cartão de Crédito,Concluída
2187,2024-07-08,327,4,Marketplace,Cartão de Crédito,Concluída
2188,2023-10-30,62,7,Loja Física,Boleto,Concluída
2189,2023-09-17,232,4,Site,Cartão de Crédito,Concluída
2190,2024-12-15,306,10,Loja Física,Cartão de Crédito,Concluída
2191,2024-09-26,302,16,Site,PIX,Concluída
2192,2023-02-02,256,11,Site,Cartão de Crédito,Concluída
2193,2024-01-28,386,18,Site,Cartão de Crédito,Concluída
2194,2023-12-26,486,16,Marketplace,Cartão de Crédito,Cancelada
2195,2023-03-30,244,9,Site,Cartão de Crédito,Concluída
2196,2024-10-08,473,4,Site,PIX,Concluída
2197,2024-04-25,18,11,Loja Física,Boleto,Concluída
2198,2023-08-10,315,14,Loja Física,PIX,Concluída
2199,2024-11-22,400,1,Marketplace,Cartão de Crédito,Concluída
2200,2024-04-19,141,19,Site,Cartão de Débito,Concluída
2201,2023-02-19,130,19,Loja Física,PIX,Concluída
2202,2024-04-07,151,6,Loja Física,PIX,Concluída
2203,2024-12-04,80,3,Loja Física,Cartão de Crédito,Concluída
2204,2024-10-31,464,6,Site,Cartão de Crédito,Concluída
2205,2023-12-15,444,19,Marketplace,Cartão de Crédito,Concluída
2206,2024-12-18,486,4,Loja Física,Cartão de Crédito,Concluída
2207,2024-09-11,289,1,Site,Cartão de Crédito,Concluída
2208,2023-01-22,363,17,Marketplace,Cartão de Crédito,Concluída
2209,2024-03-04,243,2,Loja Física,PIX,Concluída
2210,2023-03-08,45,9,Marketplace,PIX,Concluída
2211,2024-06-03,471,8,Marketplace,Cartão de Débito,Concluída
2212,2023-06-15,45,19,Loja Física,Cartão de Crédito,Concluída
2213,2024-07-13,192,18,Loja Física,Cartão de Crédito,Concluída
2214,2023-07-09,299,14,Loja Física,Cartão de Crédito,Concluída
2215,2023-11-04,69,13,Loja Física,Cartão de Crédito,Concluída
2216,2023-04-26,269,9,Site,Cartão de Crédito,Concluída
2217,2023-05-21,164,8,Marketplace,Boleto,Concluída
2218,2024-05-01,245,16,Loja Física,Cartão de Crédito,Concluída
2219,2024-10-04,278,3,Loja Física,Cartão de Crédito,Concluída
2220,2023-03-11,245,17,Marketplace,Cartão de Crédito,Concluída
2221,2024-10-03,386,14,Marketplace,Cartão de Crédito,Concluída
2222,2023-09-26,209,2,Site,Cartão de Crédito,Concluída
2223,2024-02-09,15,7,Site,Cartão de Débito,Concluída
2224,2024-09-12,429,8,Site,Cartão de Crédito,Concluída
2225,2024-06-05,456,14,Site,Boleto,Concluída
2226,2024-09-05,267,10,Site,Cartão de Crédito,Concluída
2227,2024-03-03,34,18,Loja Física,Cartão de Débito,Concluída
2228,2024-10-18,21,12,Loja Física,Cartão de Crédito,Concluída
2229,2023-12-16,156,18,Site,Cartão de Débito,Concluída
2230,2024-04-26,262,16,Site,Cartão de Débito,Concluída
2231,2024-12-12,287,20,Site,Boleto,Concluída
2232,2023-12-12,47,16,Marketplace,PIX,Concluída
2233,2023-03-06,129,9,Marketplace,Cartão de Débito,Concluída
2234,2023-08-22,161,11,Marketplace,PIX,Concluída
2235,2023-11-10,99,11,Site,Cartão de Crédito,Concluída
2236,2024-03-10,343,7,Site,Cartão de Débito,Concluída
2237,2024-12-05,152,7,Site,Cartão de Crédito,Concluída
2238,2023-11-25,105,15,Site,Cartão de Crédito,Concluída
2239,2023-10-26,327,8,Loja Física,Boleto,Concluída
2240,2023-07-07,455,16,Site,Cartão de Crédito,Concluída
2241,2024-08-04,236,18,Loja Física,Cartão de Crédito,Concluída
2242,2023-05-08,495,13,Marketplace,Cartão de Débito,Concluída
2243,2023-07-13,416,9,Marketplace,Cartão de Crédito,Devolvida
2244,2024-08-20,421,9,Site,Cartão de Crédito,Concluída
2245,2024-03-13,322,16,Site,Cartão de Crédito,Concluída
2246,2023-05-03,72,6,Loja Física,Boleto,Devolvida
2247,2023-02-12,434,3,Loja Física,PIX,Concluída
2248,2023-04-09,474,14,Loja Física,Cartão de Débito,Concluída
2249,2023-01-11,58,11,Marketplace,PIX,Concluída
2250,2023-09-04,119,8,Site,PIX,Concluída
2251,2024-07-19,182,8,Loja Física,PIX,Concluída
2252,2023-08-14,88,13,Loja Física,PIX,Cancelada
2253,2023-04-04,293,20,Marketplace,Cartão de Crédito,Concluída
2254,2023-04-08,127,14,Loja Física,Cartão de Crédito,Concluída
2255,2023-06-27,470,8,Loja Física,Cartão de Crédito,Concluída
2256,2024-03-21,297,20,Marketplace,Cartão de Crédito,Concluída
2257,2023-03-25,210,15,Site,PIX,Concluída
2258,2024-09-21,385,13,Loja Física,Boleto,Concluída
2259,2024-11-20,252,14,Site,PIX,Concluída
2260,2024-05-26,260,20,Site,Cartão de Crédito,Concluída
2261,2023-05-28,361,3,Site,PIX,Concluída
2262,2024-02-18,107,7,Loja Física,Cartão de Crédito,Concluída
2263,2023-10-25,461,8,Site,Cartão de Débito,Cancelada
2264,2024-12-03,479,19,Loja Física,PIX,Concluída
2265,2023-01-23,200,19,Loja Física,Cartão de Crédito,Concluída
2266,2024-04-01,466,14,Loja Física,Cartão de Crédito,Concluída
2267,2024-01-11,467,9,Site,Cartão de Crédito,Concluída
2268,2024-10-22,265,20,Site,Cartão de Crédito,Concluída
2269,2024-01-26,187,2,Site,Cartão de Crédito,Concluída
2270,2023-04-05,316,18,Loja Física,Cartão de Crédito,Concluída
2271,2024-04-08,77,10,Loja Física,Cartão de Crédito,Concluída
2272,2023-07-10,118,14,Loja Física,PIX,Concluída
2273,2023-04-05,318,2,Site,Boleto,Concluída
2274,2023-06-30,148,18,Site,Cartão de Crédito,Concluída
2275,2023-01-18,414,7,Site,Cartão de Crédito,Concluída
2276,2023-10-03,419,6,Site,Boleto,Concluída
2277,2024-01-13,371,6,Loja Física,Cartão de Débito,Concluída
2278,2023-01-09,167,6,Site,PIX,Concluída
2279,2024-05-31,459,2,Site,Cartão de Crédito,Concluída
2280,2023-05-16,124,20,Marketplace,PIX,Concluída
2281,2023-09-09,233,6,Site,PIX,Concluída
2282,2024-09-12,387,2,Loja Física,Cartão de Crédito,Concluída
2283,2024-04-16,271,16,Site,Cartão de Crédito,Concluída
2284,2024-02-18,456,17,Site,PIX,Concluída
2285,2024-09-12,296,13,Site,PIX,Concluída
2286,2024-05-30,440,16,Loja Física,Cartão de Crédito,Concluída
2287,2024-01-12,432,10,Loja Física,Cartão de Débito,Concluída
2288,2023-11-03,192,1,Loja Física,Cartão de Crédito,Concluída
2289,2024-03-21,397,5,Site,PIX,Concluída
2290,2023-05-24,333,10,Site,Cartão de Crédito,Concluída
2291,2024-03-25,130,16,Site,PIX,Concluída
2292,2023-07-29,238,5,Site,Cartão de Crédito,Cancelada
2293,2024-10-17,473,4,Loja Física,Cartão de Crédito,Concluída
2294,2024-01-31,455,14,Loja Física,Cartão de Crédito,Concluída
2295,2024-07-18,245,2,Marketplace,Cartão de Débito,Concluída
2296,2023-12-27,170,7,Loja Física,PIX,Concluída
2297,2023-04-14,75,18,Loja Física,Cartão de Crédito,Concluída
2298,2024-06-17,191,1,Site,Cartão de Crédito,Concluída
2299,2023-12-22,319,11,Loja Física,Cartão de Crédito,Concluída
2300,2023-05-07,453,15,Site,Cartão de Crédito,Concluída
2301,2024-11-13,400,18,Site,PIX,Concluída
2302,2023-06-07,478,13,Loja Física,PIX,Concluída
2303,2024-10-12,137,5,Loja Física,Cartão de Débito,Concluída
2304,2024-01-29,142,13,Loja Física,Cartão de Crédito,Concluída
2305,2023-05-17,100,14,Site,Cartão de Crédito,Concluída
2306,2023-06-05,219,18,Site,Cartão de Débito,Concluída
2307,2023-03-09,84,2,Loja Física,Cartão de Crédito,Concluída
2308,2024-04-24,469,6,Marketplace,Cartão de Crédito,Concluída
2309,2024-04-15,416,11,Site,Cartão de Débito,Concluída
2310,2023-09-22,296,18,Site,Cartão de Débito,Concluída
2311,2024-10-08,341,11,Site,PIX,Concluída
2312,2024-08-26,267,9,Marketplace,Boleto,Concluída
2313,2023-01-23,223,16,Loja Física,Cartão de Débito,Concluída
2314,2024-02-19,27,19,Loja Física,Cartão de Débito,Concluída
2315,2023-06-01,285,8,Marketplace,Cartão de Crédito,Cancelada
2316,2024-04-20,464,5,Marketplace,PIX,Concluída
2317,2024-02-27,381,13,Site,Cartão de Crédito,Concluída
2318,2023-06-16,320,16,Marketplace,PIX,Concluída
2319,2023-02-28,224,13,Marketplace,Cartão de Crédito,Concluída
2320,2023-02-01,171,12,Loja Física,Cartão de Crédito,Concluída
2321,2024-05-18,476,13,Site,Cartão de Crédito,Concluída
2322,2023-10-21,125,20,Marketplace,Cartão de Crédito,Concluída
2323,2024-08-30,193,3,Loja Física,Cartão de Crédito,Concluída
2324,2023-06-03,277,14,Site,Cartão de Crédito,Cancelada
2325,2024-12-15,332,5,Marketplace,Cartão de Crédito,Concluída
2326,2023-05-17,150,12,Site,Cartão de Débito,Concluída
2327,2024-11-13,293,3,Loja Física,Cartão de Débito,Concluída
2328,2023-02-09,299,3,Marketplace,PIX,Concluída
2329,2023-07-16,405,6,Marketplace,Boleto,Concluída
2330,2023-10-01,304,10,Site,PIX,Concluída
2331,2023-10-19,71,3,Site,Cartão de Débito,Concluída
2332,2024-12-17,264,4,Site,Cartão de Crédito,Concluída
2333,2024-02-07,437,11,Site,PIX,Concluída
2334,2024-01-03,488,17,Loja Física,PIX,Concluída
2335,2024-03-04,414,8,Site,Boleto,Concluída
2336,2023-08-04,124,15,Loja Física,Cartão de Crédito,Concluída
2337,2024-08-24,449,4,Loja Física,Cartão de Débito,Concluída
2338,2023-03-17,145,11,Site,PIX,Concluída
2339,2024-03-21,210,4,Marketplace,PIX,Concluída
2340,2024-08-24,155,7,Marketplace,PIX,Concluída
2341,2024-02-05,99,12,Loja Física,Cartão de Crédito,Concluída
2342,2023-09-16,200,6,Marketplace,Cartão de Crédito,Cancelada
2343,2024-12-27,442,11,Site,Boleto,Concluída
2344,2024-12-25,217,11,Marketplace,Boleto,Concluída
2345,2023-07-08,4,6,Marketplace,Cartão de Crédito,Concluída
2346,2023-12-09,76,2,Marketplace,Cartão de Crédito,Concluída
2347,2023-10-12,465,7,Site,Cartão de Crédito,Concluída
2348,2024-10-08,185,11,Marketplace,Cartão de Crédito,Concluída
2349,2024-05-09,396,17,Loja Física,Cartão de Crédito,Concluída
2350,2024-06-01,141,17,Site,PIX,Concluída
2351,2024-09-18,101,14,Site,PIX,Concluída
2352,2024-08-28,281,10,Site,Boleto,Concluída
2353,2023-12-07,10,14,Site,Cartão de Débito,Concluída
2354,2024-03-03,476,15,Marketplace,PIX,Concluída
2355,2023-11-19,428,19,Loja Física,Cartão de Crédito,Concluída
2356,2023-02-09,419,8,Site,PIX,Concluída
2357,2023-01-05,272,8,Loja Física,Cartão de Débito,Concluída
2358,2024-02-11,2,14,Loja Física,Cartão de Crédito,Concluída
2359,2024-07-02,417,18,Marketplace,Cartão de Crédito,Concluída
2360,2024-10-17,404,10,Site,PIX,Concluída
2361,2024-08-17,110,18,Site,Cartão de Crédito,Concluída
2362,2023-08-29,474,13,Site,Cartão de Crédito,Concluída
2363,2023-07-25,8,14,Loja Física,PIX,Cancelada
2364,2023-01-22,51,5,Marketplace,PIX,Concluída
2365,2023-10-27,344,9,Site,Cartão de Débito,Concluída
2366,2023-06-17,186,4,Site,Cartão de Crédito,Devolvida
2367,2024-12-09,281,3,Loja Física,Cartão de Crédito,Concluída
2368,2023-01-04,489,8,Loja Física,Boleto,Concluída
2369,2023-10-04,495,6,Loja Física,Cartão de Crédito,Concluída
2370,2024-07-01,239,17,Loja Física,PIX,Concluída
2371,2023-03-27,183,3,Site,Cartão de Crédito,Concluída
2372,2023-09-14,372,1,Marketplace,PIX,Cancelada
2373,2023-03-30,33,6,Loja Física,Cartão de Crédito,Concluída
2374,2024-07-01,100,16,Marketplace,Boleto,Concluída
2375,2023-12-15,437,13,Site,Cartão de Crédito,Concluída
2376,2024-02-17,109,6,Loja Física,PIX,Concluída
2377,2024-12-15,35,8,Marketplace,Cartão de Débito,Concluída
2378,2024-07-24,395,15,Site,PIX,Concluída
2379,2023-02-12,19,15,Loja Física,PIX,Concluída
2380,2024-11-11,479,12,Site,Cartão de Crédito,Concluída
2381,2023-11-19,442,15,Loja Física,Boleto,Concluída
2382,2024-07-28,393,4,Site,Cartão de Crédito,Concluída
2383,2024-07-18,372,11,Loja Física,Boleto,Concluída
2384,2024-10-15,163,8,Loja Física,Boleto,Concluída
2385,2023-04-20,29,10,Site,Cartão de Débito,Concluída
2386,2024-01-24,79,9,Loja Física,Cartão de Crédito,Concluída
2387,2024-06-27,187,3,Site,PIX,Concluída
2388,2023-01-27,146,11,Loja Física,Cartão de Crédito,Concluída
2389,2024-06-21,309,20,Marketplace,Cartão de Crédito,Concluída
2390,2023-09-28,394,11,Loja Física,Cartão de Crédito,Concluída
2391,2024-08-19,410,3,Loja Física,Cartão de Crédito,Concluída
2392,2024-07-17,387,18,Marketplace,Cartão de Crédito,Concluída
2393,2024-08-14,446,18,Loja Física,PIX,Concluída
2394,2024-02-18,386,2,Loja Física,Cartão de Débito,Concluída
2395,2023-12-08,138,2,Loja Física,Cartão de Crédito,Cancelada
2396,2023-01-05,55,16,Loja Física,Boleto,Concluída
2397,2023-04-20,136,6,Site,PIX,Concluída
2398,2023-03-25,172,6,Loja Física,Cartão de Débito,Concluída
2399,2023-04-17,323,1,Site,PIX,Concluída
2400,2024-11-29,261,8,Marketplace,Cartão de Crédito,Concluída
2401,2023-10-07,296,7,Site,Cartão de Crédito,Concluída
2402,2024-09-19,342,13,Loja Física,PIX,Concluída
2403,2024-02-19,499,19,Site,PIX,Concluída
2404,2024-09-23,439,4,Site,Cartão de Crédito,Concluída
2405,2023-01-02,59,13,Site,PIX,Concluída
2406,2024-08-13,95,19,Loja Física,PIX,Concluída
2407,2023-02-11,119,8,Site,PIX,Concluída
2408,2023-05-17,495,7,Loja Física,Cartão de Crédito,Concluída
2409,2023-08-04,368,4,Marketplace,Cartão de Crédito,Concluída
2410,2023-07-31,229,5,Loja Física,PIX,Concluída
2411,2024-01-13,167,14,Site,PIX,Concluída
2412,2024-11-10,104,5,Loja Física,Cartão de Crédito,Concluída
2413,2024-11-09,125,16,Site,Cartão de Crédito,Concluída
2414,2023-01-04,222,15,Loja Física,Boleto,Concluída
2415,2024-04-14,269,10,Loja Física,Cartão de Crédito,Concluída
2416,2023-10-18,144,6,Site,Cartão de Crédito,Concluída
2417,2024-06-26,34,19,Site,Cartão de Crédito,Concluída
2418,2023-07-25,353,9,Marketplace,Cartão de Débito,Concluída
2419,2024-05-06,113,15,Marketplace,Cartão de Crédito,Concluída
2420,2024-05-12,197,8,Marketplace,PIX,Concluída
2421,2023-05-29,57,9,Site,PIX,Concluída
2422,2023-10-06,442,17,Site,PIX,Concluída
2423,2024-08-03,491,4,Loja Física,Cartão de Crédito,Concluída
2424,2024-11-15,477,18,Marketplace,PIX,Concluída
2425,2023-07-07,322,16,Marketplace,Cartão de Crédito,Cancelada
2426,2023-12-02,394,18,Site,Cartão de Crédito,Concluída
2427,2023-07-11,56,10,Site,Cartão de Crédito,Concluída
2428,2023-10-06,301,7,Site,PIX,Cancelada
2429,2024-08-01,289,12,Loja Física,Cartão de Crédito,Concluída
2430,2023-09-08,167,2,Marketplace,Cartão de Crédito,Concluída
2431,2024-06-29,171,16,Loja Física,Cartão de Débito,Concluída
2432,2023-03-20,53,19,Marketplace,Cartão de Crédito,Concluída
2433,2023-07-29,240,14,Site,PIX,Concluída
2434,2024-07-15,226,5,Loja Física,Cartão de Crédito,Concluída
2435,2023-02-07,132,1,Marketplace,Cartão de Crédito,Devolvida
2436,2024-10-20,302,15,Marketplace,Cartão de Crédito,Concluída
2437,2024-09-18,61,3,Marketplace,Boleto,Concluída
2438,2024-10-06,481,8,Loja Física,PIX,Concluída
2439,2024-11-04,388,1,Marketplace,Cartão de Crédito,Devolvida
2440,2024-02-26,455,11,Loja Física,PIX,Concluída
2441,2024-08-12,143,1,Site,Cartão de Crédito,Concluída
2442,2024-04-08,285,6,Loja Física,Cartão de Crédito,Concluída
2443,2023-01-22,342,9,Loja Física,Boleto,Concluída
2444,2023-02-16,376,6,Loja Física,Cartão de Crédito,Concluída
2445,2024-04-16,32,15,Loja Física,Cartão de Crédito,Concluída
2446,2023-07-29,188,10,Marketplace,Cartão de Crédito,Concluída
2447,2023-06-12,243,13,Loja Física,Cartão de Crédito,Concluída
2448,2024-12-01,432,14,Loja Física,Boleto,Concluída
2449,2023-06-07,213,4,Site,PIX,Concluída
2450,2024-12-31,267,18,Marketplace,PIX,Concluída
2451,2024-08-28,461,19,Marketplace,Cartão de Débito,Concluída
2452,2024-08-31,273,19,Loja Física,Cartão de Crédito,Concluída
2453,2024-03-31,143,11,Loja Física,Cartão de Crédito,Concluída
2454,2023-01-21,101,13,Loja Física,Boleto,Concluída
2455,2023-04-04,448,19,Loja Física,PIX,Concluída
2456,2023-08-24,378,18,Marketplace,Cartão de Crédito,Concluída
2457,2024-10-27,298,5,Loja Física,Cartão de Crédito,Concluída
2458,2023-05-10,124,2,Site,PIX,Concluída
2459,2023-09-05,276,18,Loja Física,PIX,Concluída
2460,2023-09-25,171,18,Loja Física,Cartão de Crédito,Concluída
2461,2023-07-30,72,8,Site,Cartão de Crédito,Concluída
2462,2024-03-28,37,14,Site,PIX,Concluída
2463,2023-11-26,236,6,Site,Cartão de Débito,Concluída
2464,2023-02-03,392,1,Site,Boleto,Concluída
2465,2023-02-01,43,11,Loja Física,PIX,Concluída
2466,2023-03-25,43,7,Site,Boleto,Concluída
2467,2024-07-05,332,12,Loja Física,PIX,Cancelada
2468,2023-01-27,369,5,Marketplace,Cartão de Crédito,Concluída
2469,2024-05-31,331,10,Site,Cartão de Crédito,Concluída
2470,2023-06-01,308,19,Site,Cartão de Crédito,Concluída
2471,2023-03-20,78,6,Marketplace,Cartão de Crédito,Concluída
2472,2023-02-13,161,13,Site,PIX,Concluída
2473,2023-02-15,307,2,Loja Física,Cartão de Crédito,Concluída
2474,2023-12-20,326,11,Loja Física,PIX,Concluída
2475,2023-06-03,208,13,Site,Cartão de Crédito,Concluída
2476,2023-10-03,262,8,Marketplace,Cartão de Crédito,Concluída
2477,2023-11-14,421,6,Site,Cartão de Crédito,Concluída
2478,2023-02-10,321,16,Loja Física,Cartão de Crédito,Concluída
2479,2024-09-20,286,15,Site,Boleto,Concluída
2480,2024-10-01,399,17,Loja Física,Cartão de Crédito,Concluída
2481,2023-02-18,476,4,Marketplace,Cartão de Crédito,Concluída
2482,2024-07-23,469,17,Site,Cartão de Crédito,Concluída
2483,2024-10-21,91,18,Marketplace,Cartão de Crédito,Concluída
2484,2024-06-12,100,13,Site,Cartão de Crédito,Concluída
2485,2024-02-14,138,8,Loja Física,Cartão de Crédito,Concluída
2486,2024-09-25,348,10,Site,PIX,Concluída
2487,2024-11-13,375,10,Site,Cartão de Crédito,Concluída
2488,2024-03-05,388,5,Site,PIX,Concluída
2489,2023-08-08,54,10,Marketplace,Cartão de Crédito,Concluída
2490,2023-02-11,421,13,Loja Física,Cartão de Débito,Concluída
2491,2023-12-30,485,12,Site,Cartão de Débito,Concluída
2492,2024-02-17,404,8,Site,Cartão de Crédito,Concluída
2493,2023-07-11,151,7,Marketplace,Cartão de Débito,Concluída
2494,2023-03-28,241,13,Loja Física,Boleto,Concluída
2495,2024-06-09,295,17,Site,Cartão de Débito,Concluída
2496,2023-04-22,189,8,Site,PIX,Concluída
2497,2023-10-10,170,5,Site,Boleto,Concluída
2498,2024-12-05,175,2,Loja Física,PIX,Devolvida
2499,2023-10-26,123,7,Marketplace,Cartão de Crédito,Concluída
2500,2023-12-30,100,17,Loja Física,Cartão de Crédito,Concluída
2501,2024-02-09,373,8,Marketplace,Boleto,Concluída
2502,2024-12-29,308,15,Site,PIX,Concluída
2503,2024-07-11,25,20,Marketplace,Cartão de Crédito,Concluída
2504,2024-11-26,102,16,Loja Física,Cartão de Crédito,Concluída
2505,2023-08-20,21,14,Marketplace,PIX,Cancelada
2506,2024-09-18,390,17,Site,Cartão de Débito,Devolvida
2507,2023-04-08,237,17,Marketplace,Boleto,Concluída
2508,2024-06-21,457,1,Loja Física,Cartão de Crédito,Concluída
2509,2023-01-31,301,4,Loja Física,Cartão de Crédito,Concluída
2510,2024-09-03,269,1,Loja Física,Cartão de Crédito,Concluída
2511,2024-12-20,255,9,Site,Boleto,Concluída
2512,2024-03-01,470,1,Marketplace,PIX,Concluída
2513,2024-09-16,406,12,Loja Física,Cartão de Crédito,Concluída
2514,2023-03-14,414,4,Marketplace,PIX,Concluída
2515,2023-04-22,277,10,Loja Física,Cartão de Crédito,Concluída
2516,2023-01-28,301,5,Site,Cartão de Crédito,Concluída
2517,2023-06-11,483,7,Site,PIX,Concluída
2518,2024-04-07,141,11,Loja Física,Cartão de Crédito,Concluída
2519,2023-02-07,357,10,Loja Física,PIX,Cancelada
2520,2023-02-13,425,12,Site,Boleto,Concluída
2521,2024-05-19,480,13,Site,Cartão de Débito,Concluída
2522,2024-06-15,356,4,Loja Física,Cartão de Crédito,Concluída
2523,2023-01-19,481,2,Marketplace,Cartão de Débito,Concluída
2524,2023-07-28,185,13,Site,PIX,Concluída
2525,2023-01-28,198,5,Site,Cartão de Crédito,Cancelada
2526,2023-08-06,52,6,Site,Cartão de Crédito,Concluída
2527,2023-02-23,419,14,Site,Cartão de Crédito,Concluída
2528,2024-05-12,321,16,Site,PIX,Concluída
2529,2024-09-28,108,17,Marketplace,Cartão de Crédito,Cancelada
2530,2023-04-29,124,10,Marketplace,Cartão de Crédito,Concluída
2531,2024-04-03,400,7,Loja Física,Cartão de Crédito,Concluída
2532,2024-07-17,378,17,Loja Física,Cartão de Crédito,Concluída
2533,2024-01-19,315,4,Loja Física,PIX,Concluída
2534,2024-12-11,10,20,Marketplace,PIX,Devolvida
2535,2024-08-17,363,3,Marketplace,Cartão de Crédito,Concluída
2536,2023-01-17,366,15,Marketplace,PIX,Concluída
2537,2024-09-04,362,19,Site,PIX,Concluída
2538,2024-08-09,414,13,Marketplace,PIX,Concluída
2539,2024-10-19,310,20,Site,PIX,Concluída
2540,2024-04-12,46,17,Loja Física,PIX,Concluída
2541,2024-01-29,327,19,Loja Física,Cartão de Crédito,Concluída
2542,2023-01-22,396,17,Marketplace,PIX,Concluída
2543,2023-07-19,489,6,Marketplace,Cartão de Crédito,Concluída
2544,2023-08-17,151,5,Site,Cartão de Crédito,Concluída
2545,2023-02-26,209,20,Site,Cartão de Débito,Concluída
2546,2024-02-12,328,4,Site,Cartão de Crédito,Concluída
2547,2024-10-19,227,6,Site,Cartão de Crédito,Cancelada
2548,2023-08-22,267,20,Loja Física,PIX,Concluída
2549,2024-01-06,333,8,Marketplace,PIX,Concluída
2550,2024-07-28,388,1,Marketplace,Cartão de Débito,Concluída
2551,2023-12-19,492,14,Marketplace,Cartão de Crédito,Concluída
2552,2024-12-12,290,20,Site,Cartão de Crédito,Concluída
2553,2023-05-31,208,19,Site,PIX,Concluída
2554,2024-11-07,137,3,Site,Cartão de Crédito,Concluída
2555,2024-02-21,323,3,Marketplace,Cartão de Crédito,Concluída
2556,2024-03-12,51,5,Site,Boleto,Concluída
2557,2023-12-11,473,4,Loja Física,Cartão de Crédito,Concluída
2558,2024-07-08,77,8,Site,Boleto,Concluída
2559,2023-10-06,321,2,Marketplace,Boleto,Concluída
2560,2023-08-18,1,1,Site,PIX,Concluída
2561,2024-02-03,33,2,Loja Física,Cartão de Débito,Concluída
2562,2023-07-26,39,3,Site,Boleto,Concluída
2563,2023-01-27,25,3,Site,Cartão de Crédito,Concluída
2564,2023-03-24,151,20,Loja Física,PIX,Concluída
2565,2024-02-22,397,6,Marketplace,PIX,Concluída
2566,2024-03-29,329,14,Site,Cartão de Crédito,Concluída
2567,2024-10-14,144,9,Loja Física,Cartão de Crédito,Concluída
2568,2023-10-16,201,6,Loja Física,Cartão de Débito,Concluída
2569,2024-02-17,391,14,Site,PIX,Concluída
2570,2024-07-22,409,3,Site,Cartão de Crédito,Concluída
2571,2024-04-30,473,13,Marketplace,Cartão de Débito,Concluída
2572,2024-09-08,35,9,Loja Física,Cartão de Débito,Concluída
2573,2023-09-27,35,7,Loja Física,Cartão de Crédito,Concluída
2574,2023-05-16,489,11,Site,Cartão de Débito,Concluída
2575,2024-02-15,56,15,Site,Cartão de Crédito,Concluída
2576,2023-06-18,348,4,Loja Física,Cartão de Crédito,Concluída
2577,2023-08-13,385,14,Loja Física,PIX,Concluída
2578,2023-05-16,240,16,Site,Cartão de Débito,Concluída
2579,2023-07-14,112,15,Loja Física,PIX,Concluída
2580,2023-09-28,304,2,Site,Cartão de Crédito,Concluída
2581,2023-02-18,73,13,Loja Física,Cartão de Crédito,Concluída
2582,2024-03-17,142,10,Marketplace,Cartão de Crédito,Concluída
2583,2023-09-14,426,4,Site,PIX,Concluída
2584,2024-04-19,380,16,Site,Cartão de Crédito,Concluída
2585,2023-01-15,427,6,Site,Cartão de Débito,Concluída
2586,2024-08-26,275,6,Loja Física,Cartão de Crédito,Concluída
2587,2024-03-05,88,19,Site,PIX,Concluída
2588,2024-12-04,311,15,Loja Física,Cartão de Crédito,Concluída
2589,2024-07-06,125,4,Marketplace,Cartão de Crédito,Concluída
2590,2023-11-23,210,1,Loja Física,PIX,Concluída
2591,2023-01-24,253,19,Site,PIX,Concluída
2592,2023-05-02,233,16,Site,Cartão de Crédito,Concluída
2593,2023-08-30,461,13,Site,Boleto,Concluída
2594,2023-01-16,187,1,Site,Cartão de Crédito,Concluída
2595,2023-06-25,93,8,Site,Cartão de Crédito,Concluída
2596,2024-02-07,348,12,Loja Física,Cartão de Crédito,Devolvida
2597,2023-04-18,352,9,Site,Cartão de Crédito,Concluída
2598,2024-10-28,395,6,Loja Física,PIX,Concluída
2599,2024-02-12,497,15,Site,Cartão de Débito,Concluída
2600,2024-07-01,396,9,Loja Física,PIX,Concluída
2601,2024-07-13,445,1,Marketplace,Cartão de Crédito,Concluída
2602,2023-12-05,409,2,Marketplace,PIX,Concluída
2603,2024-07-09,222,20,Site,Cartão de Crédito,Cancelada
2604,2024-10-25,67,10,Marketplace,Cartão de Crédito,Concluída
2605,2024-06-08,284,3,Site,Cartão de Crédito,Concluída
2606,2024-07-12,260,15,Marketplace,Boleto,Concluída
2607,2024-11-01,226,3,Site,Cartão de Crédito,Concluída
2608,2024-02-16,230,13,Site,PIX,Cancelada
2609,2023-07-11,14,20,Site,Cartão de Crédito,Concluída
2610,2024-09-20,33,15,Site,PIX,Concluída
2611,2023-06-03,439,20,Site,Cartão de Crédito,Concluída
2612,2023-06-07,429,5,Loja Física,PIX,Concluída
2613,2023-02-09,405,18,Loja Física,PIX,Concluída
2614,2023-07-10,350,8,Site,PIX,Concluída
2615,2024-11-10,459,12,Site,Cartão de Crédito,Concluída
2616,2023-12-06,352,15,Site,Cartão de Crédito,Concluída
2617,2023-10-14,461,18,Loja Física,PIX,Concluída
2618,2023-10-02,129,6,Marketplace,Cartão de Crédito,Concluída
2619,2023-07-20,72,12,Marketplace,PIX,Concluída
2620,2023-09-10,325,5,Site,PIX,Concluída
2621,2024-02-05,426,8,Marketplace,Cartão de Crédito,Cancelada
2622,2024-08-09,479,4,Loja Física,Cartão de Crédito,Concluída
2623,2024-11-27,469,11,Loja Física,Boleto,Concluída
2624,2024-05-09,92,11,Site,Cartão de Débito,Concluída
2625,2024-08-26,114,8,Loja Física,PIX,Concluída
2626,2023-04-15,115,17,Loja Física,PIX,Concluída
2627,2023-01-27,488,16,Site,Cartão de Débito,Cancelada
2628,2024-07-26,167,1,Site,Boleto,Concluída
2629,2023-10-22,423,9,Loja Física,Cartão de Crédito,Concluída
2630,2023-05-03,450,17,Marketplace,Cartão de Crédito,Concluída
2631,2024-05-07,307,16,Loja Física,Cartão de Crédito,Concluída
2632,2023-12-08,298,8,Loja Física,Cartão de Crédito,Concluída
2633,2023-08-04,202,10,Loja Física,Cartão de Crédito,Concluída
2634,2023-12-02,104,4,Loja Física,Cartão de Crédito,Concluída
2635,2023-08-08,419,14,Site,Boleto,Concluída
2636,2023-09-01,409,14,Site,Cartão de Crédito,Concluída
2637,2024-09-27,137,5,Site,PIX,Concluída
2638,2023-03-31,19,12,Loja Física,Cartão de Crédito,Concluída
2639,2023-05-05,357,19,Site,PIX,Concluída
2640,2023-05-15,388,16,Loja Física,Cartão de Crédito,Concluída
2641,2024-06-10,270,18,Marketplace,Cartão de Crédito,Concluída
2642,2023-05-21,479,11,Site,Cartão de Débito,Concluída
2643,2024-03-02,30,11,Marketplace,PIX,Concluída
2644,2024-04-05,276,15,Loja Física,Cartão de Débito,Concluída
2645,2024-12-24,173,17,Loja Física,PIX,Concluída
2646,2024-07-08,324,11,Site,Cartão de Crédito,Concluída
2647,2023-11-21,404,20,Loja Física,PIX,Concluída
2648,2024-09-21,467,4,Marketplace,Boleto,Concluída
2649,2023-12-07,14,5,Marketplace,Cartão de Crédito,Concluída
2650,2023-06-09,411,10,Site,Cartão de Crédito,Concluída
2651,2023-08-26,38,8,Loja Física,Cartão de Débito,Concluída
2652,2023-04-29,410,11,Marketplace,Cartão de Crédito,Concluída
2653,2023-12-15,247,2,Site,PIX,Concluída
2654,2023-07-06,350,4,Loja Física,Cartão de Crédito,Concluída
2655,2024-09-23,197,13,Site,Cartão de Débito,Concluída
2656,2024-05-26,494,8,Site,Cartão de Débito,Concluída
2657,2023-10-27,330,14,Loja Física,Cartão de Crédito,Concluída
2658,2024-06-11,379,6,Marketplace,Cartão de Crédito,Cancelada
2659,2023-03-13,270,7,Marketplace,Cartão de Crédito,Concluída
2660,2023-04-19,378,5,Loja Física,Cartão de Crédito,Concluída
2661,2023-05-27,450,1,Site,PIX,Concluída
2662,2023-01-09,454,3,Site,Cartão de Crédito,Concluída
2663,2023-07-28,368,18,Site,Cartão de Crédito,Concluída
2664,2024-04-27,207,17,Site,PIX,Concluída
2665,2023-07-05,461,12,Site,Cartão de Crédito,Concluída
2666,2024-01-07,288,9,Site,Cartão de Crédito,Concluída
2667,2023-02-03,167,5,Site,PIX,Concluída
2668,2024-11-16,380,15,Site,PIX,Concluída
2669,2023-04-15,201,2,Site,Cartão de Crédito,Concluída
2670,2023-05-04,331,16,Loja Física,Cartão de Crédito,Concluída
2671,2024-03-29,404,7,Marketplace,PIX,Cancelada
2672,2023-01-30,167,6,Loja Física,PIX,Concluída
2673,2024-09-21,110,14,Marketplace,Cartão de Débito,Concluída
2674,2023-12-01,337,19,Loja Física,Cartão de Crédito,Concluída
2675,2023-05-28,122,6,Loja Física,Cartão de Crédito,Cancelada
2676,2024-08-14,439,18,Loja Física,PIX,Concluída
2677,2024-03-03,63,16,Site,Cartão de Crédito,Concluída
2678,2024-05-19,113,6,Marketplace,Cartão de Crédito,Cancelada
2679,2024-08-07,171,9,Marketplace,PIX,Cancelada
2680,2024-05-25,313,4,Loja Física,Cartão de Crédito,Concluída
2681,2024-08-19,225,1,Loja Física,Cartão de Crédito,Concluída
2682,2023-02-26,170,8,Site,PIX,Concluída
2683,2024-05-24,369,4,Loja Física,PIX,Concluída
2684,2023-05-22,297,18,Marketplace,PIX,Concluída
2685,2023-01-29,416,4,Loja Física,Cartão de Crédito,Concluída
2686,2023-02-25,281,7,Loja Física,Cartão de Débito,Concluída
2687,2024-07-21,251,20,Marketplace,PIX,Concluída
2688,2024-05-30,260,19,Site,PIX,Concluída
2689,2024-12-22,450,12,Site,Cartão de Crédito,Concluída
2690,2024-07-01,202,2,Site,Cartão de Débito,Concluída
2691,2023-02-11,104,1,Loja Física,Cartão de Crédito,Concluída
2692,2024-10-22,42,19,Marketplace,PIX,Concluída
2693,2023-03-10,178,6,Marketplace,Cartão de Débito,Concluída
2694,2023-04-06,12,5,Site,Cartão de Crédito,Concluída
2695,2024-08-23,384,12,Site,Cartão de Crédito,Concluída
2696,2023-10-11,335,17,Loja Física,PIX,Concluída
2697,2023-01-06,296,14,Marketplace,Cartão de Crédito,Concluída
2698,2024-05-26,48,20,Marketplace,Cartão de Crédito,Concluída
2699,2023-06-04,375,5,Loja Física,Cartão de Crédito,Concluída
2700,2024-12-18,492,15,Site,Boleto,Concluída
2701,2023-04-28,311,3,Loja Física,Cartão de Crédito,Concluída
2702,2023-07-05,22,4,Site,Cartão de Crédito,Concluída
2703,2023-12-18,339,17,Site,Cartão de Débito,Concluída
2704,2024-09-29,383,7,Loja Física,PIX,Concluída
2705,2023-12-12,107,18,Loja Física,Cartão de Crédito,Concluída
2706,2024-11-12,416,10,Site,Cartão de Crédito,Concluída
2707,2023-10-16,91,4,Loja Física,Cartão de Crédito,Concluída
2708,2024-02-09,321,17,Loja Física,Cartão de Crédito,Concluída
2709,2024-11-11,168,5,Loja Física,Cartão de Crédito,Concluída
2710,2024-08-28,100,12,Marketplace,Cartão de Crédito,Concluída
2711,2023-03-09,415,1,Marketplace,Cartão de Crédito,Concluída
2712,2024-09-02,177,5,Site,PIX,Concluída
2713,2023-04-10,118,15,Loja Física,Cartão de Crédito,Concluída
2714,2024-01-03,282,11,Site,Cartão de Crédito,Concluída
2715,2023-05-14,109,1,Loja Física,Cartão de Crédito,Concluída
2716,2023-06-09,14,5,Marketplace,Cartão de Débito,Concluída
2717,2024-01-06,315,6,Site,PIX,Concluída
2718,2023-06-20,307,20,Loja Física,PIX,Cancelada
2719,2024-03-17,219,19,Loja Física,Cartão de Crédito,Concluída
2720,2023-10-16,272,4,Loja Física,Cartão de Crédito,Concluída
2721,2024-12-01,324,1,Loja Física,PIX,Concluída
2722,2023-09-13,31,4,Loja Física,Cartão de Crédito,Concluída
2723,2024-05-23,289,15,Site,Cartão de Débito,Concluída
2724,2023-03-08,190,15,Site,Boleto,Concluída
2725,2023-10-19,218,6,Marketplace,Cartão de Crédito,Concluída
2726,2023-05-21,429,9,Site,Cartão de Crédito,Concluída
2727,2023-03-02,394,4,Site,PIX,Concluída
2728,2023-01-28,413,14,Site,Cartão de Crédito,Concluída
2729,2023-04-03,251,6,Site,Cartão de Crédito,Concluída
2730,2023-04-10,416,12,Site,Cartão de Crédito,Concluída
2731,2023-04-21,499,11,Site,Cartão de Crédito,Concluída
2732,2023-02-13,210,15,Loja Física,Cartão de Crédito,Concluída
2733,2023-12-07,41,2,Marketplace,Cartão de Crédito,Cancelada
2734,2023-10-10,252,10,Loja Física,Cartão de Crédito,Concluída
2735,2023-07-21,13,1,Site,Cartão de Crédito,Concluída
2736,2024-06-24,347,12,Site,PIX,Concluída
2737,2024-05-23,16,7,Loja Física,Cartão de Crédito,Concluída
2738,2024-11-18,412,7,Site,Cartão de Crédito,Concluída
2739,2024-03-26,473,9,Marketplace,Cartão de Débito,Concluída
2740,2023-06-02,41,12,Site,PIX,Concluída
2741,2024-12-17,438,16,Loja Física,Cartão de Crédito,Concluída
2742,2024-02-29,218,4,Loja Física,Cartão de Crédito,Concluída
2743,2023-03-11,408,4,Loja Física,PIX,Concluída
2744,2023-05-08,468,9,Loja Física,PIX,Concluída
2745,2023-08-30,279,18,Loja Física,PIX,Concluída
2746,2024-12-25,324,9,Site,Cartão de Crédito,Concluída
2747,2024-12-25,34,11,Site,Cartão de Crédito,Concluída
2748,2024-05-28,20,19,Loja Física,Boleto,Concluída
2749,2024-02-09,402,20,Site,Cartão de Crédito,Concluída
2750,2023-03-08,102,15,Site,PIX,Concluída
2751,2024-01-27,309,18,Site,Cartão de Crédito,Concluída
2752,2023-04-12,77,7,Site,Cartão de Débito,Concluída
2753,2024-08-07,137,8,Loja Física,Cartão de Crédito,Concluída
2754,2023-07-07,108,17,Site,PIX,Concluída
2755,2023-04-27,313,15,Marketplace,Cartão de Crédito,Concluída
2756,2023-09-28,85,14,Marketplace,Cartão de Débito,Concluída
2757,2023-08-08,240,2,Site,Boleto,Concluída
2758,2023-06-25,55,3,Site,Boleto,Concluída
2759,2024-11-06,15,9,Loja Física,Cartão de Débito,Concluída
2760,2023-03-27,121,12,Site,Boleto,Concluída
2761,2024-09-01,259,19,Site,Cartão de Crédito,Concluída
2762,2024-03-31,493,1,Site,PIX,Concluída
2763,2023-10-24,476,17,Loja Física,Boleto,Concluída
2764,2024-07-13,476,13,Marketplace,Cartão de Crédito,Concluída
2765,2023-05-04,232,12,Site,PIX,Concluída
2766,2024-03-26,498,17,Site,Cartão de Débito,Concluída
2767,2023-03-05,416,1,Loja Física,Cartão de Crédito,Concluída
2768,2024-04-29,342,3,Marketplace,Cartão de Crédito,Concluída
2769,2024-07-30,44,10,Site,Cartão de Crédito,Concluída
2770,2023-03-28,479,6,Site,Cartão de Crédito,Concluída
2771,2023-10-04,406,6,Site,Cartão de Crédito,Concluída
2772,2023-06-04,238,13,Site,Cartão de Débito,Concluída
2773,2024-05-03,341,2,Loja Física,PIX,Concluída
2774,2023-05-01,133,3,Site,Cartão de Crédito,Concluída
2775,2023-02-15,254,18,Site,Cartão de Crédito,Concluída
2776,2024-12-08,284,18,Loja Física,PIX,Concluída
2777,2024-04-16,298,13,Loja Física,PIX,Concluída
2778,2024-03-07,360,10,Marketplace,Cartão de Crédito,Concluída
2779,2023-09-29,480,20,Site,Cartão de Crédito,Concluída
2780,2023-06-05,34,15,Loja Física,PIX,Concluída
2781,2023-05-26,82,12,Site,Cartão de Crédito,Concluída
2782,2023-10-09,278,18,Loja Física,PIX,Concluída
2783,2023-08-16,137,18,Site,PIX,Concluída
2784,2023-02-12,451,14,Loja Física,Cartão de Crédito,Concluída
2785,2024-06-23,228,20,Site,Cartão de Crédito,Concluída
2786,2023-03-06,46,10,Loja Física,Cartão de Débito,Concluída
2787,2023-09-12,184,20,Site,Cartão de Crédito,Concluída
2788,2023-07-29,366,14,Loja Física,Cartão de Crédito,Concluída
2789,2023-01-01,175,6,Marketplace,Cartão de Crédito,Concluída
2790,2024-07-23,262,4,Site,Boleto,Concluída
2791,2023-06-19,185,9,Site,Cartão de Crédito,Concluída
2792,2024-09-23,50,14,Loja Física,Cartão de Crédito,Concluída
2793,2023-10-24,141,1,Site,Cartão de Crédito,Concluída
2794,2024-04-26,387,16,Marketplace,Cartão de Débito,Concluída
2795,2024-06-12,65,9,Site,PIX,Concluída
2796,2023-02-12,280,18,Marketplace,PIX,Concluída
2797,2024-04-17,427,18,Loja Física,Cartão de Crédito,Concluída
2798,2024-02-28,265,4,Site,Boleto,Concluída
2799,2024-02-08,321,13,Marketplace,PIX,Concluída
2800,2024-07-05,317,8,Site,PIX,Concluída
2801,2024-07-16,226,10,Marketplace,Cartão de Crédito,Concluída
2802,2023-04-03,168,11,Site,Cartão de Débito,Concluída
2803,2023-02-20,57,4,Site,PIX,Concluída
2804,2023-03-01,433,16,Marketplace,Cartão de Crédito,Concluída
2805,2024-12-12,23,12,Loja Física,Cartão de Crédito,Concluída
2806,2023-03-05,117,20,Site,Boleto,Concluída
2807,2023-08-01,216,11,Loja Física,Cartão de Débito,Concluída
2808,2023-04-13,264,19,Loja Física,Cartão de Crédito,Concluída
2809,2024-05-12,4,2,Loja Física,PIX,Concluída
2810,2023-05-20,153,17,Marketplace,Cartão de Crédito,Concluída
2811,2024-01-21,193,9,Site,PIX,Concluída
2812,2024-03-21,221,16,Site,Cartão de Crédito,Concluída
2813,2023-06-15,8,10,Loja Física,Cartão de Débito,Concluída
2814,2024-03-29,175,18,Marketplace,PIX,Concluída
2815,2023-11-12,394,11,Marketplace,Cartão de Crédito,Concluída
2816,2024-09-15,15,14,Loja Física,Cartão de Débito,Concluída
2817,2024-02-19,449,13,Site,Cartão de Débito,Concluída
2818,2024-03-04,173,10,Loja Física,Cartão de Crédito,Concluída
2819,2024-09-14,178,8,Marketplace,Cartão de Crédito,Concluída
2820,2024-03-11,83,6,Loja Física,Cartão de Crédito,Concluída
2821,2024-04-07,220,16,Site,Cartão de Crédito,Concluída
2822,2023-11-20,314,3,Site,Cartão de Crédito,Concluída
2823,2024-12-27,52,3,Site,Cartão de Débito,Concluída
2824,2023-09-15,274,17,Site,Cartão de Débito,Concluída
2825,2024-07-03,8,4,Site,PIX,Concluída
2826,2024-12-29,254,18,Loja Física,Cartão de Débito,Concluída
2827,2024-09-01,452,12,Site,Boleto,Concluída
2828,2023-10-07,229,5,Marketplace,Cartão de Crédito,Concluída
2829,2023-06-18,327,14,Loja Física,PIX,Concluída
2830,2023-02-24,105,17,Loja Física,PIX,Concluída
2831,2023-12-17,117,14,Loja Física,PIX,Concluída
2832,2024-06-29,25,15,Site,Cartão de Débito,Concluída
2833,2024-01-13,136,17,Loja Física,Cartão de Crédito,Concluída
2834,2024-12-12,385,8,Site,Cartão de Débito,Concluída
2835,2023-10-02,25,2,Site,Cartão de Crédito,Concluída
2836,2024-01-12,147,15,Loja Física,Cartão de Crédito,Concluída
2837,2023-03-20,58,5,Marketplace,Cartão de Crédito,Concluída
2838,2024-04-03,147,18,Site,PIX,Cancelada
2839,2024-11-29,482,20,Site,Cartão de Débito,Concluída
2840,2024-02-12,392,7,Loja Física,Cartão de Crédito,Concluída
2841,2023-06-20,251,6,Loja Física,Cartão de Débito,Concluída
2842,2024-01-24,351,6,Marketplace,Cartão de Débito,Concluída
2843,2023-01-13,336,18,Loja Física,Boleto,Concluída
2844,2024-02-01,493,8,Marketplace,Cartão de Crédito,Concluída
2845,2023-07-19,17,13,Site,Boleto,Concluída
2846,2024-07-12,258,5,Loja Física,Cartão de Débito,Concluída
2847,2023-08-24,452,10,Loja Física,Cartão de Débito,Concluída
2848,2024-10-11,380,4,Site,PIX,Concluída
2849,2024-04-30,259,10,Site,Cartão de Crédito,Concluída
2850,2023-06-26,143,9,Loja Física,PIX,Concluída
2851,2023-09-26,219,2,Marketplace,Cartão de Crédito,Concluída
2852,2024-01-06,353,3,Site,PIX,Concluída
2853,2024-07-19,55,1,Site,PIX,Concluída
2854,2024-11-16,165,8,Site,Cartão de Crédito,Concluída
2855,2024-05-29,263,9,Marketplace,PIX,Concluída
2856,2024-08-04,297,14,Marketplace,PIX,Concluída
2857,2024-12-08,307,2,Loja Física,Cartão de Débito,Concluída
2858,2024-12-20,69,16,Loja Física,Boleto,Concluída
2859,2023-09-17,193,8,Loja Física,Cartão de Crédito,Concluída
2860,2024-09-04,277,13,Site,Cartão de Crédito,Concluída
2861,2023-07-28,426,18,Site,PIX,Concluída
2862,2023-08-30,122,19,Site,Cartão de Crédito,Concluída
2863,2024-10-23,338,18,Site,Cartão de Crédito,Concluída
2864,2024-08-03,108,6,Site,PIX,Concluída
2865,2024-08-14,286,7,Loja Física,Cartão de Crédito,Concluída
2866,2023-01-16,95,8,Loja Física,Cartão de Crédito,Concluída
2867,2024-06-18,198,15,Site,Cartão de Crédito,Concluída
2868,2024-06-04,431,20,Site,PIX,Concluída
2869,2024-05-07,367,13,Loja Física,PIX,Concluída
2870,2023-07-13,191,13,Site,Cartão de Crédito,Concluída
2871,2023-08-29,460,18,Loja Física,Cartão de Crédito,Concluída
2872,2023-03-29,302,17,Site,Boleto,Concluída
2873,2024-07-17,329,5,Loja Física,Cartão de Crédito,Concluída
2874,2024-08-25,162,4,Loja Física,Cartão de Crédito,Concluída
2875,2023-01-18,235,13,Marketplace,Cartão de Crédito,Concluída
2876,2023-10-13,484,11,Marketplace,PIX,Concluída
2877,2023-03-18,170,1,Marketplace,Cartão de Crédito,Concluída
2878,2024-11-15,200,14,Loja Física,Cartão de Crédito,Concluída
2879,2024-02-07,470,12,Loja Física,Cartão de Crédito,Concluída
2880,2023-08-19,145,1,Marketplace,PIX,Concluída
2881,2024-09-20,419,19,Loja Física,PIX,Concluída
2882,2024-09-21,8,12,Site,Boleto,Concluída
2883,2024-07-15,104,10,Site,Cartão de Crédito,Concluída
2884,2024-08-01,319,13,Loja Física,PIX,Concluída
2885,2024-06-24,120,18,Site,PIX,Concluída
2886,2024-08-02,61,16,Site,PIX,Concluída
2887,2024-09-21,38,12,Loja Física,Boleto,Concluída
2888,2024-01-07,233,3,Site,Cartão de Débito,Concluída
2889,2024-08-31,122,5,Loja Física,Cartão de Crédito,Concluída
2890,2024-12-19,392,12,Site,Cartão de Débito,Concluída
2891,2024-07-26,426,6,Site,Cartão de Crédito,Concluída
2892,2023-01-06,390,19,Site,Cartão de Crédito,Concluída
2893,2024-04-17,185,11,Site,Cartão de Débito,Concluída
2894,2024-05-13,234,10,Site,PIX,Concluída
2895,2023-10-31,198,20,Loja Física,Cartão de Crédito,Concluída
2896,2024-10-22,283,5,Loja Física,PIX,Concluída
2897,2023-05-22,224,9,Loja Física,Cartão de Crédito,Cancelada
2898,2023-12-09,263,19,Loja Física,Cartão de Crédito,Concluída
2899,2023-09-28,370,12,Loja Física,Cartão de Crédito,Concluída
2900,2023-12-21,349,10,Site,Boleto,Concluída
2901,2024-03-21,400,17,Loja Física,Boleto,Concluída
2902,2024-01-11,255,1,Site,Cartão de Crédito,Concluída
2903,2023-03-06,324,13,Loja Física,PIX,Concluída
2904,2023-10-09,487,2,Site,Cartão de Crédito,Concluída
2905,2024-04-26,91,17,Loja Física,PIX,Concluída
2906,2023-10-14,3,2,Loja Física,PIX,Cancelada
2907,2024-06-13,94,6,Site,PIX,Concluída
2908,2023-05-20,215,3,Site,Cartão de Débito,Concluída
2909,2024-01-18,4,16,Loja Física,Boleto,Cancelada
2910,2024-10-18,358,2,Loja Física,PIX,Cancelada
2911,2024-09-17,92,15,Marketplace,Cartão de Crédito,Concluída
2912,2023-03-30,162,6,Site,PIX,Concluída
2913,2024-01-07,117,15,Loja Física,PIX,Concluída
2914,2023-02-03,237,3,Marketplace,PIX,Concluída
2915,2023-01-05,490,16,Loja Física,PIX,Devolvida
2916,2023-03-30,450,17,Site,Cartão de Crédito,Concluída
2917,2024-12-16,151,8,Marketplace,Cartão de Crédito,Concluída
2918,2024-04-24,212,19,Site,Cartão de Crédito,Concluída
2919,2023-12-19,68,20,Loja Física,Cartão de Débito,Concluída
2920,2024-02-28,429,3,Marketplace,Boleto,Concluída
2921,2023-05-25,243,7,Marketplace,Boleto,Concluída
2922,2023-03-14,19,9,Loja Física,Cartão de Crédito,Concluída
2923,2024-11-10,313,13,Loja Física,Cartão de Crédito,Concluída
2924,2023-10-31,110,12,Site,PIX,Concluída
2925,2023-09-05,173,5,Site,Cartão de Crédito,Concluída
2926,2024-07-12,223,2,Site,Cartão de Crédito,Concluída
2927,2023-08-13,368,9,Marketplace,Cartão de Débito,Concluída
2928,2024-07-14,156,6,Loja Física,Cartão de Crédito,Concluída
2929,2024-10-07,497,10,Site,Cartão de Crédito,Concluída
2930,2023-12-09,28,15,Marketplace,Cartão de Débito,Concluída
2931,2024-02-07,185,15,Site,Cartão de Crédito,Concluída
2932,2024-02-11,82,7,Site,PIX,Concluída
2933,2023-02-04,277,11,Marketplace,Cartão de Crédito,Concluída
2934,2024-10-06,359,10,Site,PIX,Concluída
2935,2023-08-28,52,3,Marketplace,Cartão de Crédito,Concluída
2936,2024-02-02,49,20,Marketplace,Cartão de Crédito,Concluída
2937,2023-10-30,361,15,Site,Cartão de Crédito,Concluída
2938,2023-06-22,325,1,Site,PIX,Concluída
2939,2023-11-19,419,9,Site,Cartão de Crédito,Concluída
2940,2023-01-01,458,3,Site,Cartão de Crédito,Concluída
2941,2024-08-02,183,2,Loja Física,Cartão de Débito,Concluída
2942,2024-12-17,471,2,Loja Física,Cartão de Crédito,Concluída
2943,2023-07-07,465,12,Marketplace,PIX,Concluída
2944,2023-09-23,226,20,Loja Física,Cartão de Crédito,Concluída
2945,2024-05-19,52,15,Site,Boleto,Concluída
2946,2024-07-17,26,12,Site,PIX,Concluída
2947,2023-01-29,468,8,Site,Boleto,Concluída
2948,2024-02-07,148,20,Loja Física,Cartão de Crédito,Concluída
2949,2023-07-28,354,19,Loja Física,Cartão de Crédito,Concluída
2950,2023-02-02,450,7,Site,PIX,Concluída
2951,2023-10-19,33,3,Site,PIX,Concluída
2952,2023-08-15,335,11,Marketplace,PIX,Concluída
2953,2024-07-12,184,12,Site,Cartão de Crédito,Concluída
2954,2024-08-03,175,5,Loja Física,Cartão de Crédito,Concluída
2955,2024-02-22,494,16,Site,PIX,Concluída
2956,2024-02-12,293,14,Marketplace,Cartão de Débito,Concluída
2957,2023-03-17,280,13,Site,Cartão de Crédito,Concluída
2958,2024-12-13,459,8,Marketplace,PIX,Concluída
2959,2023-05-09,367,7,Site,PIX,Concluída
2960,2024-08-17,358,12,Marketplace,Cartão de Crédito,Concluída
2961,2024-04-14,194,6,Loja Física,Cartão de Crédito,Concluída
2962,2023-12-23,425,1,Loja Física,Cartão de Crédito,Concluída
2963,2023-09-19,67,13,Loja Física,Cartão de Crédito,Concluída
2964,2023-07-08,299,2,Site,PIX,Concluída
2965,2023-06-03,113,8,Loja Física,Cartão de Débito,Concluída
2966,2023-02-02,293,2,Site,Cartão de Débito,Concluída
2967,2023-02-17,183,8,Loja Física,Boleto,Concluída
2968,2024-02-28,262,9,Loja Física,Cartão de Crédito,Concluída
2969,2023-04-01,197,13,Site,Boleto,Concluída
2970,2023-01-07,145,11,Marketplace,Cartão de Débito,Concluída
2971,2024-07-30,285,18,Site,Cartão de Débito,Concluída
2972,2023-03-31,88,19,Site,Boleto,Concluída
2973,2024-02-09,24,8,Marketplace,Cartão de Crédito,Concluída
2974,2023-07-03,409,1,Marketplace,Cartão de Crédito,Concluída
2975,2024-06-17,96,3,Loja Física,Cartão de Débito,Concluída
2976,2024-12-12,306,5,Loja Física,Cartão de Crédito,Concluída
2977,2023-12-19,432,6,Loja Física,Boleto,Concluída
2978,2023-07-13,221,6,Loja Física,Boleto,Concluída
2979,2023-06-25,35,12,Marketplace,PIX,Concluída
2980,2024-08-09,466,16,Site,PIX,Concluída
2981,2024-03-20,55,4,Site,Cartão de Crédito,Concluída
2982,2024-07-17,282,3,Site,Cartão de Débito,Concluída
2983,2024-04-19,354,16,Loja Física,PIX,Concluída
2984,2024-06-13,23,2,Site,Boleto,Concluída
2985,2024-05-05,274,20,Marketplace,Cartão de Crédito,Cancelada
2986,2024-09-15,483,5,Site,PIX,Concluída
2987,2024-06-05,142,11,Marketplace,Cartão de Crédito,Concluída
2988,2023-04-09,264,5,Loja Física,Boleto,Concluída
2989,2023-02-25,91,18,Loja Física,Cartão de Crédito,Concluída
2990,2023-08-23,70,5,Loja Física,Cartão de Crédito,Concluída
2991,2023-10-13,336,7,Site,Cartão de Débito,Concluída
2992,2023-04-23,34,14,Marketplace,Cartão de Débito,Concluída
2993,2024-12-28,101,1,Site,PIX,Concluída
2994,2023-05-11,19,7,Marketplace,Cartão de Crédito,Concluída
2995,2023-06-02,113,5,Loja Física,Cartão de Crédito,Concluída
2996,2023-05-11,357,4,Loja Física,PIX,Concluída
2997,2023-05-14,258,3,Site,Cartão de Débito,Concluída
2998,2024-02-10,101,1,Site,Boleto,Concluída
2999,2024-09-01,119,15,Site,Cartão de Crédito,Concluída
3000,2023-04-09,313,18,Loja Física,Boleto,Concluída
